# 3ds Max Wavefront OBJ Exporter v0.97b - (c)2007 guruware
# File Created: 29.06.2022 13:51:10

mtllib BicycleStand4.mtl

#
# object BicacleStand4
#

v  25.9843 -5.8661 -5.7751
v  25.9843 -5.8661 -4.5940
v  25.9843 -4.6850 -5.7751
v  25.9843 -4.6850 -4.5940
v  -25.9842 -5.8661 -5.7751
v  -25.9842 -5.8661 -4.5940
v  -25.9842 -4.6850 -5.7751
v  -25.9842 -4.6850 -4.5940
v  25.9842 -5.8661 4.5957
v  25.9842 -5.8661 5.7768
v  25.9842 -4.6850 4.5957
v  25.9842 -4.6850 5.7768
v  -25.9843 -5.8661 4.5957
v  -25.9843 -5.8661 5.7768
v  -25.9843 -4.6850 4.5957
v  -25.9843 -4.6850 5.7768
v  25.6465 -5.8661 -4.5940
v  -25.6674 -5.8661 -4.5940
v  -25.6674 -5.8661 -5.7751
v  25.6465 -5.8661 -5.7751
v  25.6465 -4.6850 -4.5940
v  -25.6674 -4.6850 -4.5940
v  25.6465 -4.6850 -5.7751
v  -25.6674 -4.6850 -5.7751
v  25.6465 -5.8661 5.7768
v  -25.6674 -5.8661 5.7768
v  -25.6674 -5.8661 4.5957
v  25.6465 -5.8661 4.5957
v  25.6465 -4.6850 5.7768
v  -25.6674 -4.6850 5.7768
v  25.6465 -4.6850 4.5957
v  -25.6674 -4.6850 4.5957
v  -20.8807 5.8661 -0.0000
v  -21.0413 5.8378 -0.0000
v  -21.1662 5.7330 -0.0000
v  -21.2219 5.5798 -0.0000
v  -21.1936 5.4193 -0.0000
v  -21.0888 5.2944 -0.0000
v  -20.9356 5.2386 -0.0000
v  -20.7750 5.2669 -0.0000
v  -20.6502 5.3717 -0.0000
v  -20.5944 5.5249 -0.0000
v  -20.6227 5.6855 -0.0000
v  -20.7275 5.8104 -0.0000
v  -20.8842 5.8261 0.7163
v  -21.0447 5.7980 0.7116
v  -21.1696 5.6939 0.6987
v  -21.2253 5.5417 0.6810
v  -21.1969 5.3822 0.6634
v  -21.0920 5.2580 0.6505
v  -20.9388 5.2025 0.6458
v  -20.7782 5.2305 0.6505
v  -20.6534 5.3346 0.6634
v  -20.5977 5.4868 0.6810
v  -20.6261 5.6464 0.6987
v  -20.7310 5.7706 0.7116
v  -20.8947 5.7063 1.4236
v  -21.0552 5.6791 1.4142
v  -21.1798 5.5772 1.3886
v  -21.2352 5.4279 1.3535
v  -21.2066 5.2713 1.3185
v  -21.1015 5.1493 1.2928
v  -20.9482 5.0946 1.2834
v  -20.7877 5.1218 1.2928
v  -20.6631 5.2237 1.3185
v  -20.6077 5.3730 1.3535
v  -20.6363 5.5296 1.3886
v  -20.7414 5.6516 1.4142
v  -20.9120 5.5085 2.1130
v  -21.0723 5.4825 2.0991
v  -21.1967 5.3842 2.0610
v  -21.2517 5.2398 2.0090
v  -21.2226 5.0880 1.9570
v  -21.1172 4.9696 1.9189
v  -20.9638 4.9162 1.9050
v  -20.8035 4.9421 1.9189
v  -20.6791 5.0405 1.9570
v  -20.6241 5.1849 2.0090
v  -20.6532 5.3366 2.0610
v  -20.7586 5.4551 2.0991
v  -20.9359 5.2350 2.7758
v  -21.0961 5.2108 2.7575
v  -21.2200 5.1174 2.7075
v  -21.2744 4.9797 2.6392
v  -21.2447 4.8347 2.5708
v  -21.1390 4.7212 2.5208
v  -20.9854 4.6696 2.5025
v  -20.8252 4.6938 2.5208
v  -20.7013 4.7872 2.5708
v  -20.6469 4.9248 2.6392
v  -20.6766 5.0699 2.7075
v  -20.7824 5.1834 2.7575
v  -20.9662 4.8893 3.4037
v  -21.1262 4.8674 3.3813
v  -21.2495 4.7802 3.3200
v  -21.3032 4.6511 3.2362
v  -21.2728 4.5145 3.1524
v  -21.1664 4.4072 3.0911
v  -21.0127 4.3579 3.0686
v  -20.8527 4.3798 3.0911
v  -20.7293 4.4670 3.1524
v  -20.6756 4.5961 3.2362
v  -20.7061 4.7327 3.3200
v  -20.8124 4.8400 3.3813
v  -21.0024 4.4757 3.9889
v  -21.1621 4.4565 3.9626
v  -21.2848 4.3768 3.8907
v  -21.3376 4.2578 3.7925
v  -21.3063 4.1315 3.6943
v  -21.1993 4.0317 3.6224
v  -21.0453 3.9851 3.5961
v  -20.8855 4.0042 3.6224
v  -20.7628 4.0840 3.6943
v  -20.7101 4.2029 3.7925
v  -20.7414 4.3293 3.8907
v  -20.8483 4.4291 3.9626
v  -21.0440 3.9994 4.5238
v  -21.2035 3.9834 4.4940
v  -21.3255 3.9123 4.4125
v  -21.3772 3.8050 4.3011
v  -21.3449 3.6904 4.1897
v  -21.2371 3.5992 4.1082
v  -21.0828 3.5557 4.0784
v  -20.9234 3.5717 4.1082
v  -20.8014 3.6429 4.1897
v  -20.7497 3.7501 4.3011
v  -20.7820 3.8647 4.4125
v  -20.8897 3.9560 4.4940
v  -21.0906 3.4665 5.0019
v  -21.2498 3.4540 4.9689
v  -21.3709 3.3925 4.8788
v  -21.4215 3.2984 4.7556
v  -21.3880 3.1969 4.6325
v  -21.2795 3.1152 4.5424
v  -21.1249 3.0753 4.5094
v  -20.9657 3.0878 4.5424
v  -20.8446 3.1493 4.6325
v  -20.7940 3.2435 4.7556
v  -20.8275 3.3449 4.8788
v  -20.9361 3.4266 4.9689
v  -21.1416 2.8836 5.4170
v  -21.3005 2.8750 5.3813
v  -21.4207 2.8240 5.2837
v  -21.4700 2.7442 5.1504
v  -21.4353 2.6570 5.0170
v  -21.3258 2.5859 4.9194
v  -21.1708 2.5498 4.8837
v  -21.0120 2.5584 4.9194
v  -20.8918 2.6095 5.0170
v  -20.8425 2.6893 5.1504
v  -20.8772 2.7764 5.2837
v  -20.9867 2.8476 5.3813
v  -21.1964 2.2581 5.7641
v  -21.3548 2.2536 5.7261
v  -21.4740 2.2138 5.6222
v  -21.5220 2.1494 5.4803
v  -21.4860 2.0777 5.3384
v  -21.3755 2.0178 5.2346
v  -21.2202 1.9858 5.1965
v  -21.0617 1.9904 5.2346
v  -20.9425 2.0301 5.3384
v  -20.8945 2.0945 5.4803
v  -20.9306 2.1663 5.6222
v  -21.0411 2.2262 5.7261
v  -21.2541 1.5978 6.0386
v  -21.4122 1.5977 5.9988
v  -21.5304 1.5698 5.8900
v  -21.5770 1.5216 5.7413
v  -21.5395 1.4661 5.5927
v  -21.4279 1.4182 5.4839
v  -21.2723 1.3906 5.4441
v  -21.1142 1.3907 5.4839
v  -20.9960 1.4186 5.5927
v  -20.9494 1.4667 5.7413
v  -20.9869 1.5222 5.8900
v  -21.0985 1.5702 5.9988
v  -21.3142 0.9110 6.2372
v  -21.4719 0.9154 6.1961
v  -21.5890 0.8999 6.0837
v  -21.6341 0.8687 5.9302
v  -21.5951 0.8301 5.7766
v  -21.4825 0.7945 5.6642
v  -21.3264 0.7714 5.6231
v  -21.1687 0.7670 5.6642
v  -21.0517 0.7825 5.7766
v  -21.0066 0.8138 5.9302
v  -21.0455 0.8524 6.0837
v  -21.1582 0.8880 6.1961
v  -21.3759 0.2064 6.3574
v  -21.5332 0.2154 6.3155
v  -21.6491 0.2126 6.2009
v  -21.6927 0.1988 6.0444
v  -21.6522 0.1775 5.8879
v  -21.5385 0.1546 5.7734
v  -21.3820 0.1362 5.7315
v  -21.2247 0.1272 5.7734
v  -21.1087 0.1300 5.8879
v  -21.0652 0.1438 6.0444
v  -21.1057 0.1651 6.2009
v  -21.2194 0.1880 6.3155
v  -21.4383 -0.5072 6.3976
v  -21.5952 -0.4934 6.3554
v  -21.7100 -0.4834 6.2402
v  -21.7521 -0.4797 6.0827
v  -21.7100 -0.4834 5.9252
v  -21.5952 -0.4934 5.8099
v  -21.4383 -0.5072 5.7677
v  -21.2814 -0.5209 5.8099
v  -21.1666 -0.5309 5.9252
v  -21.1245 -0.5346 6.0827
v  -21.1666 -0.5309 6.2402
v  -21.2814 -0.5209 6.3554
v  -21.4383 -0.5071 -6.3976
v  -21.5952 -0.4934 -6.3554
v  -21.7100 -0.4834 -6.2402
v  -21.7521 -0.4797 -6.0827
v  -21.7100 -0.4834 -5.9252
v  -21.5952 -0.4934 -5.8099
v  -21.4383 -0.5071 -5.7677
v  -21.2814 -0.5209 -5.8099
v  -21.1666 -0.5309 -5.9252
v  -21.1245 -0.5346 -6.0827
v  -21.1666 -0.5309 -6.2402
v  -21.2814 -0.5209 -6.3554
v  -21.3759 0.2064 -6.3574
v  -21.5332 0.2155 -6.3155
v  -21.6491 0.2126 -6.2009
v  -21.6927 0.1988 -6.0444
v  -21.6522 0.1775 -5.8879
v  -21.5385 0.1546 -5.7734
v  -21.3820 0.1362 -5.7315
v  -21.2247 0.1272 -5.7734
v  -21.1087 0.1300 -5.8879
v  -21.0652 0.1439 -6.0444
v  -21.1057 0.1651 -6.2009
v  -21.2194 0.1880 -6.3155
v  -21.3142 0.9110 -6.2372
v  -21.4719 0.9154 -6.1961
v  -21.5890 0.8999 -6.0837
v  -21.6341 0.8687 -5.9302
v  -21.5951 0.8301 -5.7766
v  -21.4825 0.7945 -5.6642
v  -21.3264 0.7714 -5.6231
v  -21.1687 0.7670 -5.6642
v  -21.0517 0.7825 -5.7766
v  -21.0066 0.8138 -5.9302
v  -21.0455 0.8524 -6.0837
v  -21.1582 0.8880 -6.1961
v  -21.2541 1.5978 -6.0386
v  -21.4122 1.5977 -5.9988
v  -21.5304 1.5698 -5.8900
v  -21.5770 1.5216 -5.7413
v  -21.5395 1.4661 -5.5927
v  -21.4279 1.4182 -5.4839
v  -21.2723 1.3906 -5.4440
v  -21.1142 1.3907 -5.4839
v  -20.9960 1.4186 -5.5927
v  -20.9494 1.4667 -5.7413
v  -20.9869 1.5222 -5.8900
v  -21.0985 1.5702 -5.9988
v  -21.1964 2.2581 -5.7641
v  -21.3548 2.2536 -5.7261
v  -21.4740 2.2138 -5.6222
v  -21.5220 2.1494 -5.4803
v  -21.4860 2.0777 -5.3384
v  -21.3755 2.0178 -5.2345
v  -21.2202 1.9858 -5.1965
v  -21.0617 1.9904 -5.2345
v  -20.9425 2.0301 -5.3384
v  -20.8945 2.0945 -5.4803
v  -20.9306 2.1663 -5.6222
v  -21.0411 2.2262 -5.7261
v  -21.1416 2.8837 -5.4170
v  -21.3005 2.8750 -5.3813
v  -21.4207 2.8240 -5.2837
v  -21.4700 2.7442 -5.1503
v  -21.4353 2.6570 -5.0170
v  -21.3258 2.5859 -4.9194
v  -21.1708 2.5498 -4.8837
v  -21.0120 2.5584 -4.9194
v  -20.8918 2.6095 -5.0170
v  -20.8425 2.6893 -5.1503
v  -20.8772 2.7764 -5.2837
v  -20.9867 2.8476 -5.3813
v  -21.0906 3.4665 -5.0019
v  -21.2498 3.4541 -4.9689
v  -21.3709 3.3925 -4.8787
v  -21.4215 3.2984 -4.7556
v  -21.3880 3.1969 -4.6325
v  -21.2795 3.1152 -4.5424
v  -21.1249 3.0753 -4.5094
v  -20.9657 3.0878 -4.5424
v  -20.8446 3.1493 -4.6325
v  -20.7940 3.2435 -4.7556
v  -20.8275 3.3450 -4.8787
v  -20.9361 3.4266 -4.9689
v  -21.0440 3.9995 -4.5238
v  -21.2035 3.9835 -4.4940
v  -21.3254 3.9123 -4.4125
v  -21.3772 3.8050 -4.3011
v  -21.3449 3.6904 -4.1897
v  -21.2371 3.5992 -4.1082
v  -21.0828 3.5557 -4.0784
v  -20.9234 3.5717 -4.1082
v  -20.8014 3.6429 -4.1897
v  -20.7497 3.7501 -4.3011
v  -20.7820 3.8647 -4.4125
v  -20.8897 3.9560 -4.4940
v  -21.0024 4.4757 -3.9889
v  -21.1621 4.4566 -3.9625
v  -21.2848 4.3768 -3.8907
v  -21.3376 4.2578 -3.7925
v  -21.3063 4.1315 -3.6943
v  -21.1993 4.0317 -3.6224
v  -21.0453 3.9851 -3.5961
v  -20.8855 4.0042 -3.6224
v  -20.7628 4.0840 -3.6943
v  -20.7101 4.2029 -3.7925
v  -20.7414 4.3293 -3.8907
v  -20.8483 4.4291 -3.9625
v  -20.9662 4.8893 -3.4037
v  -21.1262 4.8674 -3.3813
v  -21.2495 4.7802 -3.3200
v  -21.3032 4.6511 -3.2362
v  -21.2728 4.5145 -3.1524
v  -21.1664 4.4073 -3.0911
v  -21.0127 4.3579 -3.0686
v  -20.8527 4.3798 -3.0911
v  -20.7293 4.4670 -3.1524
v  -20.6756 4.5962 -3.2362
v  -20.7061 4.7327 -3.3200
v  -20.8124 4.8400 -3.3813
v  -20.9359 5.2350 -2.7758
v  -21.0961 5.2108 -2.7575
v  -21.2200 5.1174 -2.7075
v  -21.2744 4.9798 -2.6392
v  -21.2447 4.8347 -2.5708
v  -21.1390 4.7212 -2.5208
v  -20.9854 4.6696 -2.5025
v  -20.8252 4.6938 -2.5208
v  -20.7013 4.7872 -2.5708
v  -20.6469 4.9249 -2.6392
v  -20.6766 5.0699 -2.7075
v  -20.7824 5.1834 -2.7575
v  -20.9120 5.5085 -2.1130
v  -21.0723 5.4825 -2.0991
v  -21.1967 5.3842 -2.0610
v  -21.2517 5.2398 -2.0090
v  -21.2226 5.0880 -1.9570
v  -21.1172 4.9696 -1.9189
v  -20.9638 4.9162 -1.9049
v  -20.8035 4.9421 -1.9189
v  -20.6791 5.0405 -1.9570
v  -20.6241 5.1849 -2.0090
v  -20.6532 5.3366 -2.0610
v  -20.7586 5.4551 -2.0991
v  -20.8947 5.7064 -1.4236
v  -21.0551 5.6791 -1.4142
v  -21.1798 5.5772 -1.3886
v  -21.2352 5.4279 -1.3535
v  -21.2066 5.2713 -1.3185
v  -21.1015 5.1493 -1.2928
v  -20.9482 5.0946 -1.2834
v  -20.7877 5.1218 -1.2928
v  -20.6631 5.2237 -1.3185
v  -20.6077 5.3730 -1.3535
v  -20.6363 5.5296 -1.3886
v  -20.7414 5.6516 -1.4142
v  -20.8842 5.8261 -0.7163
v  -21.0447 5.7980 -0.7116
v  -21.1696 5.6939 -0.6987
v  -21.2253 5.5417 -0.6810
v  -21.1969 5.3822 -0.6634
v  -21.0920 5.2580 -0.6505
v  -20.9388 5.2025 -0.6458
v  -20.7782 5.2305 -0.6505
v  -20.6534 5.3346 -0.6634
v  -20.5977 5.4868 -0.6810
v  -20.6261 5.6464 -0.6987
v  -20.7310 5.7706 -0.7116
v  -25.2084 5.8661 -0.0000
v  -25.3616 5.8104 -0.0000
v  -25.4664 5.6855 -0.0000
v  -25.4947 5.5249 -0.0000
v  -25.4389 5.3717 -0.0000
v  -25.3140 5.2669 -0.0000
v  -25.1535 5.2386 -0.0000
v  -25.0003 5.2944 -0.0000
v  -24.8955 5.4193 -0.0000
v  -24.8672 5.5798 -0.0000
v  -24.9229 5.7330 -0.0000
v  -25.0478 5.8378 -0.0000
v  -25.2049 5.8261 0.7163
v  -25.3581 5.7706 0.7116
v  -25.4630 5.6464 0.6987
v  -25.4914 5.4868 0.6810
v  -25.4357 5.3346 0.6634
v  -25.3109 5.2305 0.6505
v  -25.1503 5.2025 0.6458
v  -24.9971 5.2580 0.6505
v  -24.8922 5.3822 0.6634
v  -24.8638 5.5417 0.6810
v  -24.9195 5.6939 0.6987
v  -25.0443 5.7980 0.7116
v  -25.1944 5.7063 1.4236
v  -25.3477 5.6516 1.4142
v  -25.4527 5.5296 1.3886
v  -25.4814 5.3730 1.3535
v  -25.4260 5.2237 1.3185
v  -25.3013 5.1218 1.2928
v  -25.1409 5.0946 1.2834
v  -24.9876 5.1493 1.2928
v  -24.8825 5.2713 1.3185
v  -24.8539 5.4279 1.3535
v  -24.9093 5.5772 1.3886
v  -25.0339 5.6791 1.4142
v  -25.1771 5.5085 2.1130
v  -25.3305 5.4551 2.0991
v  -25.4359 5.3366 2.0610
v  -25.4649 5.1849 2.0090
v  -25.4100 5.0405 1.9570
v  -25.2856 4.9421 1.9189
v  -25.1253 4.9162 1.9050
v  -24.9719 4.9696 1.9189
v  -24.8665 5.0880 1.9570
v  -24.8374 5.2398 2.0090
v  -24.8924 5.3842 2.0610
v  -25.0167 5.4825 2.0991
v  -25.1532 5.2350 2.7758
v  -25.3067 5.1834 2.7575
v  -25.4125 5.0699 2.7075
v  -25.4422 4.9248 2.6392
v  -25.3878 4.7872 2.5708
v  -25.2639 4.6938 2.5208
v  -25.1037 4.6696 2.5025
v  -24.9501 4.7212 2.5208
v  -24.8443 4.8347 2.5708
v  -24.8147 4.9797 2.6392
v  -24.8691 5.1174 2.7075
v  -24.9930 5.2108 2.7575
v  -25.1229 4.8893 3.4037
v  -25.2767 4.8400 3.3813
v  -25.3830 4.7327 3.3200
v  -25.4134 4.5961 3.2362
v  -25.3598 4.4670 3.1524
v  -25.2364 4.3798 3.0911
v  -25.0764 4.3579 3.0686
v  -24.9227 4.4072 3.0911
v  -24.8163 4.5145 3.1524
v  -24.7859 4.6510 3.2362
v  -24.8396 4.7802 3.3200
v  -24.9629 4.8674 3.3813
v  -25.0867 4.4757 3.9889
v  -25.2407 4.4291 3.9626
v  -25.3477 4.3293 3.8907
v  -25.3790 4.2029 3.7925
v  -25.3263 4.0840 3.6943
v  -25.2036 4.0042 3.6224
v  -25.0438 3.9851 3.5961
v  -24.8898 4.0317 3.6224
v  -24.7828 4.1315 3.6943
v  -24.7515 4.2578 3.7925
v  -24.8043 4.3768 3.8907
v  -24.9270 4.4565 3.9626
v  -25.0451 3.9994 4.5238
v  -25.1993 3.9560 4.4940
v  -25.3071 3.8647 4.4125
v  -25.3394 3.7501 4.3011
v  -25.2877 3.6429 4.1897
v  -25.1657 3.5717 4.1082
v  -25.0062 3.5557 4.0784
v  -24.8520 3.5992 4.1082
v  -24.7442 3.6904 4.1897
v  -24.7119 3.8050 4.3011
v  -24.7636 3.9123 4.4125
v  -24.8856 3.9834 4.4940
v  -24.9984 3.4665 5.0019
v  -25.1530 3.4266 4.9689
v  -25.2616 3.3449 4.8788
v  -25.2951 3.2435 4.7556
v  -25.2445 3.1493 4.6325
v  -25.1234 3.0878 4.5424
v  -24.9642 3.0753 4.5094
v  -24.8096 3.1152 4.5424
v  -24.7010 3.1969 4.6325
v  -24.6676 3.2984 4.7556
v  -24.7182 3.3925 4.8788
v  -24.8393 3.4540 4.9689
v  -24.9474 2.8836 5.4170
v  -25.1024 2.8476 5.3813
v  -25.2119 2.7764 5.2837
v  -25.2466 2.6893 5.1504
v  -25.1973 2.6095 5.0170
v  -25.0771 2.5584 4.9194
v  -24.9182 2.5498 4.8837
v  -24.7633 2.5859 4.9194
v  -24.6538 2.6570 5.0170
v  -24.6191 2.7442 5.1504
v  -24.6684 2.8240 5.2837
v  -24.7886 2.8750 5.3813
v  -24.8927 2.2581 5.7641
v  -25.0480 2.2262 5.7261
v  -25.1585 2.1663 5.6222
v  -25.1946 2.0945 5.4803
v  -25.1466 2.0301 5.3384
v  -25.0274 1.9904 5.2346
v  -24.8689 1.9858 5.1965
v  -24.7136 2.0178 5.2346
v  -24.6031 2.0777 5.3384
v  -24.5670 2.1494 5.4803
v  -24.6150 2.2138 5.6222
v  -24.7342 2.2536 5.7261
v  -24.8350 1.5978 6.0386
v  -24.9906 1.5702 5.9988
v  -25.1021 1.5222 5.8900
v  -25.1396 1.4667 5.7413
v  -25.0931 1.4186 5.5927
v  -24.9749 1.3907 5.4839
v  -24.8168 1.3906 5.4441
v  -24.6612 1.4182 5.4839
v  -24.5496 1.4661 5.5927
v  -24.5121 1.5216 5.7413
v  -24.5587 1.5698 5.8900
v  -24.6769 1.5977 5.9988
v  -24.7749 0.9110 6.2372
v  -24.9309 0.8880 6.1961
v  -25.0435 0.8524 6.0837
v  -25.0825 0.8138 5.9302
v  -25.0374 0.7825 5.7766
v  -24.9203 0.7670 5.6642
v  -24.7626 0.7714 5.6231
v  -24.6066 0.7945 5.6642
v  -24.4940 0.8301 5.7766
v  -24.4550 0.8687 5.9302
v  -24.5001 0.8999 6.0837
v  -24.6172 0.9154 6.1961
v  -24.7132 0.2064 6.3574
v  -24.8697 0.1880 6.3155
v  -24.9834 0.1651 6.2009
v  -25.0239 0.1438 6.0444
v  -24.9803 0.1300 5.8879
v  -24.8644 0.1272 5.7734
v  -24.7071 0.1362 5.7315
v  -24.5506 0.1546 5.7734
v  -24.4369 0.1775 5.8879
v  -24.3964 0.1988 6.0444
v  -24.4400 0.2126 6.2009
v  -24.5559 0.2154 6.3155
v  -24.6508 -0.5072 6.3976
v  -24.8077 -0.5209 6.3554
v  -24.9225 -0.5309 6.2402
v  -24.9646 -0.5346 6.0827
v  -24.9225 -0.5309 5.9252
v  -24.8077 -0.5209 5.8099
v  -24.6508 -0.5072 5.7677
v  -24.4939 -0.4934 5.8099
v  -24.3791 -0.4834 5.9252
v  -24.3370 -0.4797 6.0827
v  -24.3791 -0.4834 6.2402
v  -24.4939 -0.4934 6.3554
v  -24.6508 -0.5071 -6.3976
v  -24.8077 -0.5209 -6.3554
v  -24.9225 -0.5309 -6.2402
v  -24.9646 -0.5346 -6.0827
v  -24.9225 -0.5309 -5.9252
v  -24.8077 -0.5209 -5.8099
v  -24.6508 -0.5071 -5.7677
v  -24.4939 -0.4934 -5.8099
v  -24.3791 -0.4834 -5.9252
v  -24.3370 -0.4797 -6.0827
v  -24.3791 -0.4834 -6.2402
v  -24.4939 -0.4934 -6.3554
v  -24.7132 0.2064 -6.3574
v  -24.8697 0.1880 -6.3155
v  -24.9834 0.1651 -6.2009
v  -25.0239 0.1439 -6.0444
v  -24.9803 0.1300 -5.8879
v  -24.8644 0.1272 -5.7734
v  -24.7071 0.1362 -5.7314
v  -24.5506 0.1546 -5.7734
v  -24.4369 0.1775 -5.8879
v  -24.3964 0.1988 -6.0444
v  -24.4400 0.2126 -6.2009
v  -24.5559 0.2155 -6.3155
v  -24.7749 0.9110 -6.2372
v  -24.9309 0.8880 -6.1961
v  -25.0435 0.8524 -6.0837
v  -25.0825 0.8138 -5.9302
v  -25.0374 0.7825 -5.7766
v  -24.9203 0.7670 -5.6642
v  -24.7626 0.7714 -5.6231
v  -24.6066 0.7945 -5.6642
v  -24.4940 0.8301 -5.7766
v  -24.4550 0.8687 -5.9302
v  -24.5001 0.8999 -6.0837
v  -24.6172 0.9154 -6.1961
v  -24.8349 1.5978 -6.0386
v  -24.9906 1.5702 -5.9988
v  -25.1021 1.5222 -5.8900
v  -25.1396 1.4667 -5.7413
v  -25.0931 1.4186 -5.5927
v  -24.9749 1.3907 -5.4839
v  -24.8168 1.3906 -5.4440
v  -24.6612 1.4182 -5.4839
v  -24.5496 1.4661 -5.5927
v  -24.5121 1.5216 -5.7413
v  -24.5587 1.5698 -5.8900
v  -24.6769 1.5977 -5.9988
v  -24.8927 2.2581 -5.7641
v  -25.0480 2.2262 -5.7261
v  -25.1585 2.1663 -5.6222
v  -25.1946 2.0945 -5.4803
v  -25.1466 2.0301 -5.3384
v  -25.0274 1.9904 -5.2345
v  -24.8689 1.9858 -5.1965
v  -24.7136 2.0178 -5.2345
v  -24.6031 2.0777 -5.3384
v  -24.5670 2.1494 -5.4803
v  -24.6150 2.2138 -5.6222
v  -24.7342 2.2536 -5.7261
v  -24.9474 2.8836 -5.4170
v  -25.1024 2.8476 -5.3813
v  -25.2119 2.7764 -5.2837
v  -25.2466 2.6893 -5.1503
v  -25.1973 2.6095 -5.0170
v  -25.0771 2.5584 -4.9194
v  -24.9182 2.5498 -4.8837
v  -24.7633 2.5859 -4.9194
v  -24.6538 2.6570 -5.0170
v  -24.6191 2.7442 -5.1503
v  -24.6684 2.8240 -5.2837
v  -24.7886 2.8750 -5.3813
v  -24.9984 3.4665 -5.0019
v  -25.1530 3.4266 -4.9689
v  -25.2616 3.3449 -4.8787
v  -25.2951 3.2435 -4.7556
v  -25.2445 3.1493 -4.6325
v  -25.1234 3.0878 -4.5424
v  -24.9642 3.0753 -4.5094
v  -24.8096 3.1152 -4.5424
v  -24.7010 3.1969 -4.6325
v  -24.6676 3.2984 -4.7556
v  -24.7182 3.3925 -4.8787
v  -24.8393 3.4541 -4.9689
v  -25.0451 3.9995 -4.5238
v  -25.1993 3.9560 -4.4940
v  -25.3071 3.8647 -4.4125
v  -25.3394 3.7501 -4.3011
v  -25.2877 3.6429 -4.1897
v  -25.1657 3.5717 -4.1082
v  -25.0062 3.5557 -4.0784
v  -24.8520 3.5992 -4.1082
v  -24.7442 3.6904 -4.1897
v  -24.7119 3.8050 -4.3011
v  -24.7636 3.9123 -4.4125
v  -24.8856 3.9835 -4.4940
v  -25.0867 4.4757 -3.9889
v  -25.2407 4.4291 -3.9625
v  -25.3477 4.3293 -3.8907
v  -25.3790 4.2029 -3.7925
v  -25.3263 4.0840 -3.6943
v  -25.2036 4.0042 -3.6224
v  -25.0438 3.9851 -3.5961
v  -24.8898 4.0317 -3.6224
v  -24.7828 4.1315 -3.6943
v  -24.7515 4.2578 -3.7925
v  -24.8043 4.3768 -3.8907
v  -24.9270 4.4566 -3.9625
v  -25.1229 4.8893 -3.4037
v  -25.2767 4.8400 -3.3813
v  -25.3830 4.7327 -3.3200
v  -25.4134 4.5962 -3.2362
v  -25.3598 4.4670 -3.1524
v  -25.2364 4.3798 -3.0911
v  -25.0764 4.3579 -3.0686
v  -24.9227 4.4073 -3.0911
v  -24.8163 4.5145 -3.1524
v  -24.7859 4.6511 -3.2362
v  -24.8396 4.7802 -3.3200
v  -24.9629 4.8674 -3.3813
v  -25.1532 5.2350 -2.7758
v  -25.3067 5.1834 -2.7575
v  -25.4125 5.0699 -2.7075
v  -25.4422 4.9248 -2.6392
v  -25.3878 4.7872 -2.5708
v  -25.2639 4.6938 -2.5208
v  -25.1037 4.6696 -2.5025
v  -24.9501 4.7212 -2.5208
v  -24.8443 4.8347 -2.5708
v  -24.8147 4.9798 -2.6392
v  -24.8691 5.1174 -2.7075
v  -24.9930 5.2108 -2.7575
v  -25.1771 5.5085 -2.1130
v  -25.3305 5.4551 -2.0991
v  -25.4359 5.3366 -2.0610
v  -25.4649 5.1849 -2.0090
v  -25.4100 5.0405 -1.9570
v  -25.2856 4.9421 -1.9189
v  -25.1253 4.9162 -1.9049
v  -24.9719 4.9696 -1.9189
v  -24.8665 5.0880 -1.9570
v  -24.8374 5.2398 -2.0090
v  -24.8924 5.3842 -2.0610
v  -25.0167 5.4825 -2.0991
v  -25.1944 5.7064 -1.4236
v  -25.3477 5.6516 -1.4142
v  -25.4527 5.5296 -1.3886
v  -25.4814 5.3730 -1.3535
v  -25.4260 5.2237 -1.3185
v  -25.3013 5.1218 -1.2928
v  -25.1409 5.0946 -1.2834
v  -24.9876 5.1493 -1.2928
v  -24.8825 5.2713 -1.3185
v  -24.8539 5.4279 -1.3535
v  -24.9093 5.5772 -1.3886
v  -25.0339 5.6791 -1.4142
v  -25.2049 5.8261 -0.7163
v  -25.3581 5.7706 -0.7116
v  -25.4630 5.6464 -0.6987
v  -25.4914 5.4868 -0.6810
v  -25.4357 5.3346 -0.6634
v  -25.3109 5.2305 -0.6505
v  -25.1503 5.2025 -0.6458
v  -24.9971 5.2580 -0.6505
v  -24.8922 5.3822 -0.6634
v  -24.8638 5.5417 -0.6810
v  -24.9195 5.6939 -0.6987
v  -25.0443 5.7980 -0.7116
v  -21.8960 -5.7392 6.3976
v  -22.0535 -5.7392 6.3554
v  -22.1688 -5.7392 6.2402
v  -22.2110 -5.7392 6.0827
v  -22.1688 -5.7392 5.9252
v  -22.0535 -5.7392 5.8099
v  -21.8960 -5.7392 5.7677
v  -21.7386 -5.7392 5.8099
v  -21.6233 -5.7392 5.9252
v  -21.5811 -5.7392 6.0827
v  -21.6233 -5.7392 6.2402
v  -21.7386 -5.7392 6.3554
v  -22.0535 -5.7392 -6.3554
v  -21.8960 -5.7392 -6.3976
v  -21.7386 -5.7392 -6.3554
v  -21.6233 -5.7392 -6.2402
v  -21.5811 -5.7392 -6.0827
v  -21.6233 -5.7392 -5.9252
v  -21.7386 -5.7392 -5.8099
v  -21.8960 -5.7392 -5.7677
v  -22.0535 -5.7392 -5.8099
v  -22.1688 -5.7392 -5.9252
v  -22.2110 -5.7392 -6.0827
v  -22.1688 -5.7392 -6.2402
v  -24.1931 -5.7392 6.3976
v  -24.3505 -5.7392 6.3554
v  -24.4658 -5.7392 6.2402
v  -24.5080 -5.7392 6.0827
v  -24.4658 -5.7392 5.9252
v  -24.3505 -5.7392 5.8099
v  -24.1930 -5.7392 5.7677
v  -24.0356 -5.7392 5.8099
v  -23.9203 -5.7392 5.9252
v  -23.8781 -5.7392 6.0827
v  -23.9203 -5.7392 6.2402
v  -24.0356 -5.7392 6.3554
v  -24.3505 -5.7392 -6.3554
v  -24.1930 -5.7392 -6.3976
v  -24.0356 -5.7392 -6.3554
v  -23.9203 -5.7392 -6.2402
v  -23.8781 -5.7392 -6.0827
v  -23.9203 -5.7392 -5.9252
v  -24.0356 -5.7392 -5.8099
v  -24.1930 -5.7392 -5.7677
v  -24.3505 -5.7392 -5.8099
v  -24.4658 -5.7392 -5.9252
v  -24.5080 -5.7392 -6.0827
v  -24.4658 -5.7392 -6.2402
v  -9.4472 5.8661 -0.0000
v  -9.6077 5.8378 -0.0000
v  -9.7326 5.7330 -0.0000
v  -9.7884 5.5798 -0.0000
v  -9.7601 5.4193 -0.0000
v  -9.6553 5.2944 -0.0000
v  -9.5021 5.2386 -0.0000
v  -9.3415 5.2669 -0.0000
v  -9.2166 5.3717 -0.0000
v  -9.1609 5.5249 -0.0000
v  -9.1892 5.6855 -0.0000
v  -9.2940 5.8104 -0.0000
v  -9.4507 5.8261 0.7163
v  -9.6112 5.7980 0.7116
v  -9.7361 5.6939 0.6987
v  -9.7917 5.5417 0.6810
v  -9.7633 5.3822 0.6634
v  -9.6585 5.2580 0.6505
v  -9.5052 5.2025 0.6458
v  -9.3447 5.2305 0.6505
v  -9.2199 5.3346 0.6634
v  -9.1642 5.4868 0.6810
v  -9.1926 5.6464 0.6987
v  -9.2975 5.7706 0.7116
v  -9.4612 5.7063 1.4236
v  -9.6216 5.6791 1.4142
v  -9.7463 5.5772 1.3886
v  -9.8017 5.4279 1.3535
v  -9.7730 5.2713 1.3185
v  -9.6680 5.1493 1.2928
v  -9.5147 5.0946 1.2834
v  -9.3542 5.1218 1.2928
v  -9.2296 5.2237 1.3185
v  -9.1742 5.3730 1.3535
v  -9.2028 5.5296 1.3886
v  -9.3079 5.6516 1.4142
v  -9.4785 5.5085 2.1130
v  -9.6388 5.4825 2.0991
v  -9.7632 5.3842 2.0610
v  -9.8181 5.2398 2.0090
v  -9.7891 5.0880 1.9570
v  -9.6837 4.9696 1.9189
v  -9.5303 4.9162 1.9050
v  -9.3699 4.9421 1.9189
v  -9.2456 5.0405 1.9570
v  -9.1906 5.1849 2.0090
v  -9.2197 5.3366 2.0610
v  -9.3251 5.4551 2.0991
v  -9.5024 5.2350 2.7758
v  -9.6626 5.2108 2.7575
v  -9.7865 5.1174 2.7075
v  -9.8409 4.9797 2.6392
v  -9.8112 4.8347 2.5708
v  -9.7054 4.7212 2.5208
v  -9.5519 4.6696 2.5025
v  -9.3917 4.6938 2.5208
v  -9.2678 4.7872 2.5708
v  -9.2134 4.9248 2.6392
v  -9.2430 5.0699 2.7075
v  -9.3488 5.1834 2.7575
v  -9.5327 4.8893 3.4037
v  -9.6926 4.8674 3.3813
v  -9.8160 4.7802 3.3200
v  -9.8697 4.6511 3.2362
v  -9.8392 4.5145 3.1524
v  -9.7329 4.4072 3.0911
v  -9.5791 4.3579 3.0686
v  -9.4191 4.3798 3.0911
v  -9.2958 4.4670 3.1524
v  -9.2421 4.5961 3.2362
v  -9.2725 4.7327 3.3200
v  -9.3789 4.8400 3.3813
v  -9.5688 4.4757 3.9889
v  -9.7286 4.4565 3.9626
v  -9.8513 4.3768 3.8907
v  -9.9041 4.2578 3.7925
v  -9.8728 4.1315 3.6943
v  -9.7658 4.0317 3.6224
v  -9.6118 3.9851 3.5961
v  -9.4520 4.0042 3.6224
v  -9.3293 4.0840 3.6943
v  -9.2765 4.2029 3.7925
v  -9.3078 4.3293 3.8907
v  -9.4148 4.4291 3.9626
v  -9.6105 3.9994 4.5238
v  -9.7700 3.9834 4.4940
v  -9.8919 3.9123 4.4125
v  -9.9437 3.8050 4.3011
v  -9.9113 3.6904 4.1897
v  -9.8036 3.5992 4.1082
v  -9.6493 3.5557 4.0784
v  -9.4898 3.5717 4.1082
v  -9.3679 3.6429 4.1897
v  -9.3161 3.7501 4.3011
v  -9.3485 3.8647 4.4125
v  -9.4562 3.9560 4.4940
v  -9.6571 3.4665 5.0019
v  -9.8163 3.4540 4.9689
v  -9.9374 3.3925 4.8788
v  -9.9880 3.2984 4.7556
v  -9.9545 3.1969 4.6325
v  -9.8459 3.1152 4.5424
v  -9.6914 3.0753 4.5094
v  -9.5322 3.0878 4.5424
v  -9.4111 3.1493 4.6325
v  -9.3605 3.2435 4.7556
v  -9.3940 3.3449 4.8788
v  -9.5025 3.4266 4.9689
v  -9.7081 2.8836 5.4170
v  -9.8670 2.8750 5.3813
v  -9.9871 2.8240 5.2837
v  -10.0365 2.7442 5.1504
v  -10.0018 2.6570 5.0170
v  -9.8923 2.5859 4.9194
v  -9.7373 2.5498 4.8837
v  -9.5785 2.5584 4.9194
v  -9.4583 2.6095 5.0170
v  -9.4090 2.6893 5.1504
v  -9.4437 2.7764 5.2837
v  -9.5532 2.8476 5.3813
v  -9.7628 2.2581 5.7641
v  -9.9213 2.2536 5.7261
v  -10.0405 2.2138 5.6222
v  -10.0885 2.1494 5.4803
v  -10.0524 2.0777 5.3384
v  -9.9420 2.0178 5.2346
v  -9.7867 1.9858 5.1965
v  -9.6282 1.9904 5.2346
v  -9.5090 2.0301 5.3384
v  -9.4610 2.0945 5.4803
v  -9.4971 2.1663 5.6222
v  -9.6076 2.2262 5.7261
v  -9.8206 1.5978 6.0386
v  -9.9787 1.5977 5.9988
v  -10.0969 1.5698 5.8900
v  -10.1434 1.5216 5.7413
v  -10.1059 1.4661 5.5927
v  -9.9944 1.4182 5.4839
v  -9.8387 1.3906 5.4441
v  -9.6807 1.3907 5.4839
v  -9.5625 1.4186 5.5927
v  -9.5159 1.4667 5.7413
v  -9.5534 1.5222 5.8900
v  -9.6649 1.5702 5.9988
v  -9.8807 0.9110 6.2372
v  -10.0384 0.9154 6.1961
v  -10.1555 0.8999 6.0837
v  -10.2006 0.8687 5.9302
v  -10.1616 0.8301 5.7766
v  -10.0490 0.7945 5.6642
v  -9.8929 0.7714 5.6231
v  -9.7352 0.7670 5.6642
v  -9.6181 0.7825 5.7766
v  -9.5730 0.8138 5.9302
v  -9.6120 0.8524 6.0837
v  -9.7246 0.8880 6.1961
v  -9.9423 0.2064 6.3574
v  -10.0996 0.2154 6.3155
v  -10.2156 0.2126 6.2009
v  -10.2592 0.1988 6.0444
v  -10.2187 0.1775 5.8879
v  -10.1050 0.1546 5.7734
v  -9.9485 0.1362 5.7315
v  -9.7912 0.1272 5.7734
v  -9.6752 0.1300 5.8879
v  -9.6317 0.1438 6.0444
v  -9.6722 0.1651 6.2009
v  -9.7859 0.1880 6.3155
v  -10.0048 -0.5072 6.3976
v  -10.1617 -0.4934 6.3554
v  -10.2765 -0.4834 6.2402
v  -10.3185 -0.4797 6.0827
v  -10.2765 -0.4834 5.9252
v  -10.1617 -0.4934 5.8099
v  -10.0048 -0.5072 5.7677
v  -9.8479 -0.5209 5.8099
v  -9.7331 -0.5309 5.9252
v  -9.6910 -0.5346 6.0827
v  -9.7331 -0.5309 6.2402
v  -9.8479 -0.5209 6.3554
v  -10.0048 -0.5071 -6.3976
v  -10.1617 -0.4934 -6.3554
v  -10.2765 -0.4834 -6.2402
v  -10.3185 -0.4797 -6.0827
v  -10.2765 -0.4834 -5.9252
v  -10.1617 -0.4934 -5.8099
v  -10.0048 -0.5071 -5.7677
v  -9.8479 -0.5209 -5.8099
v  -9.7330 -0.5309 -5.9252
v  -9.6910 -0.5346 -6.0827
v  -9.7330 -0.5309 -6.2402
v  -9.8479 -0.5209 -6.3554
v  -9.9423 0.2064 -6.3574
v  -10.0996 0.2155 -6.3155
v  -10.2156 0.2126 -6.2009
v  -10.2592 0.1988 -6.0444
v  -10.2187 0.1775 -5.8879
v  -10.1050 0.1546 -5.7734
v  -9.9485 0.1362 -5.7315
v  -9.7912 0.1272 -5.7734
v  -9.6752 0.1300 -5.8879
v  -9.6317 0.1439 -6.0444
v  -9.6722 0.1651 -6.2009
v  -9.7859 0.1880 -6.3155
v  -9.8807 0.9110 -6.2372
v  -10.0384 0.9154 -6.1961
v  -10.1555 0.8999 -6.0837
v  -10.2006 0.8687 -5.9302
v  -10.1616 0.8301 -5.7766
v  -10.0490 0.7945 -5.6642
v  -9.8929 0.7714 -5.6231
v  -9.7352 0.7670 -5.6642
v  -9.6181 0.7825 -5.7766
v  -9.5730 0.8138 -5.9302
v  -9.6120 0.8524 -6.0837
v  -9.7246 0.8880 -6.1961
v  -9.8206 1.5978 -6.0386
v  -9.9787 1.5977 -5.9988
v  -10.0969 1.5698 -5.8900
v  -10.1434 1.5216 -5.7413
v  -10.1059 1.4661 -5.5927
v  -9.9944 1.4182 -5.4839
v  -9.8387 1.3906 -5.4440
v  -9.6807 1.3907 -5.4839
v  -9.5625 1.4186 -5.5927
v  -9.5159 1.4667 -5.7413
v  -9.5534 1.5222 -5.8900
v  -9.6649 1.5702 -5.9988
v  -9.7628 2.2581 -5.7641
v  -9.9213 2.2536 -5.7261
v  -10.0405 2.2138 -5.6222
v  -10.0885 2.1494 -5.4803
v  -10.0524 2.0777 -5.3384
v  -9.9420 2.0178 -5.2345
v  -9.7867 1.9858 -5.1965
v  -9.6282 1.9904 -5.2345
v  -9.5090 2.0301 -5.3384
v  -9.4610 2.0945 -5.4803
v  -9.4971 2.1663 -5.6222
v  -9.6076 2.2262 -5.7261
v  -9.7081 2.8837 -5.4170
v  -9.8670 2.8750 -5.3813
v  -9.9871 2.8240 -5.2837
v  -10.0365 2.7442 -5.1503
v  -10.0018 2.6570 -5.0170
v  -9.8923 2.5859 -4.9194
v  -9.7373 2.5498 -4.8837
v  -9.5785 2.5584 -4.9194
v  -9.4583 2.6095 -5.0170
v  -9.4090 2.6893 -5.1503
v  -9.4437 2.7764 -5.2837
v  -9.5532 2.8476 -5.3813
v  -9.6571 3.4665 -5.0019
v  -9.8163 3.4541 -4.9689
v  -9.9374 3.3925 -4.8787
v  -9.9880 3.2984 -4.7556
v  -9.9545 3.1969 -4.6325
v  -9.8459 3.1152 -4.5424
v  -9.6914 3.0753 -4.5094
v  -9.5322 3.0878 -4.5424
v  -9.4111 3.1493 -4.6325
v  -9.3605 3.2435 -4.7556
v  -9.3940 3.3450 -4.8787
v  -9.5025 3.4266 -4.9689
v  -9.6105 3.9995 -4.5238
v  -9.7700 3.9835 -4.4940
v  -9.8919 3.9123 -4.4125
v  -9.9437 3.8050 -4.3011
v  -9.9113 3.6904 -4.1897
v  -9.8036 3.5992 -4.1082
v  -9.6493 3.5557 -4.0784
v  -9.4898 3.5717 -4.1082
v  -9.3679 3.6429 -4.1897
v  -9.3161 3.7501 -4.3011
v  -9.3485 3.8647 -4.4125
v  -9.4562 3.9560 -4.4940
v  -9.5688 4.4757 -3.9889
v  -9.7286 4.4566 -3.9625
v  -9.8513 4.3768 -3.8907
v  -9.9041 4.2578 -3.7925
v  -9.8728 4.1315 -3.6943
v  -9.7658 4.0317 -3.6224
v  -9.6118 3.9851 -3.5961
v  -9.4520 4.0042 -3.6224
v  -9.3293 4.0840 -3.6943
v  -9.2765 4.2029 -3.7925
v  -9.3078 4.3293 -3.8907
v  -9.4148 4.4291 -3.9625
v  -9.5326 4.8893 -3.4037
v  -9.6926 4.8674 -3.3813
v  -9.8160 4.7802 -3.3200
v  -9.8697 4.6511 -3.2362
v  -9.8392 4.5145 -3.1524
v  -9.7329 4.4073 -3.0911
v  -9.5791 4.3579 -3.0686
v  -9.4191 4.3798 -3.0911
v  -9.2958 4.4670 -3.1524
v  -9.2421 4.5962 -3.2362
v  -9.2725 4.7327 -3.3200
v  -9.3789 4.8400 -3.3813
v  -9.5024 5.2350 -2.7758
v  -9.6626 5.2108 -2.7575
v  -9.7865 5.1174 -2.7075
v  -9.8409 4.9798 -2.6392
v  -9.8112 4.8347 -2.5708
v  -9.7054 4.7212 -2.5208
v  -9.5519 4.6696 -2.5025
v  -9.3917 4.6938 -2.5208
v  -9.2678 4.7872 -2.5708
v  -9.2134 4.9249 -2.6392
v  -9.2430 5.0699 -2.7075
v  -9.3488 5.1834 -2.7575
v  -9.4785 5.5085 -2.1130
v  -9.6388 5.4825 -2.0991
v  -9.7632 5.3842 -2.0610
v  -9.8181 5.2398 -2.0090
v  -9.7891 5.0880 -1.9570
v  -9.6837 4.9696 -1.9189
v  -9.5303 4.9162 -1.9049
v  -9.3699 4.9421 -1.9189
v  -9.2456 5.0405 -1.9570
v  -9.1906 5.1849 -2.0090
v  -9.2197 5.3366 -2.0610
v  -9.3251 5.4551 -2.0991
v  -9.4612 5.7064 -1.4236
v  -9.6216 5.6791 -1.4142
v  -9.7463 5.5772 -1.3886
v  -9.8017 5.4279 -1.3535
v  -9.7730 5.2713 -1.3185
v  -9.6680 5.1493 -1.2928
v  -9.5147 5.0946 -1.2834
v  -9.3542 5.1218 -1.2928
v  -9.2296 5.2237 -1.3185
v  -9.1742 5.3730 -1.3535
v  -9.2028 5.5296 -1.3886
v  -9.3079 5.6516 -1.4142
v  -9.4507 5.8261 -0.7163
v  -9.6112 5.7980 -0.7116
v  -9.7361 5.6939 -0.6987
v  -9.7917 5.5417 -0.6810
v  -9.7633 5.3822 -0.6634
v  -9.6585 5.2580 -0.6505
v  -9.5052 5.2025 -0.6458
v  -9.3447 5.2305 -0.6505
v  -9.2199 5.3346 -0.6634
v  -9.1642 5.4868 -0.6810
v  -9.1926 5.6464 -0.6987
v  -9.2975 5.7706 -0.7116
v  -13.7749 5.8661 -0.0000
v  -13.9281 5.8104 -0.0000
v  -14.0329 5.6855 -0.0000
v  -14.0612 5.5249 -0.0000
v  -14.0054 5.3717 -0.0000
v  -13.8805 5.2669 -0.0000
v  -13.7200 5.2386 -0.0000
v  -13.5668 5.2944 -0.0000
v  -13.4620 5.4193 -0.0000
v  -13.4337 5.5798 -0.0000
v  -13.4894 5.7330 -0.0000
v  -13.6143 5.8378 -0.0000
v  -13.7714 5.8261 0.7163
v  -13.9246 5.7706 0.7116
v  -14.0294 5.6464 0.6987
v  -14.0578 5.4868 0.6810
v  -14.0022 5.3346 0.6634
v  -13.8773 5.2305 0.6505
v  -13.7168 5.2025 0.6458
v  -13.5636 5.2580 0.6505
v  -13.4587 5.3822 0.6634
v  -13.4303 5.5417 0.6810
v  -13.4860 5.6939 0.6987
v  -13.6108 5.7980 0.7116
v  -13.7609 5.7063 1.4236
v  -13.9142 5.6516 1.4142
v  -14.0192 5.5296 1.3886
v  -14.0479 5.3730 1.3535
v  -13.9925 5.2237 1.3185
v  -13.8678 5.1218 1.2928
v  -13.7074 5.0946 1.2834
v  -13.5541 5.1493 1.2928
v  -13.4490 5.2713 1.3185
v  -13.4204 5.4279 1.3535
v  -13.4758 5.5772 1.3886
v  -13.6004 5.6791 1.4142
v  -13.7436 5.5085 2.1130
v  -13.8970 5.4551 2.0991
v  -14.0023 5.3366 2.0610
v  -14.0314 5.1849 2.0090
v  -13.9764 5.0405 1.9570
v  -13.8521 4.9421 1.9189
v  -13.6918 4.9162 1.9050
v  -13.5383 4.9696 1.9189
v  -13.4330 5.0880 1.9570
v  -13.4039 5.2398 2.0090
v  -13.4589 5.3842 2.0610
v  -13.5832 5.4825 2.0991
v  -13.7196 5.2350 2.7758
v  -13.8732 5.1834 2.7575
v  -13.9790 5.0699 2.7075
v  -14.0087 4.9248 2.6392
v  -13.9543 4.7872 2.5708
v  -13.8304 4.6938 2.5208
v  -13.6702 4.6696 2.5025
v  -13.5166 4.7212 2.5208
v  -13.4108 4.8347 2.5708
v  -13.3812 4.9797 2.6392
v  -13.4356 5.1174 2.7075
v  -13.5595 5.2108 2.7575
v  -13.6894 4.8893 3.4037
v  -13.8432 4.8400 3.3813
v  -13.9495 4.7327 3.3200
v  -13.9799 4.5961 3.2362
v  -13.9263 4.4670 3.1524
v  -13.8029 4.3798 3.0911
v  -13.6429 4.3579 3.0686
v  -13.4891 4.4072 3.0911
v  -13.3828 4.5145 3.1524
v  -13.3524 4.6510 3.2362
v  -13.4061 4.7802 3.3200
v  -13.5294 4.8674 3.3813
v  -13.6532 4.4757 3.9889
v  -13.8072 4.4291 3.9626
v  -13.9142 4.3293 3.8907
v  -13.9455 4.2029 3.7925
v  -13.8927 4.0840 3.6943
v  -13.7700 4.0042 3.6224
v  -13.6103 3.9851 3.5961
v  -13.4563 4.0317 3.6224
v  -13.3493 4.1315 3.6943
v  -13.3180 4.2578 3.7925
v  -13.3708 4.3768 3.8907
v  -13.4935 4.4565 3.9626
v  -13.6115 3.9994 4.5238
v  -13.7658 3.9560 4.4940
v  -13.8736 3.8647 4.4125
v  -13.9059 3.7501 4.3011
v  -13.8542 3.6429 4.1897
v  -13.7322 3.5717 4.1082
v  -13.5727 3.5557 4.0784
v  -13.4184 3.5992 4.1082
v  -13.3107 3.6904 4.1897
v  -13.2784 3.8050 4.3011
v  -13.3301 3.9123 4.4125
v  -13.4521 3.9834 4.4940
v  -13.5649 3.4665 5.0019
v  -13.7195 3.4266 4.9689
v  -13.8281 3.3449 4.8788
v  -13.8616 3.2435 4.7556
v  -13.8110 3.1493 4.6325
v  -13.6899 3.0878 4.5424
v  -13.5307 3.0753 4.5094
v  -13.3761 3.1152 4.5424
v  -13.2675 3.1969 4.6325
v  -13.2340 3.2984 4.7556
v  -13.2846 3.3925 4.8788
v  -13.4058 3.4540 4.9689
v  -13.5139 2.8836 5.4170
v  -13.6689 2.8476 5.3813
v  -13.7784 2.7764 5.2837
v  -13.8131 2.6893 5.1504
v  -13.7637 2.6095 5.0170
v  -13.6436 2.5584 4.9194
v  -13.4847 2.5498 4.8837
v  -13.3298 2.5859 4.9194
v  -13.2203 2.6570 5.0170
v  -13.1856 2.7442 5.1504
v  -13.2349 2.8240 5.2837
v  -13.3551 2.8750 5.3813
v  -13.4592 2.2581 5.7641
v  -13.6145 2.2262 5.7261
v  -13.7250 2.1663 5.6222
v  -13.7611 2.0945 5.4803
v  -13.7131 2.0301 5.3384
v  -13.5939 1.9904 5.2346
v  -13.4354 1.9858 5.1965
v  -13.2801 2.0178 5.2346
v  -13.1696 2.0777 5.3384
v  -13.1335 2.1494 5.4803
v  -13.1815 2.2138 5.6222
v  -13.3007 2.2536 5.7261
v  -13.4014 1.5978 6.0386
v  -13.5571 1.5702 5.9988
v  -13.6686 1.5222 5.8900
v  -13.7061 1.4667 5.7413
v  -13.6596 1.4186 5.5927
v  -13.5414 1.3907 5.4839
v  -13.3833 1.3906 5.4441
v  -13.2276 1.4182 5.4839
v  -13.1161 1.4661 5.5927
v  -13.0786 1.5216 5.7413
v  -13.1252 1.5698 5.8900
v  -13.2433 1.5977 5.9988
v  -13.3413 0.9110 6.2372
v  -13.4974 0.8880 6.1961
v  -13.6100 0.8524 6.0837
v  -13.6490 0.8138 5.9302
v  -13.6039 0.7825 5.7766
v  -13.4868 0.7670 5.6642
v  -13.3291 0.7714 5.6231
v  -13.1731 0.7945 5.6642
v  -13.0605 0.8301 5.7766
v  -13.0215 0.8687 5.9302
v  -13.0666 0.8999 6.0837
v  -13.1836 0.9154 6.1961
v  -13.2797 0.2064 6.3574
v  -13.4362 0.1880 6.3155
v  -13.5499 0.1651 6.2009
v  -13.5904 0.1438 6.0444
v  -13.5468 0.1300 5.8879
v  -13.4308 0.1272 5.7734
v  -13.2736 0.1362 5.7315
v  -13.1171 0.1546 5.7734
v  -13.0034 0.1775 5.8879
v  -12.9629 0.1988 6.0444
v  -13.0064 0.2126 6.2009
v  -13.1224 0.2154 6.3155
v  -13.2173 -0.5072 6.3976
v  -13.3742 -0.5209 6.3554
v  -13.4890 -0.5309 6.2402
v  -13.5310 -0.5346 6.0827
v  -13.4890 -0.5309 5.9252
v  -13.3742 -0.5209 5.8099
v  -13.2173 -0.5072 5.7677
v  -13.0604 -0.4934 5.8099
v  -12.9455 -0.4834 5.9252
v  -12.9035 -0.4797 6.0827
v  -12.9455 -0.4834 6.2402
v  -13.0604 -0.4934 6.3554
v  -13.2173 -0.5071 -6.3976
v  -13.3742 -0.5209 -6.3554
v  -13.4890 -0.5309 -6.2402
v  -13.5310 -0.5346 -6.0827
v  -13.4890 -0.5309 -5.9252
v  -13.3742 -0.5209 -5.8099
v  -13.2173 -0.5071 -5.7677
v  -13.0604 -0.4934 -5.8099
v  -12.9455 -0.4834 -5.9252
v  -12.9035 -0.4797 -6.0827
v  -12.9455 -0.4834 -6.2402
v  -13.0604 -0.4934 -6.3554
v  -13.2797 0.2064 -6.3574
v  -13.4362 0.1880 -6.3155
v  -13.5499 0.1651 -6.2009
v  -13.5904 0.1439 -6.0444
v  -13.5468 0.1300 -5.8879
v  -13.4308 0.1272 -5.7734
v  -13.2736 0.1362 -5.7314
v  -13.1171 0.1546 -5.7734
v  -13.0034 0.1775 -5.8879
v  -12.9629 0.1988 -6.0444
v  -13.0064 0.2126 -6.2009
v  -13.1224 0.2155 -6.3155
v  -13.3413 0.9110 -6.2372
v  -13.4974 0.8880 -6.1961
v  -13.6100 0.8524 -6.0837
v  -13.6490 0.8138 -5.9302
v  -13.6039 0.7825 -5.7766
v  -13.4868 0.7670 -5.6642
v  -13.3291 0.7714 -5.6231
v  -13.1731 0.7945 -5.6642
v  -13.0605 0.8301 -5.7766
v  -13.0215 0.8687 -5.9302
v  -13.0666 0.8999 -6.0837
v  -13.1836 0.9154 -6.1961
v  -13.4014 1.5978 -6.0386
v  -13.5571 1.5702 -5.9988
v  -13.6686 1.5222 -5.8900
v  -13.7061 1.4667 -5.7413
v  -13.6596 1.4186 -5.5927
v  -13.5414 1.3907 -5.4839
v  -13.3833 1.3906 -5.4440
v  -13.2276 1.4182 -5.4839
v  -13.1161 1.4661 -5.5927
v  -13.0786 1.5216 -5.7413
v  -13.1252 1.5698 -5.8900
v  -13.2433 1.5977 -5.9988
v  -13.4592 2.2581 -5.7641
v  -13.6145 2.2262 -5.7261
v  -13.7250 2.1663 -5.6222
v  -13.7611 2.0945 -5.4803
v  -13.7131 2.0301 -5.3384
v  -13.5939 1.9904 -5.2345
v  -13.4354 1.9858 -5.1965
v  -13.2801 2.0178 -5.2345
v  -13.1696 2.0777 -5.3384
v  -13.1335 2.1494 -5.4803
v  -13.1815 2.2138 -5.6222
v  -13.3007 2.2536 -5.7261
v  -13.5139 2.8836 -5.4170
v  -13.6689 2.8476 -5.3813
v  -13.7784 2.7764 -5.2837
v  -13.8131 2.6893 -5.1503
v  -13.7637 2.6095 -5.0170
v  -13.6436 2.5584 -4.9194
v  -13.4847 2.5498 -4.8837
v  -13.3298 2.5859 -4.9194
v  -13.2203 2.6570 -5.0170
v  -13.1856 2.7442 -5.1503
v  -13.2349 2.8240 -5.2837
v  -13.3551 2.8750 -5.3813
v  -13.5649 3.4665 -5.0019
v  -13.7195 3.4266 -4.9689
v  -13.8281 3.3449 -4.8787
v  -13.8616 3.2435 -4.7556
v  -13.8110 3.1493 -4.6325
v  -13.6899 3.0878 -4.5424
v  -13.5307 3.0753 -4.5094
v  -13.3761 3.1152 -4.5424
v  -13.2675 3.1969 -4.6325
v  -13.2340 3.2984 -4.7556
v  -13.2846 3.3925 -4.8787
v  -13.4057 3.4541 -4.9689
v  -13.6115 3.9995 -4.5238
v  -13.7658 3.9560 -4.4940
v  -13.8736 3.8647 -4.4125
v  -13.9059 3.7501 -4.3011
v  -13.8542 3.6429 -4.1897
v  -13.7322 3.5717 -4.1082
v  -13.5727 3.5557 -4.0784
v  -13.4184 3.5992 -4.1082
v  -13.3107 3.6904 -4.1897
v  -13.2784 3.8050 -4.3011
v  -13.3301 3.9123 -4.4125
v  -13.4521 3.9835 -4.4940
v  -13.6532 4.4757 -3.9889
v  -13.8072 4.4291 -3.9625
v  -13.9142 4.3293 -3.8907
v  -13.9455 4.2029 -3.7925
v  -13.8927 4.0840 -3.6943
v  -13.7700 4.0042 -3.6224
v  -13.6103 3.9851 -3.5961
v  -13.4563 4.0317 -3.6224
v  -13.3493 4.1315 -3.6943
v  -13.3180 4.2578 -3.7925
v  -13.3708 4.3768 -3.8907
v  -13.4935 4.4566 -3.9625
v  -13.6894 4.8893 -3.4037
v  -13.8432 4.8400 -3.3813
v  -13.9495 4.7327 -3.3200
v  -13.9799 4.5962 -3.2362
v  -13.9263 4.4670 -3.1524
v  -13.8029 4.3798 -3.0911
v  -13.6429 4.3579 -3.0686
v  -13.4891 4.4073 -3.0911
v  -13.3828 4.5145 -3.1524
v  -13.3524 4.6511 -3.2362
v  -13.4060 4.7802 -3.3200
v  -13.5294 4.8674 -3.3813
v  -13.7196 5.2350 -2.7758
v  -13.8732 5.1834 -2.7575
v  -13.9790 5.0699 -2.7075
v  -14.0087 4.9248 -2.6392
v  -13.9543 4.7872 -2.5708
v  -13.8304 4.6938 -2.5208
v  -13.6702 4.6696 -2.5025
v  -13.5166 4.7212 -2.5208
v  -13.4108 4.8347 -2.5708
v  -13.3811 4.9798 -2.6392
v  -13.4356 5.1174 -2.7075
v  -13.5594 5.2108 -2.7575
v  -13.7436 5.5085 -2.1130
v  -13.8970 5.4551 -2.0991
v  -14.0023 5.3366 -2.0610
v  -14.0314 5.1849 -2.0090
v  -13.9764 5.0405 -1.9570
v  -13.8521 4.9421 -1.9189
v  -13.6918 4.9162 -1.9049
v  -13.5383 4.9696 -1.9189
v  -13.4330 5.0880 -1.9570
v  -13.4039 5.2398 -2.0090
v  -13.4589 5.3842 -2.0610
v  -13.5832 5.4825 -2.0991
v  -13.7609 5.7064 -1.4236
v  -13.9142 5.6516 -1.4142
v  -14.0192 5.5296 -1.3886
v  -14.0479 5.3730 -1.3535
v  -13.9925 5.2237 -1.3185
v  -13.8678 5.1218 -1.2928
v  -13.7074 5.0946 -1.2834
v  -13.5541 5.1493 -1.2928
v  -13.4490 5.2713 -1.3185
v  -13.4204 5.4279 -1.3535
v  -13.4758 5.5772 -1.3886
v  -13.6004 5.6791 -1.4142
v  -13.7714 5.8261 -0.7163
v  -13.9246 5.7706 -0.7116
v  -14.0294 5.6464 -0.6987
v  -14.0578 5.4868 -0.6810
v  -14.0022 5.3346 -0.6634
v  -13.8773 5.2305 -0.6505
v  -13.7168 5.2025 -0.6458
v  -13.5636 5.2580 -0.6505
v  -13.4587 5.3822 -0.6634
v  -13.4303 5.5417 -0.6810
v  -13.4860 5.6939 -0.6987
v  -13.6108 5.7980 -0.7116
v  -10.4625 -5.7392 6.3976
v  -10.6200 -5.7392 6.3554
v  -10.7353 -5.7392 6.2402
v  -10.7775 -5.7392 6.0827
v  -10.7353 -5.7392 5.9252
v  -10.6200 -5.7392 5.8099
v  -10.4625 -5.7392 5.7677
v  -10.3050 -5.7392 5.8099
v  -10.1898 -5.7392 5.9252
v  -10.1476 -5.7392 6.0827
v  -10.1898 -5.7392 6.2402
v  -10.3050 -5.7392 6.3554
v  -10.6200 -5.7392 -6.3554
v  -10.4625 -5.7392 -6.3976
v  -10.3050 -5.7392 -6.3554
v  -10.1898 -5.7392 -6.2402
v  -10.1476 -5.7392 -6.0827
v  -10.1898 -5.7392 -5.9252
v  -10.3050 -5.7392 -5.8099
v  -10.4625 -5.7392 -5.7677
v  -10.6200 -5.7392 -5.8099
v  -10.7353 -5.7392 -5.9252
v  -10.7775 -5.7392 -6.0827
v  -10.7353 -5.7392 -6.2402
v  -12.7595 -5.7392 6.3976
v  -12.9170 -5.7392 6.3554
v  -13.0323 -5.7392 6.2402
v  -13.0745 -5.7392 6.0827
v  -13.0323 -5.7392 5.9252
v  -12.9170 -5.7392 5.8099
v  -12.7595 -5.7392 5.7677
v  -12.6021 -5.7392 5.8099
v  -12.4868 -5.7392 5.9252
v  -12.4446 -5.7392 6.0827
v  -12.4868 -5.7392 6.2402
v  -12.6021 -5.7392 6.3554
v  -12.9170 -5.7392 -6.3554
v  -12.7595 -5.7392 -6.3976
v  -12.6020 -5.7392 -6.3554
v  -12.4868 -5.7392 -6.2402
v  -12.4446 -5.7392 -6.0827
v  -12.4868 -5.7392 -5.9252
v  -12.6020 -5.7392 -5.8099
v  -12.7595 -5.7392 -5.7677
v  -12.9170 -5.7392 -5.8099
v  -13.0323 -5.7392 -5.9252
v  -13.0745 -5.7392 -6.0827
v  -13.0323 -5.7392 -6.2402
v  2.1631 5.8661 -0.0000
v  2.0025 5.8378 -0.0000
v  1.8776 5.7330 -0.0000
v  1.8218 5.5798 -0.0000
v  1.8501 5.4193 -0.0000
v  1.9549 5.2944 -0.0000
v  2.1082 5.2386 -0.0000
v  2.2687 5.2669 -0.0000
v  2.3936 5.3717 -0.0000
v  2.4494 5.5249 -0.0000
v  2.4211 5.6855 -0.0000
v  2.3163 5.8104 -0.0000
v  2.1595 5.8261 0.7163
v  1.9990 5.7980 0.7116
v  1.8742 5.6939 0.6987
v  1.8185 5.5417 0.6810
v  1.8469 5.3822 0.6634
v  1.9518 5.2580 0.6505
v  2.1050 5.2025 0.6458
v  2.2655 5.2305 0.6505
v  2.3904 5.3346 0.6634
v  2.4460 5.4868 0.6810
v  2.4176 5.6464 0.6987
v  2.3128 5.7706 0.7116
v  2.1491 5.7063 1.4236
v  1.9886 5.6791 1.4142
v  1.8640 5.5772 1.3886
v  1.8085 5.4279 1.3535
v  1.8372 5.2713 1.3185
v  1.9423 5.1493 1.2928
v  2.0955 5.0946 1.2834
v  2.2560 5.1218 1.2928
v  2.3807 5.2237 1.3185
v  2.4361 5.3730 1.3535
v  2.4074 5.5296 1.3886
v  2.3024 5.6516 1.4142
v  2.1318 5.5085 2.1130
v  1.9714 5.4825 2.0991
v  1.8471 5.3842 2.0610
v  1.7921 5.2398 2.0090
v  1.8212 5.0880 1.9570
v  1.9265 4.9696 1.9189
v  2.0799 4.9162 1.9050
v  2.2403 4.9421 1.9189
v  2.3646 5.0405 1.9570
v  2.4196 5.1849 2.0090
v  2.3905 5.3366 2.0610
v  2.2852 5.4551 2.0991
v  2.1078 5.2350 2.7758
v  1.9476 5.2108 2.7575
v  1.8237 5.1174 2.7075
v  1.7693 4.9797 2.6392
v  1.7990 4.8347 2.5708
v  1.9048 4.7212 2.5208
v  2.0584 4.6696 2.5025
v  2.2186 4.6938 2.5208
v  2.3425 4.7872 2.5708
v  2.3969 4.9248 2.6392
v  2.3672 5.0699 2.7075
v  2.2614 5.1834 2.7575
v  2.0776 4.8893 3.4037
v  1.9176 4.8674 3.3813
v  1.7942 4.7802 3.3200
v  1.7406 4.6511 3.2362
v  1.7710 4.5145 3.1524
v  1.8773 4.4072 3.0911
v  2.0311 4.3579 3.0686
v  2.1911 4.3798 3.0911
v  2.3144 4.4670 3.1524
v  2.3681 4.5961 3.2362
v  2.3377 4.7327 3.3200
v  2.2314 4.8400 3.3813
v  2.0414 4.4757 3.9889
v  1.8816 4.4565 3.9626
v  1.7589 4.3768 3.8907
v  1.7062 4.2578 3.7925
v  1.7375 4.1315 3.6943
v  1.8445 4.0317 3.6224
v  1.9985 3.9851 3.5961
v  2.1582 4.0042 3.6224
v  2.2809 4.0840 3.6943
v  2.3337 4.2029 3.7925
v  2.3024 4.3293 3.8907
v  2.1954 4.4291 3.9626
v  1.9997 3.9994 4.5238
v  1.8403 3.9834 4.4940
v  1.7183 3.9123 4.4125
v  1.6666 3.8050 4.3011
v  1.6989 3.6904 4.1897
v  1.8066 3.5992 4.1082
v  1.9609 3.5557 4.0784
v  2.1204 3.5717 4.1082
v  2.2423 3.6429 4.1897
v  2.2941 3.7501 4.3011
v  2.2618 3.8647 4.4125
v  2.1540 3.9560 4.4940
v  1.9531 3.4665 5.0019
v  1.7939 3.4540 4.9689
v  1.6728 3.3925 4.8788
v  1.6222 3.2984 4.7556
v  1.6557 3.1969 4.6325
v  1.7643 3.1152 4.5424
v  1.9189 3.0753 4.5094
v  2.0781 3.0878 4.5424
v  2.1992 3.1493 4.6325
v  2.2498 3.2435 4.7556
v  2.2163 3.3449 4.8788
v  2.1077 3.4266 4.9689
v  1.9021 2.8836 5.4170
v  1.7433 2.8750 5.3813
v  1.6231 2.8240 5.2837
v  1.5737 2.7442 5.1504
v  1.6085 2.6570 5.0170
v  1.7180 2.5859 4.9194
v  1.8729 2.5498 4.8837
v  2.0317 2.5584 4.9194
v  2.1519 2.6095 5.0170
v  2.2013 2.6893 5.1504
v  2.1665 2.7764 5.2837
v  2.0570 2.8476 5.3813
v  1.8474 2.2581 5.7641
v  1.6889 2.2536 5.7261
v  1.5697 2.2138 5.6222
v  1.5217 2.1494 5.4803
v  1.5578 2.0777 5.3384
v  1.6683 2.0178 5.2346
v  1.8236 1.9858 5.1965
v  1.9820 1.9904 5.2346
v  2.1012 2.0301 5.3384
v  2.1492 2.0945 5.4803
v  2.1132 2.1663 5.6222
v  2.0027 2.2262 5.7261
v  1.7896 1.5978 6.0386
v  1.6315 1.5977 5.9988
v  1.5134 1.5698 5.8900
v  1.4668 1.5216 5.7413
v  1.5043 1.4661 5.5927
v  1.6158 1.4182 5.4839
v  1.7715 1.3906 5.4441
v  1.9296 1.3907 5.4839
v  2.0477 1.4186 5.5927
v  2.0943 1.4667 5.7413
v  2.0568 1.5222 5.8900
v  1.9453 1.5702 5.9988
v  1.7295 0.9110 6.2372
v  1.5718 0.9154 6.1961
v  1.4548 0.8999 6.0837
v  1.4097 0.8687 5.9302
v  1.4486 0.8301 5.7766
v  1.5613 0.7945 5.6642
v  1.7173 0.7714 5.6231
v  1.8750 0.7670 5.6642
v  1.9921 0.7825 5.7766
v  2.0372 0.8138 5.9302
v  1.9982 0.8524 6.0837
v  1.8856 0.8880 6.1961
v  1.6679 0.2064 6.3574
v  1.5106 0.2154 6.3155
v  1.3946 0.2126 6.2009
v  1.3511 0.1988 6.0444
v  1.3916 0.1775 5.8879
v  1.5053 0.1546 5.7734
v  1.6617 0.1362 5.7315
v  1.8190 0.1272 5.7734
v  1.9350 0.1300 5.8879
v  1.9786 0.1438 6.0444
v  1.9381 0.1651 6.2009
v  1.8244 0.1880 6.3155
v  1.6055 -0.5072 6.3976
v  1.4486 -0.4934 6.3554
v  1.3337 -0.4834 6.2402
v  1.2917 -0.4797 6.0827
v  1.3337 -0.4834 5.9252
v  1.4486 -0.4934 5.8099
v  1.6055 -0.5072 5.7677
v  1.7623 -0.5209 5.8099
v  1.8772 -0.5309 5.9252
v  1.9192 -0.5346 6.0827
v  1.8772 -0.5309 6.2402
v  1.7623 -0.5209 6.3554
v  1.6055 -0.5071 -6.3976
v  1.4486 -0.4934 -6.3554
v  1.3337 -0.4834 -6.2402
v  1.2917 -0.4797 -6.0827
v  1.3337 -0.4834 -5.9252
v  1.4486 -0.4934 -5.8099
v  1.6055 -0.5071 -5.7677
v  1.7623 -0.5209 -5.8099
v  1.8772 -0.5309 -5.9252
v  1.9192 -0.5346 -6.0827
v  1.8772 -0.5309 -6.2402
v  1.7623 -0.5209 -6.3554
v  1.6679 0.2064 -6.3574
v  1.5106 0.2155 -6.3155
v  1.3946 0.2126 -6.2009
v  1.3511 0.1988 -6.0444
v  1.3916 0.1775 -5.8879
v  1.5053 0.1546 -5.7734
v  1.6617 0.1362 -5.7315
v  1.8190 0.1272 -5.7734
v  1.9350 0.1300 -5.8879
v  1.9786 0.1439 -6.0444
v  1.9381 0.1651 -6.2009
v  1.8244 0.1880 -6.3155
v  1.7295 0.9110 -6.2372
v  1.5718 0.9154 -6.1961
v  1.4548 0.8999 -6.0837
v  1.4097 0.8687 -5.9302
v  1.4486 0.8301 -5.7766
v  1.5613 0.7945 -5.6642
v  1.7173 0.7714 -5.6231
v  1.8750 0.7670 -5.6642
v  1.9921 0.7825 -5.7766
v  2.0372 0.8138 -5.9302
v  1.9982 0.8524 -6.0837
v  1.8856 0.8880 -6.1961
v  1.7896 1.5978 -6.0386
v  1.6315 1.5977 -5.9988
v  1.5134 1.5698 -5.8900
v  1.4668 1.5216 -5.7413
v  1.5043 1.4661 -5.5927
v  1.6158 1.4182 -5.4839
v  1.7715 1.3906 -5.4440
v  1.9296 1.3907 -5.4839
v  2.0477 1.4186 -5.5927
v  2.0943 1.4667 -5.7413
v  2.0568 1.5222 -5.8900
v  1.9453 1.5702 -5.9988
v  1.8474 2.2581 -5.7641
v  1.6889 2.2536 -5.7261
v  1.5697 2.2138 -5.6222
v  1.5217 2.1494 -5.4803
v  1.5578 2.0777 -5.3384
v  1.6683 2.0178 -5.2345
v  1.8236 1.9858 -5.1965
v  1.9820 1.9904 -5.2345
v  2.1013 2.0301 -5.3384
v  2.1492 2.0945 -5.4803
v  2.1132 2.1663 -5.6222
v  2.0027 2.2262 -5.7261
v  1.9021 2.8837 -5.4170
v  1.7433 2.8750 -5.3813
v  1.6231 2.8240 -5.2837
v  1.5738 2.7442 -5.1503
v  1.6085 2.6570 -5.0170
v  1.7180 2.5859 -4.9194
v  1.8729 2.5498 -4.8837
v  2.0317 2.5584 -4.9194
v  2.1519 2.6095 -5.0170
v  2.2013 2.6893 -5.1503
v  2.1665 2.7764 -5.2837
v  2.0570 2.8476 -5.3813
v  1.9531 3.4665 -5.0019
v  1.7939 3.4541 -4.9689
v  1.6728 3.3925 -4.8787
v  1.6222 3.2984 -4.7556
v  1.6557 3.1969 -4.6325
v  1.7643 3.1152 -4.5424
v  1.9189 3.0753 -4.5094
v  2.0781 3.0878 -4.5424
v  2.1992 3.1493 -4.6325
v  2.2498 3.2435 -4.7556
v  2.2163 3.3450 -4.8787
v  2.1077 3.4266 -4.9689
v  1.9997 3.9995 -4.5238
v  1.8403 3.9835 -4.4940
v  1.7183 3.9123 -4.4125
v  1.6666 3.8050 -4.3011
v  1.6989 3.6904 -4.1897
v  1.8066 3.5992 -4.1082
v  1.9609 3.5557 -4.0784
v  2.1204 3.5717 -4.1082
v  2.2423 3.6429 -4.1897
v  2.2941 3.7501 -4.3011
v  2.2618 3.8647 -4.4125
v  2.1540 3.9560 -4.4940
v  2.0414 4.4757 -3.9889
v  1.8816 4.4566 -3.9625
v  1.7589 4.3768 -3.8907
v  1.7062 4.2578 -3.7925
v  1.7375 4.1315 -3.6943
v  1.8445 4.0317 -3.6224
v  1.9985 3.9851 -3.5961
v  2.1582 4.0042 -3.6224
v  2.2809 4.0840 -3.6943
v  2.3337 4.2029 -3.7925
v  2.3024 4.3293 -3.8907
v  2.1954 4.4291 -3.9625
v  2.0776 4.8893 -3.4037
v  1.9176 4.8674 -3.3813
v  1.7942 4.7802 -3.3200
v  1.7406 4.6511 -3.2362
v  1.7710 4.5145 -3.1524
v  1.8773 4.4073 -3.0911
v  2.0311 4.3579 -3.0686
v  2.1911 4.3798 -3.0911
v  2.3144 4.4670 -3.1524
v  2.3681 4.5962 -3.2362
v  2.3377 4.7327 -3.3200
v  2.2314 4.8400 -3.3813
v  2.1078 5.2350 -2.7758
v  1.9476 5.2108 -2.7575
v  1.8237 5.1174 -2.7075
v  1.7693 4.9798 -2.6392
v  1.7990 4.8347 -2.5708
v  1.9048 4.7212 -2.5208
v  2.0584 4.6696 -2.5025
v  2.2186 4.6938 -2.5208
v  2.3425 4.7872 -2.5708
v  2.3969 4.9249 -2.6392
v  2.3672 5.0699 -2.7075
v  2.2614 5.1834 -2.7575
v  2.1318 5.5085 -2.1130
v  1.9714 5.4825 -2.0991
v  1.8471 5.3842 -2.0610
v  1.7921 5.2398 -2.0090
v  1.8212 5.0880 -1.9570
v  1.9265 4.9696 -1.9189
v  2.0799 4.9162 -1.9049
v  2.2403 4.9421 -1.9189
v  2.3646 5.0405 -1.9570
v  2.4196 5.1849 -2.0090
v  2.3905 5.3366 -2.0610
v  2.2852 5.4551 -2.0991
v  2.1491 5.7064 -1.4236
v  1.9886 5.6791 -1.4142
v  1.8640 5.5772 -1.3886
v  1.8085 5.4279 -1.3535
v  1.8372 5.2713 -1.3185
v  1.9423 5.1493 -1.2928
v  2.0955 5.0946 -1.2834
v  2.2560 5.1218 -1.2928
v  2.3807 5.2237 -1.3185
v  2.4361 5.3730 -1.3535
v  2.4074 5.5296 -1.3886
v  2.3024 5.6516 -1.4142
v  2.1595 5.8261 -0.7163
v  1.9990 5.7980 -0.7116
v  1.8742 5.6939 -0.6987
v  1.8185 5.5417 -0.6810
v  1.8469 5.3822 -0.6634
v  1.9518 5.2580 -0.6505
v  2.1050 5.2025 -0.6458
v  2.2655 5.2305 -0.6505
v  2.3904 5.3346 -0.6634
v  2.4460 5.4868 -0.6810
v  2.4176 5.6464 -0.6987
v  2.3128 5.7706 -0.7116
v  -2.1646 5.8661 -0.0000
v  -2.3178 5.8104 -0.0000
v  -2.4226 5.6855 -0.0000
v  -2.4509 5.5249 -0.0000
v  -2.3952 5.3717 -0.0000
v  -2.2703 5.2669 -0.0000
v  -2.1097 5.2386 -0.0000
v  -1.9565 5.2944 -0.0000
v  -1.8517 5.4193 -0.0000
v  -1.8234 5.5798 -0.0000
v  -1.8792 5.7330 -0.0000
v  -2.0041 5.8378 -0.0000
v  -2.1611 5.8261 0.7163
v  -2.3143 5.7706 0.7116
v  -2.4192 5.6464 0.6987
v  -2.4476 5.4868 0.6810
v  -2.3919 5.3346 0.6634
v  -2.2671 5.2305 0.6505
v  -2.1066 5.2025 0.6458
v  -1.9533 5.2580 0.6505
v  -1.8485 5.3822 0.6634
v  -1.8201 5.5417 0.6810
v  -1.8758 5.6939 0.6987
v  -2.0006 5.7980 0.7116
v  -2.1506 5.7063 1.4236
v  -2.3039 5.6516 1.4142
v  -2.4090 5.5296 1.3886
v  -2.4376 5.3730 1.3535
v  -2.3822 5.2237 1.3185
v  -2.2576 5.1218 1.2928
v  -2.0971 5.0946 1.2834
v  -1.9438 5.1493 1.2928
v  -1.8388 5.2713 1.3185
v  -1.8101 5.4279 1.3535
v  -1.8655 5.5772 1.3886
v  -1.9902 5.6791 1.4142
v  -2.1333 5.5085 2.1130
v  -2.2867 5.4551 2.0991
v  -2.3921 5.3366 2.0610
v  -2.4212 5.1849 2.0090
v  -2.3662 5.0405 1.9570
v  -2.2419 4.9421 1.9189
v  -2.0815 4.9162 1.9050
v  -1.9281 4.9696 1.9189
v  -1.8227 5.0880 1.9570
v  -1.7937 5.2398 2.0090
v  -1.8487 5.3842 2.0610
v  -1.9730 5.4825 2.0991
v  -2.1094 5.2350 2.7758
v  -2.2630 5.1834 2.7575
v  -2.3688 5.0699 2.7075
v  -2.3984 4.9248 2.6392
v  -2.3440 4.7872 2.5708
v  -2.2201 4.6938 2.5208
v  -2.0599 4.6696 2.5025
v  -1.9064 4.7212 2.5208
v  -1.8006 4.8347 2.5708
v  -1.7709 4.9797 2.6392
v  -1.8253 5.1174 2.7075
v  -1.9492 5.2108 2.7575
v  -2.0792 4.8893 3.4037
v  -2.2329 4.8400 3.3813
v  -2.3393 4.7327 3.3200
v  -2.3697 4.5961 3.2362
v  -2.3160 4.4670 3.1524
v  -2.1927 4.3798 3.0911
v  -2.0327 4.3579 3.0686
v  -1.8789 4.4072 3.0911
v  -1.7726 4.5145 3.1524
v  -1.7422 4.6510 3.2362
v  -1.7958 4.7802 3.3200
v  -1.9192 4.8674 3.3813
v  -2.0430 4.4757 3.9889
v  -2.1970 4.4291 3.9626
v  -2.3040 4.3293 3.8907
v  -2.3353 4.2029 3.7925
v  -2.2825 4.0840 3.6943
v  -2.1598 4.0042 3.6224
v  -2.0001 3.9851 3.5961
v  -1.8460 4.0317 3.6224
v  -1.7391 4.1315 3.6943
v  -1.7078 4.2578 3.7925
v  -1.7605 4.3768 3.8907
v  -1.8832 4.4565 3.9626
v  -2.0013 3.9994 4.5238
v  -2.1556 3.9560 4.4940
v  -2.2633 3.8647 4.4125
v  -2.2957 3.7501 4.3011
v  -2.2439 3.6429 4.1897
v  -2.1220 3.5717 4.1082
v  -1.9625 3.5557 4.0784
v  -1.8082 3.5992 4.1082
v  -1.7005 3.6904 4.1897
v  -1.6681 3.8050 4.3011
v  -1.7199 3.9123 4.4125
v  -1.8418 3.9834 4.4940
v  -1.9547 3.4665 5.0019
v  -2.1093 3.4266 4.9689
v  -2.2179 3.3449 4.8788
v  -2.2513 3.2435 4.7556
v  -2.2007 3.1493 4.6325
v  -2.0796 3.0878 4.5424
v  -1.9205 3.0753 4.5094
v  -1.7659 3.1152 4.5424
v  -1.6573 3.1969 4.6325
v  -1.6238 3.2984 4.7556
v  -1.6744 3.3925 4.8788
v  -1.7955 3.4540 4.9689
v  -1.9037 2.8836 5.4170
v  -2.0586 2.8476 5.3813
v  -2.1681 2.7764 5.2837
v  -2.2028 2.6893 5.1504
v  -2.1535 2.6095 5.0170
v  -2.0333 2.5584 4.9194
v  -1.8745 2.5498 4.8837
v  -1.7196 2.5859 4.9194
v  -1.6101 2.6570 5.0170
v  -1.5753 2.7442 5.1504
v  -1.6247 2.8240 5.2837
v  -1.7449 2.8750 5.3813
v  -1.8490 2.2581 5.7641
v  -2.0043 2.2262 5.7261
v  -2.1147 2.1663 5.6222
v  -2.1508 2.0945 5.4803
v  -2.1028 2.0301 5.3384
v  -1.9836 1.9904 5.2346
v  -1.8251 1.9858 5.1965
v  -1.6699 2.0178 5.2346
v  -1.5594 2.0777 5.3384
v  -1.5233 2.1494 5.4803
v  -1.5713 2.2138 5.6222
v  -1.6905 2.2536 5.7261
v  -1.7912 1.5978 6.0386
v  -1.9469 1.5702 5.9988
v  -2.0584 1.5222 5.8900
v  -2.0959 1.4667 5.7413
v  -2.0493 1.4186 5.5927
v  -1.9312 1.3907 5.4839
v  -1.7731 1.3906 5.4441
v  -1.6174 1.4182 5.4839
v  -1.5059 1.4661 5.5927
v  -1.4684 1.5216 5.7413
v  -1.5149 1.5698 5.8900
v  -1.6331 1.5977 5.9988
v  -1.7311 0.9110 6.2372
v  -1.8872 0.8880 6.1961
v  -1.9998 0.8524 6.0837
v  -2.0388 0.8138 5.9302
v  -1.9937 0.7825 5.7766
v  -1.8766 0.7670 5.6642
v  -1.7189 0.7714 5.6231
v  -1.5628 0.7945 5.6642
v  -1.4502 0.8301 5.7766
v  -1.4112 0.8687 5.9302
v  -1.4563 0.8999 6.0837
v  -1.5734 0.9154 6.1961
v  -1.6695 0.2064 6.3574
v  -1.8259 0.1880 6.3155
v  -1.9397 0.1651 6.2009
v  -1.9802 0.1438 6.0444
v  -1.9366 0.1300 5.8879
v  -1.8206 0.1272 5.7734
v  -1.6633 0.1362 5.7315
v  -1.5069 0.1546 5.7734
v  -1.3931 0.1775 5.8879
v  -1.3526 0.1988 6.0444
v  -1.3962 0.2126 6.2009
v  -1.5122 0.2154 6.3155
v  -1.6070 -0.5072 6.3976
v  -1.7639 -0.5209 6.3554
v  -1.8788 -0.5309 6.2402
v  -1.9208 -0.5346 6.0827
v  -1.8788 -0.5309 5.9252
v  -1.7639 -0.5209 5.8099
v  -1.6070 -0.5072 5.7677
v  -1.4502 -0.4934 5.8099
v  -1.3353 -0.4834 5.9252
v  -1.2933 -0.4797 6.0827
v  -1.3353 -0.4834 6.2402
v  -1.4502 -0.4934 6.3554
v  -1.6070 -0.5071 -6.3976
v  -1.7639 -0.5209 -6.3554
v  -1.8788 -0.5309 -6.2402
v  -1.9208 -0.5346 -6.0827
v  -1.8788 -0.5309 -5.9252
v  -1.7639 -0.5209 -5.8099
v  -1.6070 -0.5071 -5.7677
v  -1.4502 -0.4934 -5.8099
v  -1.3353 -0.4834 -5.9252
v  -1.2933 -0.4797 -6.0827
v  -1.3353 -0.4834 -6.2402
v  -1.4502 -0.4934 -6.3554
v  -1.6695 0.2064 -6.3574
v  -1.8259 0.1880 -6.3155
v  -1.9397 0.1651 -6.2009
v  -1.9802 0.1439 -6.0444
v  -1.9366 0.1300 -5.8879
v  -1.8206 0.1272 -5.7734
v  -1.6633 0.1362 -5.7314
v  -1.5068 0.1546 -5.7734
v  -1.3931 0.1775 -5.8879
v  -1.3526 0.1988 -6.0444
v  -1.3962 0.2126 -6.2009
v  -1.5122 0.2155 -6.3155
v  -1.7311 0.9110 -6.2372
v  -1.8872 0.8880 -6.1961
v  -1.9998 0.8524 -6.0837
v  -2.0388 0.8138 -5.9302
v  -1.9937 0.7825 -5.7766
v  -1.8766 0.7670 -5.6642
v  -1.7189 0.7714 -5.6231
v  -1.5628 0.7945 -5.6642
v  -1.4502 0.8301 -5.7766
v  -1.4112 0.8687 -5.9302
v  -1.4563 0.8999 -6.0837
v  -1.5734 0.9154 -6.1961
v  -1.7912 1.5978 -6.0386
v  -1.9469 1.5702 -5.9988
v  -2.0584 1.5222 -5.8900
v  -2.0959 1.4667 -5.7413
v  -2.0493 1.4186 -5.5927
v  -1.9312 1.3907 -5.4839
v  -1.7731 1.3906 -5.4440
v  -1.6174 1.4182 -5.4839
v  -1.5059 1.4661 -5.5927
v  -1.4684 1.5216 -5.7413
v  -1.5149 1.5698 -5.8900
v  -1.6331 1.5977 -5.9988
v  -1.8490 2.2581 -5.7641
v  -2.0043 2.2262 -5.7261
v  -2.1147 2.1663 -5.6222
v  -2.1508 2.0945 -5.4803
v  -2.1028 2.0301 -5.3384
v  -1.9836 1.9904 -5.2345
v  -1.8251 1.9858 -5.1965
v  -1.6699 2.0178 -5.2345
v  -1.5594 2.0777 -5.3384
v  -1.5233 2.1494 -5.4803
v  -1.5713 2.2138 -5.6222
v  -1.6905 2.2536 -5.7261
v  -1.9037 2.8836 -5.4170
v  -2.0586 2.8476 -5.3813
v  -2.1681 2.7764 -5.2837
v  -2.2028 2.6893 -5.1503
v  -2.1535 2.6095 -5.0170
v  -2.0333 2.5584 -4.9194
v  -1.8745 2.5498 -4.8837
v  -1.7196 2.5859 -4.9194
v  -1.6101 2.6570 -5.0170
v  -1.5753 2.7442 -5.1503
v  -1.6247 2.8240 -5.2837
v  -1.7449 2.8750 -5.3813
v  -1.9547 3.4665 -5.0019
v  -2.1093 3.4266 -4.9689
v  -2.2179 3.3449 -4.8787
v  -2.2513 3.2435 -4.7556
v  -2.2007 3.1493 -4.6325
v  -2.0796 3.0878 -4.5424
v  -1.9205 3.0753 -4.5094
v  -1.7659 3.1152 -4.5424
v  -1.6573 3.1969 -4.6325
v  -1.6238 3.2984 -4.7556
v  -1.6744 3.3925 -4.8787
v  -1.7955 3.4541 -4.9689
v  -2.0013 3.9995 -4.5238
v  -2.1556 3.9560 -4.4940
v  -2.2633 3.8647 -4.4125
v  -2.2957 3.7501 -4.3011
v  -2.2439 3.6429 -4.1897
v  -2.1220 3.5717 -4.1082
v  -1.9625 3.5557 -4.0784
v  -1.8082 3.5992 -4.1082
v  -1.7005 3.6904 -4.1897
v  -1.6681 3.8050 -4.3011
v  -1.7199 3.9123 -4.4125
v  -1.8418 3.9835 -4.4940
v  -2.0430 4.4757 -3.9889
v  -2.1970 4.4291 -3.9625
v  -2.3040 4.3293 -3.8907
v  -2.3353 4.2029 -3.7925
v  -2.2825 4.0840 -3.6943
v  -2.1598 4.0042 -3.6224
v  -2.0001 3.9851 -3.5961
v  -1.8460 4.0317 -3.6224
v  -1.7391 4.1315 -3.6943
v  -1.7078 4.2578 -3.7925
v  -1.7605 4.3768 -3.8907
v  -1.8832 4.4566 -3.9625
v  -2.0792 4.8893 -3.4037
v  -2.2329 4.8400 -3.3813
v  -2.3393 4.7327 -3.3200
v  -2.3697 4.5962 -3.2362
v  -2.3160 4.4670 -3.1524
v  -2.1927 4.3798 -3.0911
v  -2.0327 4.3579 -3.0686
v  -1.8789 4.4073 -3.0911
v  -1.7726 4.5145 -3.1524
v  -1.7422 4.6511 -3.2362
v  -1.7958 4.7802 -3.3200
v  -1.9192 4.8674 -3.3813
v  -2.1094 5.2350 -2.7758
v  -2.2630 5.1834 -2.7575
v  -2.3688 5.0699 -2.7075
v  -2.3984 4.9248 -2.6392
v  -2.3440 4.7872 -2.5708
v  -2.2201 4.6938 -2.5208
v  -2.0599 4.6696 -2.5025
v  -1.9064 4.7212 -2.5208
v  -1.8006 4.8347 -2.5708
v  -1.7709 4.9798 -2.6392
v  -1.8253 5.1174 -2.7075
v  -1.9492 5.2108 -2.7575
v  -2.1333 5.5085 -2.1130
v  -2.2867 5.4551 -2.0991
v  -2.3921 5.3366 -2.0610
v  -2.4212 5.1849 -2.0090
v  -2.3662 5.0405 -1.9570
v  -2.2419 4.9421 -1.9189
v  -2.0815 4.9162 -1.9049
v  -1.9281 4.9696 -1.9189
v  -1.8227 5.0880 -1.9570
v  -1.7937 5.2398 -2.0090
v  -1.8487 5.3842 -2.0610
v  -1.9730 5.4825 -2.0991
v  -2.1506 5.7064 -1.4236
v  -2.3039 5.6516 -1.4142
v  -2.4090 5.5296 -1.3886
v  -2.4376 5.3730 -1.3535
v  -2.3822 5.2237 -1.3185
v  -2.2576 5.1218 -1.2928
v  -2.0971 5.0946 -1.2834
v  -1.9438 5.1493 -1.2928
v  -1.8388 5.2713 -1.3185
v  -1.8101 5.4279 -1.3535
v  -1.8655 5.5772 -1.3886
v  -1.9902 5.6791 -1.4142
v  -2.1611 5.8261 -0.7163
v  -2.3143 5.7706 -0.7116
v  -2.4192 5.6464 -0.6987
v  -2.4476 5.4868 -0.6810
v  -2.3919 5.3346 -0.6634
v  -2.2671 5.2305 -0.6505
v  -2.1066 5.2025 -0.6458
v  -1.9533 5.2580 -0.6505
v  -1.8485 5.3822 -0.6634
v  -1.8201 5.5417 -0.6810
v  -1.8758 5.6939 -0.6987
v  -2.0006 5.7980 -0.7116
v  1.1477 -5.7392 6.3976
v  0.9902 -5.7392 6.3554
v  0.8750 -5.7392 6.2402
v  0.8328 -5.7392 6.0827
v  0.8750 -5.7392 5.9252
v  0.9902 -5.7392 5.8099
v  1.1477 -5.7392 5.7677
v  1.3052 -5.7392 5.8099
v  1.4205 -5.7392 5.9252
v  1.4627 -5.7392 6.0827
v  1.4205 -5.7392 6.2402
v  1.3052 -5.7392 6.3554
v  0.9902 -5.7392 -6.3554
v  1.1477 -5.7392 -6.3976
v  1.3052 -5.7392 -6.3554
v  1.4205 -5.7392 -6.2402
v  1.4627 -5.7392 -6.0827
v  1.4205 -5.7392 -5.9252
v  1.3052 -5.7392 -5.8099
v  1.1477 -5.7392 -5.7677
v  0.9902 -5.7392 -5.8099
v  0.8750 -5.7392 -5.9252
v  0.8328 -5.7392 -6.0827
v  0.8750 -5.7392 -6.2402
v  -1.1493 -5.7392 6.3976
v  -1.3068 -5.7392 6.3554
v  -1.4221 -5.7392 6.2402
v  -1.4643 -5.7392 6.0827
v  -1.4221 -5.7392 5.9252
v  -1.3068 -5.7392 5.8099
v  -1.1493 -5.7392 5.7677
v  -0.9918 -5.7392 5.8099
v  -0.8765 -5.7392 5.9252
v  -0.8343 -5.7392 6.0827
v  -0.8765 -5.7392 6.2402
v  -0.9918 -5.7392 6.3554
v  -1.3068 -5.7392 -6.3554
v  -1.1493 -5.7392 -6.3976
v  -0.9918 -5.7392 -6.3554
v  -0.8765 -5.7392 -6.2402
v  -0.8343 -5.7392 -6.0827
v  -0.8765 -5.7392 -5.9252
v  -0.9918 -5.7392 -5.8099
v  -1.1493 -5.7392 -5.7677
v  -1.3068 -5.7392 -5.8099
v  -1.4221 -5.7392 -5.9252
v  -1.4643 -5.7392 -6.0827
v  -1.4221 -5.7392 -6.2402
v  13.7674 5.8661 -0.0000
v  13.6068 5.8378 -0.0000
v  13.4819 5.7330 -0.0000
v  13.4262 5.5798 -0.0000
v  13.4545 5.4193 -0.0000
v  13.5593 5.2944 -0.0000
v  13.7125 5.2386 -0.0000
v  13.8730 5.2669 -0.0000
v  13.9979 5.3717 -0.0000
v  14.0537 5.5249 -0.0000
v  14.0254 5.6855 -0.0000
v  13.9206 5.8104 -0.0000
v  13.7639 5.8261 0.7163
v  13.6033 5.7980 0.7116
v  13.4785 5.6939 0.6987
v  13.4228 5.5417 0.6810
v  13.4512 5.3822 0.6634
v  13.5561 5.2580 0.6505
v  13.7093 5.2025 0.6458
v  13.8699 5.2305 0.6505
v  13.9947 5.3346 0.6634
v  14.0504 5.4868 0.6810
v  14.0220 5.6464 0.6987
v  13.9171 5.7706 0.7116
v  13.7534 5.7063 1.4236
v  13.5929 5.6791 1.4142
v  13.4683 5.5772 1.3886
v  13.4129 5.4279 1.3535
v  13.4415 5.2713 1.3185
v  13.5466 5.1493 1.2928
v  13.6999 5.0946 1.2834
v  13.8603 5.1218 1.2928
v  13.9850 5.2237 1.3185
v  14.0404 5.3730 1.3535
v  14.0117 5.5296 1.3886
v  13.9067 5.6516 1.4142
v  13.7361 5.5085 2.1130
v  13.5757 5.4825 2.0991
v  13.4514 5.3842 2.0610
v  13.3964 5.2398 2.0090
v  13.4255 5.0880 1.9570
v  13.5309 4.9696 1.9189
v  13.6843 4.9162 1.9050
v  13.8446 4.9421 1.9189
v  13.9690 5.0405 1.9570
v  14.0239 5.1849 2.0090
v  13.9949 5.3366 2.0610
v  13.8895 5.4551 2.0991
v  13.7122 5.2350 2.7758
v  13.5520 5.2108 2.7575
v  13.4281 5.1174 2.7075
v  13.3737 4.9797 2.6392
v  13.4033 4.8347 2.5708
v  13.5091 4.7212 2.5208
v  13.6627 4.6696 2.5025
v  13.8229 4.6938 2.5208
v  13.9468 4.7872 2.5708
v  14.0012 4.9248 2.6392
v  13.9715 5.0699 2.7075
v  13.8657 5.1834 2.7575
v  13.6819 4.8893 3.4037
v  13.5219 4.8674 3.3813
v  13.3986 4.7802 3.3200
v  13.3449 4.6511 3.2362
v  13.3753 4.5145 3.1524
v  13.4817 4.4072 3.0911
v  13.6354 4.3579 3.0686
v  13.7954 4.3798 3.0911
v  13.9188 4.4670 3.1524
v  13.9724 4.5961 3.2362
v  13.9420 4.7327 3.3200
v  13.8357 4.8400 3.3813
v  13.6457 4.4757 3.9889
v  13.4860 4.4565 3.9626
v  13.3633 4.3768 3.8907
v  13.3105 4.2578 3.7925
v  13.3418 4.1315 3.6943
v  13.4488 4.0317 3.6224
v  13.6028 3.9851 3.5961
v  13.7626 4.0042 3.6224
v  13.8853 4.0840 3.6943
v  13.9380 4.2029 3.7925
v  13.9067 4.3293 3.8907
v  13.7997 4.4291 3.9626
v  13.6041 3.9994 4.5238
v  13.4446 3.9834 4.4940
v  13.3226 3.9123 4.4125
v  13.2709 3.8050 4.3011
v  13.3032 3.6904 4.1897
v  13.4110 3.5992 4.1082
v  13.5652 3.5557 4.0784
v  13.7247 3.5717 4.1082
v  13.8467 3.6429 4.1897
v  13.8984 3.7501 4.3011
v  13.8661 3.8647 4.4125
v  13.7583 3.9560 4.4940
v  13.5574 3.4665 5.0019
v  13.3983 3.4540 4.9689
v  13.2772 3.3925 4.8788
v  13.2266 3.2984 4.7556
v  13.2600 3.1969 4.6325
v  13.3686 3.1152 4.5424
v  13.5232 3.0753 4.5094
v  13.6824 3.0878 4.5424
v  13.8035 3.1493 4.6325
v  13.8541 3.2435 4.7556
v  13.8206 3.3449 4.8788
v  13.7120 3.4266 4.9689
v  13.5064 2.8836 5.4170
v  13.3476 2.8750 5.3813
v  13.2274 2.8240 5.2837
v  13.1781 2.7442 5.1504
v  13.2128 2.6570 5.0170
v  13.3223 2.5859 4.9194
v  13.4772 2.5498 4.8837
v  13.6361 2.5584 4.9194
v  13.7563 2.6095 5.0170
v  13.8056 2.6893 5.1504
v  13.7709 2.7764 5.2837
v  13.6614 2.8476 5.3813
v  13.4517 2.2581 5.7641
v  13.2932 2.2536 5.7261
v  13.1740 2.2138 5.6222
v  13.1260 2.1494 5.4803
v  13.1621 2.0777 5.3384
v  13.2726 2.0178 5.2346
v  13.4279 1.9858 5.1965
v  13.5864 1.9904 5.2346
v  13.7056 2.0301 5.3384
v  13.7536 2.0945 5.4803
v  13.7175 2.1663 5.6222
v  13.6070 2.2262 5.7261
v  13.3940 1.5978 6.0386
v  13.2359 1.5977 5.9988
v  13.1177 1.5698 5.8900
v  13.0711 1.5216 5.7413
v  13.1086 1.4661 5.5927
v  13.2202 1.4182 5.4839
v  13.3758 1.3906 5.4441
v  13.5339 1.3907 5.4839
v  13.6521 1.4186 5.5927
v  13.6986 1.4667 5.7413
v  13.6611 1.5222 5.8900
v  13.5496 1.5702 5.9988
v  13.3339 0.9110 6.2372
v  13.1762 0.9154 6.1961
v  13.0591 0.8999 6.0837
v  13.0140 0.8687 5.9302
v  13.0530 0.8301 5.7766
v  13.1656 0.7945 5.6642
v  13.3216 0.7714 5.6231
v  13.4793 0.7670 5.6642
v  13.5964 0.7825 5.7766
v  13.6415 0.8138 5.9302
v  13.6025 0.8524 6.0837
v  13.4899 0.8880 6.1961
v  13.2722 0.2064 6.3574
v  13.1149 0.2154 6.3155
v  12.9990 0.2126 6.2009
v  12.9554 0.1988 6.0444
v  12.9959 0.1775 5.8879
v  13.1096 0.1546 5.7734
v  13.2661 0.1362 5.7315
v  13.4234 0.1272 5.7734
v  13.5393 0.1300 5.8879
v  13.5829 0.1438 6.0444
v  13.5424 0.1651 6.2009
v  13.4287 0.1880 6.3155
v  13.2098 -0.5072 6.3976
v  13.0529 -0.4934 6.3554
v  12.9381 -0.4834 6.2402
v  12.8960 -0.4797 6.0827
v  12.9381 -0.4834 5.9252
v  13.0529 -0.4934 5.8099
v  13.2098 -0.5072 5.7677
v  13.3667 -0.5209 5.8099
v  13.4815 -0.5309 5.9252
v  13.5236 -0.5346 6.0827
v  13.4815 -0.5309 6.2402
v  13.3667 -0.5209 6.3554
v  13.2098 -0.5071 -6.3976
v  13.0529 -0.4934 -6.3554
v  12.9381 -0.4834 -6.2402
v  12.8960 -0.4797 -6.0827
v  12.9381 -0.4834 -5.9252
v  13.0529 -0.4934 -5.8099
v  13.2098 -0.5071 -5.7677
v  13.3667 -0.5209 -5.8099
v  13.4815 -0.5309 -5.9252
v  13.5236 -0.5346 -6.0827
v  13.4815 -0.5309 -6.2402
v  13.3667 -0.5209 -6.3554
v  13.2722 0.2064 -6.3574
v  13.1149 0.2155 -6.3155
v  12.9990 0.2126 -6.2009
v  12.9554 0.1988 -6.0444
v  12.9959 0.1775 -5.8879
v  13.1096 0.1546 -5.7734
v  13.2661 0.1362 -5.7315
v  13.4234 0.1272 -5.7734
v  13.5393 0.1300 -5.8879
v  13.5829 0.1439 -6.0444
v  13.5424 0.1651 -6.2009
v  13.4287 0.1880 -6.3155
v  13.3339 0.9110 -6.2372
v  13.1762 0.9154 -6.1961
v  13.0591 0.8999 -6.0837
v  13.0140 0.8687 -5.9302
v  13.0530 0.8301 -5.7766
v  13.1656 0.7945 -5.6642
v  13.3217 0.7714 -5.6231
v  13.4794 0.7670 -5.6642
v  13.5964 0.7825 -5.7766
v  13.6415 0.8138 -5.9302
v  13.6025 0.8524 -6.0837
v  13.4899 0.8880 -6.1961
v  13.3940 1.5978 -6.0386
v  13.2359 1.5977 -5.9988
v  13.1177 1.5698 -5.8900
v  13.0711 1.5216 -5.7413
v  13.1086 1.4661 -5.5927
v  13.2202 1.4182 -5.4839
v  13.3758 1.3906 -5.4440
v  13.5339 1.3907 -5.4839
v  13.6521 1.4186 -5.5927
v  13.6986 1.4667 -5.7413
v  13.6611 1.5222 -5.8900
v  13.5496 1.5702 -5.9988
v  13.4517 2.2581 -5.7641
v  13.2932 2.2536 -5.7261
v  13.1740 2.2138 -5.6222
v  13.1260 2.1494 -5.4803
v  13.1621 2.0777 -5.3384
v  13.2726 2.0178 -5.2345
v  13.4279 1.9858 -5.1965
v  13.5864 1.9904 -5.2345
v  13.7056 2.0301 -5.3384
v  13.7536 2.0945 -5.4803
v  13.7175 2.1663 -5.6222
v  13.6070 2.2262 -5.7261
v  13.5064 2.8837 -5.4170
v  13.3476 2.8750 -5.3813
v  13.2274 2.8240 -5.2837
v  13.1781 2.7442 -5.1503
v  13.2128 2.6570 -5.0170
v  13.3223 2.5859 -4.9194
v  13.4772 2.5498 -4.8837
v  13.6361 2.5584 -4.9194
v  13.7563 2.6095 -5.0170
v  13.8056 2.6893 -5.1503
v  13.7709 2.7764 -5.2837
v  13.6614 2.8476 -5.3813
v  13.5574 3.4665 -5.0019
v  13.3983 3.4541 -4.9689
v  13.2772 3.3925 -4.8787
v  13.2266 3.2984 -4.7556
v  13.2600 3.1969 -4.6325
v  13.3686 3.1152 -4.5424
v  13.5232 3.0753 -4.5094
v  13.6824 3.0878 -4.5424
v  13.8035 3.1493 -4.6325
v  13.8541 3.2435 -4.7556
v  13.8206 3.3450 -4.8787
v  13.7120 3.4266 -4.9689
v  13.6041 3.9995 -4.5238
v  13.4446 3.9835 -4.4940
v  13.3226 3.9123 -4.4125
v  13.2709 3.8050 -4.3011
v  13.3032 3.6904 -4.1897
v  13.4110 3.5992 -4.1082
v  13.5652 3.5557 -4.0784
v  13.7247 3.5717 -4.1082
v  13.8467 3.6429 -4.1897
v  13.8984 3.7501 -4.3011
v  13.8661 3.8647 -4.4125
v  13.7583 3.9560 -4.4940
v  13.6457 4.4757 -3.9889
v  13.4860 4.4566 -3.9625
v  13.3633 4.3768 -3.8907
v  13.3105 4.2578 -3.7925
v  13.3418 4.1315 -3.6943
v  13.4488 4.0317 -3.6224
v  13.6028 3.9851 -3.5961
v  13.7626 4.0042 -3.6224
v  13.8853 4.0840 -3.6943
v  13.9380 4.2029 -3.7925
v  13.9067 4.3293 -3.8907
v  13.7997 4.4291 -3.9625
v  13.6819 4.8893 -3.4037
v  13.5219 4.8674 -3.3813
v  13.3986 4.7802 -3.3200
v  13.3449 4.6511 -3.2362
v  13.3753 4.5145 -3.1524
v  13.4817 4.4073 -3.0911
v  13.6354 4.3579 -3.0686
v  13.7954 4.3798 -3.0911
v  13.9188 4.4670 -3.1524
v  13.9724 4.5962 -3.2362
v  13.9420 4.7327 -3.3200
v  13.8357 4.8400 -3.3813
v  13.7122 5.2350 -2.7758
v  13.5520 5.2108 -2.7575
v  13.4281 5.1174 -2.7075
v  13.3737 4.9798 -2.6392
v  13.4033 4.8347 -2.5708
v  13.5091 4.7212 -2.5208
v  13.6627 4.6696 -2.5025
v  13.8229 4.6938 -2.5208
v  13.9468 4.7872 -2.5708
v  14.0012 4.9249 -2.6392
v  13.9715 5.0699 -2.7075
v  13.8657 5.1834 -2.7575
v  13.7361 5.5085 -2.1130
v  13.5757 5.4825 -2.0991
v  13.4514 5.3842 -2.0610
v  13.3964 5.2398 -2.0090
v  13.4255 5.0880 -1.9570
v  13.5309 4.9696 -1.9189
v  13.6843 4.9162 -1.9049
v  13.8446 4.9421 -1.9189
v  13.9690 5.0405 -1.9570
v  14.0239 5.1849 -2.0090
v  13.9949 5.3366 -2.0610
v  13.8895 5.4551 -2.0991
v  13.7534 5.7064 -1.4236
v  13.5929 5.6791 -1.4142
v  13.4683 5.5772 -1.3886
v  13.4129 5.4279 -1.3535
v  13.4415 5.2713 -1.3185
v  13.5466 5.1493 -1.2928
v  13.6999 5.0946 -1.2834
v  13.8603 5.1218 -1.2928
v  13.9850 5.2237 -1.3185
v  14.0404 5.3730 -1.3535
v  14.0117 5.5296 -1.3886
v  13.9067 5.6516 -1.4142
v  13.7639 5.8261 -0.7163
v  13.6033 5.7980 -0.7116
v  13.4785 5.6939 -0.6987
v  13.4228 5.5417 -0.6810
v  13.4512 5.3822 -0.6634
v  13.5561 5.2580 -0.6505
v  13.7093 5.2025 -0.6458
v  13.8699 5.2305 -0.6505
v  13.9947 5.3346 -0.6634
v  14.0504 5.4868 -0.6810
v  14.0220 5.6464 -0.6987
v  13.9171 5.7706 -0.7116
v  9.4397 5.8661 -0.0000
v  9.2865 5.8104 -0.0000
v  9.1817 5.6855 -0.0000
v  9.1534 5.5249 -0.0000
v  9.2092 5.3717 -0.0000
v  9.3340 5.2669 -0.0000
v  9.4946 5.2386 -0.0000
v  9.6478 5.2944 -0.0000
v  9.7526 5.4193 -0.0000
v  9.7809 5.5798 -0.0000
v  9.7252 5.7330 -0.0000
v  9.6003 5.8378 -0.0000
v  9.4432 5.8261 0.7163
v  9.2900 5.7706 0.7116
v  9.1851 5.6464 0.6987
v  9.1567 5.4868 0.6810
v  9.2124 5.3346 0.6634
v  9.3372 5.2305 0.6505
v  9.4978 5.2025 0.6458
v  9.6510 5.2580 0.6505
v  9.7559 5.3822 0.6634
v  9.7843 5.5417 0.6810
v  9.7286 5.6939 0.6987
v  9.6037 5.7980 0.7116
v  9.4537 5.7063 1.4236
v  9.3004 5.6516 1.4142
v  9.1953 5.5296 1.3886
v  9.1667 5.3730 1.3535
v  9.2221 5.2237 1.3185
v  9.3467 5.1218 1.2928
v  9.5072 5.0946 1.2834
v  9.6605 5.1493 1.2928
v  9.7656 5.2713 1.3185
v  9.7942 5.4279 1.3535
v  9.7388 5.5772 1.3886
v  9.6142 5.6791 1.4142
v  9.4710 5.5085 2.1130
v  9.3176 5.4551 2.0991
v  9.2122 5.3366 2.0610
v  9.1831 5.1849 2.0090
v  9.2381 5.0405 1.9570
v  9.3625 4.9421 1.9189
v  9.5228 4.9162 1.9050
v  9.6762 4.9696 1.9189
v  9.7816 5.0880 1.9570
v  9.8107 5.2398 2.0090
v  9.7557 5.3842 2.0610
v  9.6313 5.4825 2.0991
v  9.4949 5.2350 2.7758
v  9.3414 5.1834 2.7575
v  9.2356 5.0699 2.7075
v  9.2059 4.9248 2.6392
v  9.2603 4.7872 2.5708
v  9.3842 4.6938 2.5208
v  9.5444 4.6696 2.5025
v  9.6980 4.7212 2.5208
v  9.8037 4.8347 2.5708
v  9.8334 4.9797 2.6392
v  9.7790 5.1174 2.7075
v  9.6551 5.2108 2.7575
v  9.5252 4.8893 3.4037
v  9.3714 4.8400 3.3813
v  9.2651 4.7327 3.3200
v  9.2346 4.5961 3.2362
v  9.2883 4.4670 3.1524
v  9.4117 4.3798 3.0911
v  9.5717 4.3579 3.0686
v  9.7254 4.4072 3.0911
v  9.8318 4.5145 3.1524
v  9.8622 4.6510 3.2362
v  9.8085 4.7802 3.3200
v  9.6852 4.8674 3.3813
v  9.5614 4.4757 3.9889
v  9.4073 4.4291 3.9626
v  9.3004 4.3293 3.8907
v  9.2691 4.2029 3.7925
v  9.3218 4.0840 3.6943
v  9.4445 4.0042 3.6224
v  9.6043 3.9851 3.5961
v  9.7583 4.0317 3.6224
v  9.8653 4.1315 3.6943
v  9.8966 4.2578 3.7925
v  9.8438 4.3768 3.8907
v  9.7211 4.4565 3.9626
v  9.6030 3.9994 4.5238
v  9.4487 3.9560 4.4940
v  9.3410 3.8647 4.4125
v  9.3087 3.7501 4.3011
v  9.3604 3.6429 4.1897
v  9.4824 3.5717 4.1082
v  9.6418 3.5557 4.0784
v  9.7961 3.5992 4.1082
v  9.9039 3.6904 4.1897
v  9.9362 3.8050 4.3011
v  9.8844 3.9123 4.4125
v  9.7625 3.9834 4.4940
v  9.6496 3.4665 5.0019
v  9.4951 3.4266 4.9689
v  9.3865 3.3449 4.8788
v  9.3530 3.2435 4.7556
v  9.4036 3.1493 4.6325
v  9.5247 3.0878 4.5424
v  9.6839 3.0753 4.5094
v  9.8385 3.1152 4.5424
v  9.9470 3.1969 4.6325
v  9.9805 3.2984 4.7556
v  9.9299 3.3925 4.8788
v  9.8088 3.4540 4.9689
v  9.7006 2.8836 5.4170
v  9.5457 2.8476 5.3813
v  9.4362 2.7764 5.2837
v  9.4015 2.6893 5.1504
v  9.4508 2.6095 5.0170
v  9.5710 2.5584 4.9194
v  9.7298 2.5498 4.8837
v  9.8848 2.5859 4.9194
v  9.9943 2.6570 5.0170
v  10.0290 2.7442 5.1504
v  9.9797 2.8240 5.2837
v  9.8595 2.8750 5.3813
v  9.7554 2.2581 5.7641
v  9.6001 2.2262 5.7261
v  9.4896 2.1663 5.6222
v  9.4535 2.0945 5.4803
v  9.5015 2.0301 5.3384
v  9.6207 1.9904 5.2346
v  9.7792 1.9858 5.1965
v  9.9345 2.0178 5.2346
v  10.0450 2.0777 5.3384
v  10.0810 2.1494 5.4803
v  10.0330 2.2138 5.6222
v  9.9138 2.2536 5.7261
v  9.8131 1.5978 6.0386
v  9.6575 1.5702 5.9988
v  9.5459 1.5222 5.8900
v  9.5084 1.4667 5.7413
v  9.5550 1.4186 5.5927
v  9.6732 1.3907 5.4839
v  9.8313 1.3906 5.4441
v  9.9869 1.4182 5.4839
v  10.0985 1.4661 5.5927
v  10.1360 1.5216 5.7413
v  10.0894 1.5698 5.8900
v  9.9712 1.5977 5.9988
v  9.8732 0.9110 6.2372
v  9.7172 0.8880 6.1961
v  9.6045 0.8524 6.0837
v  9.5656 0.8138 5.9302
v  9.6107 0.7825 5.7766
v  9.7277 0.7670 5.6642
v  9.8854 0.7714 5.6231
v  10.0415 0.7945 5.6642
v  10.1541 0.8301 5.7766
v  10.1931 0.8687 5.9302
v  10.1480 0.8999 6.0837
v  10.0309 0.9154 6.1961
v  9.9349 0.2064 6.3574
v  9.7784 0.1880 6.3155
v  9.6647 0.1651 6.2009
v  9.6242 0.1438 6.0444
v  9.6677 0.1300 5.8879
v  9.7837 0.1272 5.7734
v  9.9410 0.1362 5.7315
v  10.0975 0.1546 5.7734
v  10.2112 0.1775 5.8879
v  10.2517 0.1988 6.0444
v  10.2081 0.2126 6.2009
v  10.0922 0.2154 6.3155
v  9.9973 -0.5072 6.3976
v  9.8404 -0.5209 6.3554
v  9.7256 -0.5309 6.2402
v  9.6835 -0.5346 6.0827
v  9.7256 -0.5309 5.9252
v  9.8404 -0.5209 5.8099
v  9.9973 -0.5072 5.7677
v  10.1542 -0.4934 5.8099
v  10.2690 -0.4834 5.9252
v  10.3111 -0.4797 6.0827
v  10.2690 -0.4834 6.2402
v  10.1542 -0.4934 6.3554
v  9.9973 -0.5071 -6.3976
v  9.8404 -0.5209 -6.3554
v  9.7256 -0.5309 -6.2402
v  9.6835 -0.5346 -6.0827
v  9.7256 -0.5309 -5.9252
v  9.8404 -0.5209 -5.8099
v  9.9973 -0.5071 -5.7677
v  10.1542 -0.4934 -5.8099
v  10.2690 -0.4834 -5.9252
v  10.3111 -0.4797 -6.0827
v  10.2690 -0.4834 -6.2402
v  10.1542 -0.4934 -6.3554
v  9.9349 0.2064 -6.3574
v  9.7784 0.1880 -6.3155
v  9.6647 0.1651 -6.2009
v  9.6242 0.1439 -6.0444
v  9.6677 0.1300 -5.8879
v  9.7837 0.1272 -5.7734
v  9.9410 0.1362 -5.7314
v  10.0975 0.1546 -5.7734
v  10.2112 0.1775 -5.8879
v  10.2517 0.1988 -6.0444
v  10.2081 0.2126 -6.2009
v  10.0922 0.2155 -6.3155
v  9.8732 0.9110 -6.2372
v  9.7172 0.8880 -6.1961
v  9.6045 0.8524 -6.0837
v  9.5656 0.8138 -5.9302
v  9.6107 0.7825 -5.7766
v  9.7277 0.7670 -5.6642
v  9.8854 0.7714 -5.6231
v  10.0415 0.7945 -5.6642
v  10.1541 0.8301 -5.7766
v  10.1931 0.8687 -5.9302
v  10.1480 0.8999 -6.0837
v  10.0309 0.9154 -6.1961
v  9.8131 1.5978 -6.0386
v  9.6575 1.5702 -5.9988
v  9.5459 1.5222 -5.8900
v  9.5084 1.4667 -5.7413
v  9.5550 1.4186 -5.5927
v  9.6732 1.3907 -5.4839
v  9.8313 1.3906 -5.4440
v  9.9869 1.4182 -5.4839
v  10.0985 1.4661 -5.5927
v  10.1360 1.5216 -5.7413
v  10.0894 1.5698 -5.8900
v  9.9712 1.5977 -5.9988
v  9.7554 2.2581 -5.7641
v  9.6001 2.2262 -5.7261
v  9.4896 2.1663 -5.6222
v  9.4535 2.0945 -5.4803
v  9.5015 2.0301 -5.3384
v  9.6207 1.9904 -5.2345
v  9.7792 1.9858 -5.1965
v  9.9345 2.0178 -5.2345
v  10.0450 2.0777 -5.3384
v  10.0810 2.1494 -5.4803
v  10.0330 2.2138 -5.6222
v  9.9138 2.2536 -5.7261
v  9.7006 2.8836 -5.4170
v  9.5457 2.8476 -5.3813
v  9.4362 2.7764 -5.2837
v  9.4015 2.6893 -5.1503
v  9.4508 2.6095 -5.0170
v  9.5710 2.5584 -4.9194
v  9.7298 2.5498 -4.8837
v  9.8848 2.5859 -4.9194
v  9.9943 2.6570 -5.0170
v  10.0290 2.7442 -5.1503
v  9.9797 2.8240 -5.2837
v  9.8595 2.8750 -5.3813
v  9.6496 3.4665 -5.0019
v  9.4951 3.4266 -4.9689
v  9.3865 3.3449 -4.8787
v  9.3530 3.2435 -4.7556
v  9.4036 3.1493 -4.6325
v  9.5247 3.0878 -4.5424
v  9.6839 3.0753 -4.5094
v  9.8385 3.1152 -4.5424
v  9.9470 3.1969 -4.6325
v  9.9805 3.2984 -4.7556
v  9.9299 3.3925 -4.8787
v  9.8088 3.4541 -4.9689
v  9.6030 3.9995 -4.5238
v  9.4487 3.9560 -4.4940
v  9.3410 3.8647 -4.4125
v  9.3087 3.7501 -4.3011
v  9.3604 3.6429 -4.1897
v  9.4824 3.5717 -4.1082
v  9.6418 3.5557 -4.0784
v  9.7961 3.5992 -4.1082
v  9.9039 3.6904 -4.1897
v  9.9362 3.8050 -4.3011
v  9.8845 3.9123 -4.4125
v  9.7625 3.9835 -4.4940
v  9.5614 4.4757 -3.9889
v  9.4073 4.4291 -3.9625
v  9.3004 4.3293 -3.8907
v  9.2691 4.2029 -3.7925
v  9.3218 4.0840 -3.6943
v  9.4445 4.0042 -3.6224
v  9.6043 3.9851 -3.5961
v  9.7583 4.0317 -3.6224
v  9.8653 4.1315 -3.6943
v  9.8966 4.2578 -3.7925
v  9.8438 4.3768 -3.8907
v  9.7211 4.4566 -3.9625
v  9.5252 4.8893 -3.4037
v  9.3714 4.8400 -3.3813
v  9.2651 4.7327 -3.3200
v  9.2347 4.5962 -3.2362
v  9.2883 4.4670 -3.1524
v  9.4117 4.3798 -3.0911
v  9.5717 4.3579 -3.0686
v  9.7254 4.4073 -3.0911
v  9.8318 4.5145 -3.1524
v  9.8622 4.6511 -3.2362
v  9.8085 4.7802 -3.3200
v  9.6852 4.8674 -3.3813
v  9.4949 5.2350 -2.7758
v  9.3414 5.1834 -2.7575
v  9.2356 5.0699 -2.7075
v  9.2059 4.9248 -2.6392
v  9.2603 4.7872 -2.5708
v  9.3842 4.6938 -2.5208
v  9.5444 4.6696 -2.5025
v  9.6980 4.7212 -2.5208
v  9.8037 4.8347 -2.5708
v  9.8334 4.9798 -2.6392
v  9.7790 5.1174 -2.7075
v  9.6551 5.2108 -2.7575
v  9.4710 5.5085 -2.1130
v  9.3176 5.4551 -2.0991
v  9.2122 5.3366 -2.0610
v  9.1831 5.1849 -2.0090
v  9.2381 5.0405 -1.9570
v  9.3625 4.9421 -1.9189
v  9.5228 4.9162 -1.9049
v  9.6762 4.9696 -1.9189
v  9.7816 5.0880 -1.9570
v  9.8107 5.2398 -2.0090
v  9.7557 5.3842 -2.0610
v  9.6313 5.4825 -2.0991
v  9.4537 5.7064 -1.4236
v  9.3004 5.6516 -1.4142
v  9.1953 5.5296 -1.3886
v  9.1667 5.3730 -1.3535
v  9.2221 5.2237 -1.3185
v  9.3467 5.1218 -1.2928
v  9.5072 5.0946 -1.2834
v  9.6605 5.1493 -1.2928
v  9.7656 5.2713 -1.3185
v  9.7942 5.4279 -1.3535
v  9.7388 5.5772 -1.3886
v  9.6142 5.6791 -1.4142
v  9.4432 5.8261 -0.7163
v  9.2900 5.7706 -0.7116
v  9.1851 5.6464 -0.6987
v  9.1567 5.4868 -0.6810
v  9.2124 5.3346 -0.6634
v  9.3372 5.2305 -0.6505
v  9.4978 5.2025 -0.6458
v  9.6510 5.2580 -0.6505
v  9.7559 5.3822 -0.6634
v  9.7843 5.5417 -0.6810
v  9.7286 5.6939 -0.6987
v  9.6037 5.7980 -0.7116
v  12.7520 -5.7392 6.3976
v  12.5946 -5.7392 6.3554
v  12.4793 -5.7392 6.2402
v  12.4371 -5.7392 6.0827
v  12.4793 -5.7392 5.9252
v  12.5946 -5.7392 5.8099
v  12.7520 -5.7392 5.7677
v  12.9095 -5.7392 5.8099
v  13.0248 -5.7392 5.9252
v  13.0670 -5.7392 6.0827
v  13.0248 -5.7392 6.2402
v  12.9095 -5.7392 6.3554
v  12.5946 -5.7392 -6.3554
v  12.7521 -5.7392 -6.3976
v  12.9095 -5.7392 -6.3554
v  13.0248 -5.7392 -6.2402
v  13.0670 -5.7392 -6.0827
v  13.0248 -5.7392 -5.9252
v  12.9095 -5.7392 -5.8099
v  12.7521 -5.7392 -5.7677
v  12.5946 -5.7392 -5.8099
v  12.4793 -5.7392 -5.9252
v  12.4371 -5.7392 -6.0827
v  12.4793 -5.7392 -6.2402
v  10.4550 -5.7392 6.3976
v  10.2976 -5.7392 6.3554
v  10.1823 -5.7392 6.2402
v  10.1401 -5.7392 6.0827
v  10.1823 -5.7392 5.9252
v  10.2976 -5.7392 5.8099
v  10.4550 -5.7392 5.7677
v  10.6125 -5.7392 5.8099
v  10.7278 -5.7392 5.9252
v  10.7700 -5.7392 6.0827
v  10.7278 -5.7392 6.2402
v  10.6125 -5.7392 6.3554
v  10.2976 -5.7392 -6.3554
v  10.4550 -5.7392 -6.3976
v  10.6125 -5.7392 -6.3554
v  10.7278 -5.7392 -6.2402
v  10.7700 -5.7392 -6.0827
v  10.7278 -5.7392 -5.9252
v  10.6125 -5.7392 -5.8099
v  10.4550 -5.7392 -5.7677
v  10.2976 -5.7392 -5.8099
v  10.1823 -5.7392 -5.9252
v  10.1401 -5.7392 -6.0827
v  10.1823 -5.7392 -6.2402
v  25.2154 5.8661 -0.0000
v  25.0549 5.8378 -0.0000
v  24.9300 5.7330 -0.0000
v  24.8742 5.5798 -0.0000
v  24.9025 5.4193 -0.0000
v  25.0073 5.2944 -0.0000
v  25.1605 5.2386 -0.0000
v  25.3211 5.2669 -0.0000
v  25.4460 5.3717 -0.0000
v  25.5017 5.5249 -0.0000
v  25.4734 5.6855 -0.0000
v  25.3686 5.8104 -0.0000
v  25.2119 5.8261 0.7163
v  25.0514 5.7980 0.7116
v  24.9265 5.6939 0.6987
v  24.8709 5.5417 0.6810
v  24.8993 5.3822 0.6634
v  25.0041 5.2580 0.6505
v  25.1574 5.2025 0.6458
v  25.3179 5.2305 0.6505
v  25.4427 5.3346 0.6634
v  25.4984 5.4868 0.6810
v  25.4700 5.6464 0.6987
v  25.3651 5.7706 0.7116
v  25.2014 5.7063 1.4236
v  25.0410 5.6791 1.4142
v  24.9163 5.5772 1.3886
v  24.8609 5.4279 1.3535
v  24.8896 5.2713 1.3185
v  24.9946 5.1493 1.2928
v  25.1479 5.0946 1.2834
v  25.3084 5.1218 1.2928
v  25.4330 5.2237 1.3185
v  25.4884 5.3730 1.3535
v  25.4598 5.5296 1.3886
v  25.3547 5.6516 1.4142
v  25.1841 5.5085 2.1130
v  25.0238 5.4825 2.0991
v  24.8994 5.3842 2.0610
v  24.8444 5.2398 2.0090
v  24.8735 5.0880 1.9570
v  24.9789 4.9696 1.9189
v  25.1323 4.9162 1.9050
v  25.2927 4.9421 1.9189
v  25.4170 5.0405 1.9570
v  25.4720 5.1849 2.0090
v  25.4429 5.3366 2.0610
v  25.3375 5.4551 2.0991
v  25.1602 5.2350 2.7758
v  25.0000 5.2108 2.7575
v  24.8761 5.1174 2.7075
v  24.8217 4.9797 2.6392
v  24.8514 4.8347 2.5708
v  24.9572 4.7212 2.5208
v  25.1107 4.6696 2.5025
v  25.2709 4.6938 2.5208
v  25.3948 4.7872 2.5708
v  25.4492 4.9248 2.6392
v  25.4196 5.0699 2.7075
v  25.3138 5.1834 2.7575
v  25.1299 4.8893 3.4037
v  24.9700 4.8674 3.3813
v  24.8466 4.7802 3.3200
v  24.7929 4.6511 3.2362
v  24.8234 4.5145 3.1524
v  24.9297 4.4072 3.0911
v  25.0835 4.3579 3.0686
v  25.2435 4.3798 3.0911
v  25.3668 4.4670 3.1524
v  25.4205 4.5961 3.2362
v  25.3901 4.7327 3.3200
v  25.2837 4.8400 3.3813
v  25.0938 4.4757 3.9889
v  24.9340 4.4565 3.9626
v  24.8113 4.3768 3.8907
v  24.7585 4.2578 3.7925
v  24.7898 4.1315 3.6943
v  24.8968 4.0317 3.6224
v  25.0508 3.9851 3.5961
v  25.2106 4.0042 3.6224
v  25.3333 4.0840 3.6943
v  25.3861 4.2029 3.7925
v  25.3548 4.3293 3.8907
v  25.2478 4.4291 3.9626
v  25.0521 3.9994 4.5238
v  24.8926 3.9834 4.4940
v  24.7707 3.9123 4.4125
v  24.7189 3.8050 4.3011
v  24.7513 3.6904 4.1897
v  24.8590 3.5992 4.1082
v  25.0133 3.5557 4.0784
v  25.1728 3.5717 4.1082
v  25.2947 3.6429 4.1897
v  25.3464 3.7501 4.3011
v  25.3141 3.8647 4.4125
v  25.2064 3.9560 4.4940
v  25.0055 3.4665 5.0019
v  24.8463 3.4540 4.9689
v  24.7252 3.3925 4.8788
v  24.6746 3.2984 4.7556
v  24.7081 3.1969 4.6325
v  24.8167 3.1152 4.5424
v  24.9712 3.0753 4.5094
v  25.1304 3.0878 4.5424
v  25.2515 3.1493 4.6325
v  25.3021 3.2435 4.7556
v  25.2686 3.3449 4.8788
v  25.1601 3.4266 4.9689
v  24.9545 2.8836 5.4170
v  24.7956 2.8750 5.3813
v  24.6754 2.8240 5.2837
v  24.6261 2.7442 5.1504
v  24.6608 2.6570 5.0170
v  24.7703 2.5859 4.9194
v  24.9253 2.5498 4.8837
v  25.0841 2.5584 4.9194
v  25.2043 2.6095 5.0170
v  25.2536 2.6893 5.1504
v  25.2189 2.7764 5.2837
v  25.1094 2.8476 5.3813
v  24.8998 2.2581 5.7641
v  24.7413 2.2536 5.7261
v  24.6221 2.2138 5.6222
v  24.5741 2.1494 5.4803
v  24.6102 2.0777 5.3384
v  24.7206 2.0178 5.2346
v  24.8759 1.9858 5.1965
v  25.0344 1.9904 5.2346
v  25.1536 2.0301 5.3384
v  25.2016 2.0945 5.4803
v  25.1655 2.1663 5.6222
v  25.0550 2.2262 5.7261
v  24.8420 1.5978 6.0386
v  24.6839 1.5977 5.9988
v  24.5657 1.5698 5.8900
v  24.5192 1.5216 5.7413
v  24.5567 1.4661 5.5927
v  24.6682 1.4182 5.4839
v  24.8238 1.3906 5.4441
v  24.9819 1.3907 5.4839
v  25.1001 1.4186 5.5927
v  25.1467 1.4667 5.7413
v  25.1092 1.5222 5.8900
v  24.9976 1.5702 5.9988
v  24.7819 0.9110 6.2372
v  24.6242 0.9154 6.1961
v  24.5071 0.8999 6.0837
v  24.4620 0.8687 5.9302
v  24.5010 0.8301 5.7766
v  24.6136 0.7945 5.6642
v  24.7697 0.7714 5.6231
v  24.9274 0.7670 5.6642
v  25.0445 0.7825 5.7766
v  25.0896 0.8138 5.9302
v  25.0506 0.8524 6.0837
v  24.9380 0.8880 6.1961
v  24.7203 0.2064 6.3574
v  24.5630 0.2154 6.3155
v  24.4470 0.2126 6.2009
v  24.4034 0.1988 6.0444
v  24.4439 0.1775 5.8879
v  24.5576 0.1546 5.7734
v  24.7141 0.1362 5.7315
v  24.8714 0.1272 5.7734
v  24.9874 0.1300 5.8879
v  25.0309 0.1438 6.0444
v  24.9904 0.1651 6.2009
v  24.8767 0.1880 6.3155
v  24.6578 -0.5072 6.3976
v  24.5009 -0.4934 6.3554
v  24.3861 -0.4834 6.2402
v  24.3441 -0.4797 6.0827
v  24.3861 -0.4834 5.9252
v  24.5009 -0.4934 5.8099
v  24.6578 -0.5072 5.7677
v  24.8147 -0.5209 5.8099
v  24.9295 -0.5309 5.9252
v  24.9716 -0.5346 6.0827
v  24.9295 -0.5309 6.2402
v  24.8147 -0.5209 6.3554
v  24.6578 -0.5071 -6.3976
v  24.5009 -0.4934 -6.3554
v  24.3861 -0.4834 -6.2402
v  24.3441 -0.4797 -6.0827
v  24.3861 -0.4834 -5.9252
v  24.5009 -0.4934 -5.8099
v  24.6578 -0.5071 -5.7677
v  24.8147 -0.5209 -5.8099
v  24.9296 -0.5309 -5.9252
v  24.9716 -0.5346 -6.0827
v  24.9296 -0.5309 -6.2402
v  24.8147 -0.5209 -6.3554
v  24.7203 0.2064 -6.3574
v  24.5630 0.2155 -6.3155
v  24.4470 0.2126 -6.2009
v  24.4034 0.1988 -6.0444
v  24.4439 0.1775 -5.8879
v  24.5576 0.1546 -5.7734
v  24.7141 0.1362 -5.7315
v  24.8714 0.1272 -5.7734
v  24.9874 0.1300 -5.8879
v  25.0309 0.1439 -6.0444
v  24.9904 0.1651 -6.2009
v  24.8767 0.1880 -6.3155
v  24.7819 0.9110 -6.2372
v  24.6242 0.9154 -6.1961
v  24.5071 0.8999 -6.0837
v  24.4620 0.8687 -5.9302
v  24.5010 0.8301 -5.7766
v  24.6136 0.7945 -5.6642
v  24.7697 0.7714 -5.6231
v  24.9274 0.7670 -5.6642
v  25.0445 0.7825 -5.7766
v  25.0896 0.8138 -5.9302
v  25.0506 0.8524 -6.0837
v  24.9380 0.8880 -6.1961
v  24.8420 1.5978 -6.0386
v  24.6839 1.5977 -5.9988
v  24.5657 1.5698 -5.8900
v  24.5192 1.5216 -5.7413
v  24.5567 1.4661 -5.5927
v  24.6682 1.4182 -5.4839
v  24.8239 1.3906 -5.4440
v  24.9819 1.3907 -5.4839
v  25.1001 1.4186 -5.5927
v  25.1467 1.4667 -5.7413
v  25.1092 1.5222 -5.8900
v  24.9977 1.5702 -5.9988
v  24.8998 2.2581 -5.7641
v  24.7413 2.2536 -5.7261
v  24.6221 2.2138 -5.6222
v  24.5741 2.1494 -5.4803
v  24.6102 2.0777 -5.3384
v  24.7206 2.0178 -5.2345
v  24.8759 1.9858 -5.1965
v  25.0344 1.9904 -5.2345
v  25.1536 2.0301 -5.3384
v  25.2016 2.0945 -5.4803
v  25.1655 2.1663 -5.6222
v  25.0550 2.2262 -5.7261
v  24.9545 2.8837 -5.4170
v  24.7956 2.8750 -5.3813
v  24.6755 2.8240 -5.2837
v  24.6261 2.7442 -5.1503
v  24.6608 2.6570 -5.0170
v  24.7703 2.5859 -4.9194
v  24.9253 2.5498 -4.8837
v  25.0841 2.5584 -4.9194
v  25.2043 2.6095 -5.0170
v  25.2536 2.6893 -5.1503
v  25.2189 2.7764 -5.2837
v  25.1094 2.8476 -5.3813
v  25.0055 3.4665 -5.0019
v  24.8463 3.4541 -4.9689
v  24.7252 3.3925 -4.8787
v  24.6746 3.2984 -4.7556
v  24.7081 3.1969 -4.6325
v  24.8167 3.1152 -4.5424
v  24.9712 3.0753 -4.5094
v  25.1304 3.0878 -4.5424
v  25.2515 3.1493 -4.6325
v  25.3021 3.2435 -4.7556
v  25.2686 3.3450 -4.8787
v  25.1601 3.4266 -4.9689
v  25.0521 3.9995 -4.5238
v  24.8926 3.9835 -4.4940
v  24.7707 3.9123 -4.4125
v  24.7189 3.8050 -4.3011
v  24.7513 3.6904 -4.1897
v  24.8590 3.5992 -4.1082
v  25.0133 3.5557 -4.0784
v  25.1728 3.5717 -4.1082
v  25.2947 3.6429 -4.1897
v  25.3465 3.7501 -4.3011
v  25.3141 3.8647 -4.4125
v  25.2064 3.9560 -4.4940
v  25.0938 4.4757 -3.9889
v  24.9340 4.4566 -3.9625
v  24.8113 4.3768 -3.8907
v  24.7585 4.2578 -3.7925
v  24.7898 4.1315 -3.6943
v  24.8968 4.0317 -3.6224
v  25.0508 3.9851 -3.5961
v  25.2106 4.0042 -3.6224
v  25.3333 4.0840 -3.6943
v  25.3861 4.2029 -3.7925
v  25.3548 4.3293 -3.8907
v  25.2478 4.4291 -3.9625
v  25.1299 4.8893 -3.4037
v  24.9700 4.8674 -3.3813
v  24.8466 4.7802 -3.3200
v  24.7929 4.6511 -3.2362
v  24.8234 4.5145 -3.1524
v  24.9297 4.4073 -3.0911
v  25.0835 4.3579 -3.0686
v  25.2435 4.3798 -3.0911
v  25.3668 4.4670 -3.1524
v  25.4205 4.5962 -3.2362
v  25.3901 4.7327 -3.3200
v  25.2837 4.8400 -3.3813
v  25.1602 5.2350 -2.7758
v  25.0000 5.2108 -2.7575
v  24.8761 5.1174 -2.7075
v  24.8217 4.9798 -2.6392
v  24.8514 4.8347 -2.5708
v  24.9572 4.7212 -2.5208
v  25.1107 4.6696 -2.5025
v  25.2709 4.6938 -2.5208
v  25.3948 4.7872 -2.5708
v  25.4492 4.9249 -2.6392
v  25.4196 5.0699 -2.7075
v  25.3138 5.1834 -2.7575
v  25.1841 5.5085 -2.1130
v  25.0238 5.4825 -2.0991
v  24.8994 5.3842 -2.0610
v  24.8445 5.2398 -2.0090
v  24.8735 5.0880 -1.9570
v  24.9789 4.9696 -1.9189
v  25.1323 4.9162 -1.9049
v  25.2927 4.9421 -1.9189
v  25.4170 5.0405 -1.9570
v  25.4720 5.1849 -2.0090
v  25.4429 5.3366 -2.0610
v  25.3375 5.4551 -2.0991
v  25.2014 5.7064 -1.4236
v  25.0410 5.6791 -1.4142
v  24.9163 5.5772 -1.3886
v  24.8609 5.4279 -1.3535
v  24.8896 5.2713 -1.3185
v  24.9946 5.1493 -1.2928
v  25.1479 5.0946 -1.2834
v  25.3084 5.1218 -1.2928
v  25.4330 5.2237 -1.3185
v  25.4884 5.3730 -1.3535
v  25.4598 5.5296 -1.3886
v  25.3547 5.6516 -1.4142
v  25.2119 5.8261 -0.7163
v  25.0514 5.7980 -0.7116
v  24.9265 5.6939 -0.6987
v  24.8709 5.5417 -0.6810
v  24.8993 5.3822 -0.6634
v  25.0041 5.2580 -0.6505
v  25.1574 5.2025 -0.6458
v  25.3179 5.2305 -0.6505
v  25.4427 5.3346 -0.6634
v  25.4984 5.4868 -0.6810
v  25.4700 5.6464 -0.6987
v  25.3651 5.7706 -0.7116
v  20.8877 5.8661 -0.0000
v  20.7345 5.8104 -0.0000
v  20.6297 5.6855 -0.0000
v  20.6014 5.5249 -0.0000
v  20.6572 5.3717 -0.0000
v  20.7821 5.2669 -0.0000
v  20.9426 5.2386 -0.0000
v  21.0958 5.2944 -0.0000
v  21.2006 5.4193 -0.0000
v  21.2289 5.5798 -0.0000
v  21.1732 5.7330 -0.0000
v  21.0483 5.8378 -0.0000
v  20.8912 5.8261 0.7163
v  20.7380 5.7706 0.7116
v  20.6332 5.6464 0.6987
v  20.6048 5.4868 0.6810
v  20.6604 5.3346 0.6634
v  20.7853 5.2305 0.6505
v  20.9458 5.2025 0.6458
v  21.0990 5.2580 0.6505
v  21.2039 5.3822 0.6634
v  21.2323 5.5417 0.6810
v  21.1766 5.6939 0.6987
v  21.0518 5.7980 0.7116
v  20.9017 5.7063 1.4236
v  20.7484 5.6516 1.4142
v  20.6434 5.5296 1.3886
v  20.6147 5.3730 1.3535
v  20.6701 5.2237 1.3185
v  20.7948 5.1218 1.2928
v  20.9552 5.0946 1.2834
v  21.1085 5.1493 1.2928
v  21.2136 5.2713 1.3185
v  21.2422 5.4279 1.3535
v  21.1868 5.5772 1.3886
v  21.0622 5.6791 1.4142
v  20.9190 5.5085 2.1130
v  20.7656 5.4551 2.0991
v  20.6603 5.3366 2.0610
v  20.6312 5.1849 2.0090
v  20.6862 5.0405 1.9570
v  20.8105 4.9421 1.9189
v  20.9708 4.9162 1.9050
v  21.1243 4.9696 1.9189
v  21.2296 5.0880 1.9570
v  21.2587 5.2398 2.0090
v  21.2037 5.3842 2.0610
v  21.0794 5.4825 2.0991
v  20.9430 5.2350 2.7758
v  20.7894 5.1834 2.7575
v  20.6836 5.0699 2.7075
v  20.6539 4.9248 2.6392
v  20.7083 4.7872 2.5708
v  20.8322 4.6938 2.5208
v  20.9924 4.6696 2.5025
v  21.1460 4.7212 2.5208
v  21.2518 4.8347 2.5708
v  21.2814 4.9797 2.6392
v  21.2270 5.1174 2.7075
v  21.1031 5.2108 2.7575
v  20.9732 4.8893 3.4037
v  20.8194 4.8400 3.3813
v  20.7131 4.7327 3.3200
v  20.6827 4.5961 3.2362
v  20.7363 4.4670 3.1524
v  20.8597 4.3798 3.0911
v  21.0197 4.3579 3.0686
v  21.1735 4.4072 3.0911
v  21.2798 4.5145 3.1524
v  21.3102 4.6510 3.2362
v  21.2565 4.7802 3.3200
v  21.1332 4.8674 3.3813
v  21.0094 4.4757 3.9889
v  20.8554 4.4291 3.9626
v  20.7484 4.3293 3.8907
v  20.7171 4.2029 3.7925
v  20.7699 4.0840 3.6943
v  20.8926 4.0042 3.6224
v  21.0523 3.9851 3.5961
v  21.2063 4.0317 3.6224
v  21.3133 4.1315 3.6943
v  21.3446 4.2578 3.7925
v  21.2918 4.3768 3.8907
v  21.1691 4.4565 3.9626
v  21.0511 3.9994 4.5238
v  20.8968 3.9560 4.4940
v  20.7890 3.8647 4.4125
v  20.7567 3.7501 4.3011
v  20.8084 3.6429 4.1897
v  20.9304 3.5717 4.1082
v  21.0899 3.5557 4.0784
v  21.2442 3.5992 4.1082
v  21.3519 3.6904 4.1897
v  21.3842 3.8050 4.3011
v  21.3325 3.9123 4.4125
v  21.2105 3.9834 4.4940
v  21.0977 3.4665 5.0019
v  20.9431 3.4266 4.9689
v  20.8345 3.3449 4.8788
v  20.8010 3.2435 4.7556
v  20.8516 3.1493 4.6325
v  20.9727 3.0878 4.5424
v  21.1319 3.0753 4.5094
v  21.2865 3.1152 4.5424
v  21.3951 3.1969 4.6325
v  21.4286 3.2984 4.7556
v  21.3780 3.3925 4.8788
v  21.2568 3.4540 4.9689
v  21.1487 2.8836 5.4170
v  20.9937 2.8476 5.3813
v  20.8842 2.7764 5.2837
v  20.8495 2.6893 5.1504
v  20.8989 2.6095 5.0170
v  21.0190 2.5584 4.9194
v  21.1779 2.5498 4.8837
v  21.3328 2.5859 4.9194
v  21.4423 2.6570 5.0170
v  21.4770 2.7442 5.1504
v  21.4277 2.8240 5.2837
v  21.3075 2.8750 5.3813
v  21.2034 2.2581 5.7641
v  21.0481 2.2262 5.7261
v  20.9376 2.1663 5.6222
v  20.9015 2.0945 5.4803
v  20.9495 2.0301 5.3384
v  21.0687 1.9904 5.2346
v  21.2272 1.9858 5.1965
v  21.3825 2.0178 5.2346
v  21.4930 2.0777 5.3384
v  21.5291 2.1494 5.4803
v  21.4811 2.2138 5.6222
v  21.3619 2.2536 5.7261
v  21.2612 1.5978 6.0386
v  21.1055 1.5702 5.9988
v  20.9940 1.5222 5.8900
v  20.9565 1.4667 5.7413
v  21.0030 1.4186 5.5927
v  21.1212 1.3907 5.4839
v  21.2793 1.3906 5.4441
v  21.4350 1.4182 5.4839
v  21.5465 1.4661 5.5927
v  21.5840 1.5216 5.7413
v  21.5374 1.5698 5.8900
v  21.4193 1.5977 5.9988
v  21.3213 0.9110 6.2372
v  21.1652 0.8880 6.1961
v  21.0526 0.8524 6.0837
v  21.0136 0.8138 5.9302
v  21.0587 0.7825 5.7766
v  21.1758 0.7670 5.6642
v  21.3335 0.7714 5.6231
v  21.4895 0.7945 5.6642
v  21.6021 0.8301 5.7766
v  21.6411 0.8687 5.9302
v  21.5960 0.8999 6.0837
v  21.4790 0.9154 6.1961
v  21.3829 0.2064 6.3574
v  21.2264 0.1880 6.3155
v  21.1127 0.1651 6.2009
v  21.0722 0.1438 6.0444
v  21.1158 0.1300 5.8879
v  21.2318 0.1272 5.7734
v  21.3890 0.1362 5.7315
v  21.5455 0.1546 5.7734
v  21.6592 0.1775 5.8879
v  21.6997 0.1988 6.0444
v  21.6562 0.2126 6.2009
v  21.5402 0.2154 6.3155
v  21.4453 -0.5072 6.3976
v  21.2884 -0.5209 6.3554
v  21.1736 -0.5309 6.2402
v  21.1316 -0.5346 6.0827
v  21.1736 -0.5309 5.9252
v  21.2884 -0.5209 5.8099
v  21.4453 -0.5072 5.7677
v  21.6022 -0.4934 5.8099
v  21.7171 -0.4834 5.9252
v  21.7591 -0.4797 6.0827
v  21.7171 -0.4834 6.2402
v  21.6022 -0.4934 6.3554
v  21.4453 -0.5071 -6.3976
v  21.2884 -0.5209 -6.3554
v  21.1736 -0.5309 -6.2402
v  21.1316 -0.5346 -6.0827
v  21.1736 -0.5309 -5.9252
v  21.2884 -0.5209 -5.8099
v  21.4453 -0.5071 -5.7677
v  21.6022 -0.4934 -5.8099
v  21.7171 -0.4834 -5.9252
v  21.7591 -0.4797 -6.0827
v  21.7171 -0.4834 -6.2402
v  21.6022 -0.4934 -6.3554
v  21.3829 0.2064 -6.3574
v  21.2264 0.1880 -6.3155
v  21.1127 0.1651 -6.2009
v  21.0722 0.1439 -6.0444
v  21.1158 0.1300 -5.8879
v  21.2318 0.1272 -5.7734
v  21.3890 0.1362 -5.7314
v  21.5455 0.1546 -5.7734
v  21.6592 0.1775 -5.8879
v  21.6997 0.1988 -6.0444
v  21.6562 0.2126 -6.2009
v  21.5402 0.2155 -6.3155
v  21.3213 0.9110 -6.2372
v  21.1652 0.8880 -6.1961
v  21.0526 0.8524 -6.0837
v  21.0136 0.8138 -5.9302
v  21.0587 0.7825 -5.7766
v  21.1758 0.7670 -5.6642
v  21.3335 0.7714 -5.6231
v  21.4895 0.7945 -5.6642
v  21.6021 0.8301 -5.7766
v  21.6411 0.8687 -5.9302
v  21.5960 0.8999 -6.0837
v  21.4790 0.9154 -6.1961
v  21.2612 1.5978 -6.0386
v  21.1055 1.5702 -5.9988
v  20.9940 1.5222 -5.8900
v  20.9565 1.4667 -5.7413
v  21.0030 1.4186 -5.5927
v  21.1212 1.3907 -5.4839
v  21.2793 1.3906 -5.4440
v  21.4350 1.4182 -5.4839
v  21.5465 1.4661 -5.5927
v  21.5840 1.5216 -5.7413
v  21.5374 1.5698 -5.8900
v  21.4193 1.5977 -5.9988
v  21.2034 2.2581 -5.7641
v  21.0481 2.2262 -5.7261
v  20.9376 2.1663 -5.6222
v  20.9015 2.0945 -5.4803
v  20.9495 2.0301 -5.3384
v  21.0687 1.9904 -5.2345
v  21.2272 1.9858 -5.1965
v  21.3825 2.0178 -5.2345
v  21.4930 2.0777 -5.3384
v  21.5291 2.1494 -5.4803
v  21.4811 2.2138 -5.6222
v  21.3619 2.2536 -5.7261
v  21.1487 2.8836 -5.4170
v  20.9937 2.8476 -5.3813
v  20.8842 2.7764 -5.2837
v  20.8495 2.6893 -5.1503
v  20.8989 2.6095 -5.0170
v  21.0190 2.5584 -4.9194
v  21.1779 2.5498 -4.8837
v  21.3328 2.5859 -4.9194
v  21.4423 2.6570 -5.0170
v  21.4770 2.7442 -5.1503
v  21.4277 2.8240 -5.2837
v  21.3075 2.8750 -5.3813
v  21.0977 3.4665 -5.0019
v  20.9431 3.4266 -4.9689
v  20.8345 3.3449 -4.8787
v  20.8010 3.2435 -4.7556
v  20.8516 3.1493 -4.6325
v  20.9727 3.0878 -4.5424
v  21.1319 3.0753 -4.5094
v  21.2865 3.1152 -4.5424
v  21.3951 3.1969 -4.6325
v  21.4286 3.2984 -4.7556
v  21.3780 3.3925 -4.8787
v  21.2568 3.4541 -4.9689
v  21.0511 3.9995 -4.5238
v  20.8968 3.9560 -4.4940
v  20.7890 3.8647 -4.4125
v  20.7567 3.7501 -4.3011
v  20.8084 3.6429 -4.1897
v  20.9304 3.5717 -4.1082
v  21.0899 3.5557 -4.0784
v  21.2442 3.5992 -4.1082
v  21.3519 3.6904 -4.1897
v  21.3842 3.8050 -4.3011
v  21.3325 3.9123 -4.4125
v  21.2105 3.9835 -4.4940
v  21.0094 4.4757 -3.9889
v  20.8554 4.4291 -3.9625
v  20.7484 4.3293 -3.8907
v  20.7171 4.2029 -3.7925
v  20.7699 4.0840 -3.6943
v  20.8926 4.0042 -3.6224
v  21.0523 3.9851 -3.5961
v  21.2063 4.0317 -3.6224
v  21.3133 4.1315 -3.6943
v  21.3446 4.2578 -3.7925
v  21.2918 4.3768 -3.8907
v  21.1691 4.4566 -3.9625
v  20.9732 4.8893 -3.4037
v  20.8194 4.8400 -3.3813
v  20.7131 4.7327 -3.3200
v  20.6827 4.5962 -3.2362
v  20.7363 4.4670 -3.1524
v  20.8597 4.3798 -3.0911
v  21.0197 4.3579 -3.0686
v  21.1735 4.4073 -3.0911
v  21.2798 4.5145 -3.1524
v  21.3102 4.6511 -3.2362
v  21.2565 4.7802 -3.3200
v  21.1332 4.8674 -3.3813
v  20.9430 5.2350 -2.7758
v  20.7894 5.1834 -2.7575
v  20.6836 5.0699 -2.7075
v  20.6539 4.9248 -2.6392
v  20.7083 4.7872 -2.5708
v  20.8322 4.6938 -2.5208
v  20.9924 4.6696 -2.5025
v  21.1460 4.7212 -2.5208
v  21.2518 4.8347 -2.5708
v  21.2814 4.9798 -2.6392
v  21.2270 5.1174 -2.7075
v  21.1031 5.2108 -2.7575
v  20.9190 5.5085 -2.1130
v  20.7656 5.4551 -2.0991
v  20.6603 5.3366 -2.0610
v  20.6312 5.1849 -2.0090
v  20.6862 5.0405 -1.9570
v  20.8105 4.9421 -1.9189
v  20.9708 4.9162 -1.9049
v  21.1243 4.9696 -1.9189
v  21.2296 5.0880 -1.9570
v  21.2587 5.2398 -2.0090
v  21.2037 5.3842 -2.0610
v  21.0794 5.4825 -2.0991
v  20.9017 5.7064 -1.4236
v  20.7484 5.6516 -1.4142
v  20.6434 5.5296 -1.3886
v  20.6147 5.3730 -1.3535
v  20.6701 5.2237 -1.3185
v  20.7948 5.1218 -1.2928
v  20.9552 5.0946 -1.2834
v  21.1085 5.1493 -1.2928
v  21.2136 5.2713 -1.3185
v  21.2422 5.4279 -1.3535
v  21.1868 5.5772 -1.3886
v  21.0622 5.6791 -1.4142
v  20.8912 5.8261 -0.7163
v  20.7380 5.7706 -0.7116
v  20.6332 5.6464 -0.6987
v  20.6048 5.4868 -0.6810
v  20.6604 5.3346 -0.6634
v  20.7853 5.2305 -0.6505
v  20.9458 5.2025 -0.6458
v  21.0990 5.2580 -0.6505
v  21.2039 5.3822 -0.6634
v  21.2323 5.5417 -0.6810
v  21.1766 5.6939 -0.6987
v  21.0518 5.7980 -0.7116
v  24.2001 -5.7392 6.3976
v  24.0426 -5.7392 6.3554
v  23.9273 -5.7392 6.2402
v  23.8851 -5.7392 6.0827
v  23.9273 -5.7392 5.9252
v  24.0426 -5.7392 5.8099
v  24.2001 -5.7392 5.7677
v  24.3576 -5.7392 5.8099
v  24.4728 -5.7392 5.9252
v  24.5150 -5.7392 6.0827
v  24.4728 -5.7392 6.2402
v  24.3576 -5.7392 6.3554
v  24.0426 -5.7392 -6.3554
v  24.2001 -5.7392 -6.3976
v  24.3576 -5.7392 -6.3554
v  24.4728 -5.7392 -6.2402
v  24.5150 -5.7392 -6.0827
v  24.4728 -5.7392 -5.9252
v  24.3576 -5.7392 -5.8099
v  24.2001 -5.7392 -5.7677
v  24.0426 -5.7392 -5.8099
v  23.9273 -5.7392 -5.9252
v  23.8851 -5.7392 -6.0827
v  23.9273 -5.7392 -6.2402
v  21.9031 -5.7392 6.3976
v  21.7456 -5.7392 6.3554
v  21.6303 -5.7392 6.2402
v  21.5881 -5.7392 6.0827
v  21.6303 -5.7392 5.9252
v  21.7456 -5.7392 5.8099
v  21.9031 -5.7392 5.7677
v  22.0605 -5.7392 5.8099
v  22.1758 -5.7392 5.9252
v  22.2180 -5.7392 6.0827
v  22.1758 -5.7392 6.2402
v  22.0605 -5.7392 6.3554
v  21.7456 -5.7392 -6.3554
v  21.9031 -5.7392 -6.3976
v  22.0605 -5.7392 -6.3554
v  22.1758 -5.7392 -6.2402
v  22.2180 -5.7392 -6.0827
v  22.1758 -5.7392 -5.9252
v  22.0605 -5.7392 -5.8099
v  21.9031 -5.7392 -5.7677
v  21.7456 -5.7392 -5.8099
v  21.6303 -5.7392 -5.9252
v  21.5881 -5.7392 -6.0827
v  21.6303 -5.7392 -6.2402
# 3752 vertices

vn 1.0000 0.0000 -0.0000
vn 1.0000 0.0000 -0.0000
vn 1.0000 0.0000 -0.0000
vn 1.0000 0.0000 -0.0000
vn -1.0000 0.0000 -0.0000
vn -1.0000 0.0000 -0.0000
vn -1.0000 0.0000 -0.0000
vn -1.0000 0.0000 -0.0000
vn 0.0000 -1.0000 0.0000
vn 0.0000 -1.0000 0.0000
vn 0.0000 -1.0000 0.0000
vn 0.0000 -1.0000 0.0000
vn -0.0000 0.0000 1.0000
vn -0.0000 0.0000 1.0000
vn -0.0000 0.0000 1.0000
vn -0.0000 0.0000 1.0000
vn -0.0000 1.0000 -0.0000
vn -0.0000 1.0000 -0.0000
vn -0.0000 1.0000 -0.0000
vn -0.0000 1.0000 -0.0000
vn 0.0000 -0.0000 -1.0000
vn 0.0000 -0.0000 -1.0000
vn 0.0000 -0.0000 -1.0000
vn 0.0000 -0.0000 -1.0000
vn 1.0000 0.0000 -0.0000
vn 1.0000 0.0000 -0.0000
vn 1.0000 0.0000 -0.0000
vn 1.0000 0.0000 -0.0000
vn -1.0000 0.0000 -0.0000
vn -1.0000 0.0000 -0.0000
vn -1.0000 0.0000 -0.0000
vn -1.0000 0.0000 -0.0000
vn 0.0000 -1.0000 0.0000
vn 0.0000 -1.0000 0.0000
vn 0.0000 -1.0000 0.0000
vn 0.0000 -1.0000 0.0000
vn -0.0000 0.0000 1.0000
vn -0.0000 0.0000 1.0000
vn -0.0000 0.0000 1.0000
vn -0.0000 0.0000 1.0000
vn -0.0000 1.0000 -0.0000
vn -0.0000 1.0000 -0.0000
vn -0.0000 1.0000 -0.0000
vn -0.0000 1.0000 -0.0000
vn 0.0000 -0.0000 -1.0000
vn 0.0000 -0.0000 -1.0000
vn 0.0000 -0.0000 -1.0000
vn 0.0000 -0.0000 -1.0000
vn 0.0000 -1.0000 0.0000
vn 0.0000 -1.0000 0.0000
vn 0.0000 -1.0000 0.0000
vn 0.0000 -1.0000 0.0000
vn 0.0000 -1.0000 0.0000
vn 0.0000 -1.0000 0.0000
vn 0.0000 -1.0000 0.0000
vn 0.0000 -1.0000 0.0000
vn -0.0000 0.0000 1.0000
vn 0.0000 0.0000 1.0000
vn 0.0000 0.0000 1.0000
vn -0.0000 0.0000 1.0000
vn -0.0000 0.0000 1.0000
vn 0.0000 0.0000 1.0000
vn 0.0000 0.0000 1.0000
vn -0.0000 0.0000 1.0000
vn -0.0000 1.0000 -0.0000
vn 0.0000 1.0000 -0.0000
vn 0.0000 1.0000 -0.0000
vn -0.0000 1.0000 -0.0000
vn -0.0000 1.0000 -0.0000
vn 0.0000 1.0000 -0.0000
vn 0.0000 1.0000 -0.0000
vn -0.0000 1.0000 -0.0000
vn 0.0000 -0.0000 -1.0000
vn 0.0000 -0.0000 -1.0000
vn 0.0000 -0.0000 -1.0000
vn 0.0000 -0.0000 -1.0000
vn 0.0000 -0.0000 -1.0000
vn 0.0000 -0.0000 -1.0000
vn 0.0000 -0.0000 -1.0000
vn 0.0000 -0.0000 -1.0000
vn 0.0000 -1.0000 0.0000
vn 0.0000 -1.0000 0.0000
vn 0.0000 -1.0000 0.0000
vn 0.0000 -1.0000 0.0000
vn 0.0000 -1.0000 0.0000
vn 0.0000 -1.0000 0.0000
vn 0.0000 -1.0000 0.0000
vn 0.0000 -1.0000 0.0000
vn -0.0000 0.0000 1.0000
vn 0.0000 0.0000 1.0000
vn 0.0000 0.0000 1.0000
vn -0.0000 0.0000 1.0000
vn -0.0000 0.0000 1.0000
vn 0.0000 0.0000 1.0000
vn 0.0000 0.0000 1.0000
vn -0.0000 0.0000 1.0000
vn -0.0000 1.0000 -0.0000
vn 0.0000 1.0000 -0.0000
vn 0.0000 1.0000 -0.0000
vn -0.0000 1.0000 -0.0000
vn -0.0000 1.0000 -0.0000
vn 0.0000 1.0000 -0.0000
vn 0.0000 1.0000 -0.0000
vn -0.0000 1.0000 -0.0000
vn 0.0000 -0.0000 -1.0000
vn 0.0000 -0.0000 -1.0000
vn 0.0000 -0.0000 -1.0000
vn 0.0000 -0.0000 -1.0000
vn 0.0000 -0.0000 -1.0000
vn 0.0000 -0.0000 -1.0000
vn 0.0000 -0.0000 -1.0000
vn 0.0000 -0.0000 -1.0000
vn 0.0872 0.9962 0.0000
vn -0.4185 0.9082 0.0000
vn -0.4190 0.9028 0.0972
vn 0.0866 0.9899 0.1120
vn -0.4185 0.9082 0.0000
vn -0.8146 0.5801 0.0000
vn -0.8148 0.5769 0.0568
vn -0.4190 0.9028 0.0972
vn -0.8146 0.5801 0.0000
vn -0.9953 0.0964 -0.0000
vn -0.9954 0.0963 0.0010
vn -0.8148 0.5769 0.0568
vn -0.9953 0.0964 -0.0000
vn -0.9097 -0.4153 -0.0000
vn -0.9094 -0.4122 -0.0552
vn -0.9954 0.0963 0.0010
vn -0.9097 -0.4153 -0.0000
vn -0.5774 -0.8165 -0.0000
vn -0.5769 -0.8111 -0.0967
vn -0.9094 -0.4122 -0.0552
vn -0.5774 -0.8165 -0.0000
vn -0.0872 -0.9962 -0.0000
vn -0.0866 -0.9899 -0.1120
vn -0.5769 -0.8111 -0.0967
vn -0.0872 -0.9962 -0.0000
vn 0.4269 -0.9043 -0.0000
vn 0.4273 -0.8989 -0.0967
vn -0.0866 -0.9899 -0.1120
vn 0.4269 -0.9043 -0.0000
vn 0.8237 -0.5670 -0.0000
vn 0.8240 -0.5639 -0.0552
vn 0.4273 -0.8989 -0.0967
vn 0.8237 -0.5670 -0.0000
vn 0.9970 -0.0779 0.0000
vn 0.9970 -0.0780 0.0010
vn 0.8240 -0.5639 -0.0552
vn 0.9970 -0.0779 0.0000
vn 0.9029 0.4298 0.0000
vn 0.9026 0.4266 0.0568
vn 0.9970 -0.0780 0.0010
vn 0.9029 0.4298 0.0000
vn 0.5698 0.8218 0.0000
vn 0.5694 0.8163 0.0972
vn 0.9026 0.4266 0.0568
vn 0.5698 0.8218 0.0000
vn 0.0872 0.9962 0.0000
vn 0.0866 0.9899 0.1120
vn 0.5694 0.8163 0.0972
vn 0.0866 0.9899 0.1120
vn -0.4190 0.9028 0.0972
vn -0.4204 0.8865 0.1932
vn 0.0850 0.9712 0.2225
vn -0.4190 0.9028 0.0972
vn -0.8148 0.5769 0.0568
vn -0.8157 0.5674 0.1128
vn -0.4204 0.8865 0.1932
vn -0.8148 0.5769 0.0568
vn -0.9954 0.0963 0.0010
vn -0.9954 0.0961 0.0021
vn -0.8157 0.5674 0.1128
vn -0.9954 0.0963 0.0010
vn -0.9094 -0.4122 -0.0552
vn -0.9086 -0.4030 -0.1097
vn -0.9954 0.0961 0.0021
vn -0.9094 -0.4122 -0.0552
vn -0.5769 -0.8111 -0.0967
vn -0.5755 -0.7949 -0.1922
vn -0.9086 -0.4030 -0.1097
vn -0.5769 -0.8111 -0.0967
vn -0.0866 -0.9899 -0.1120
vn -0.0850 -0.9712 -0.2225
vn -0.5755 -0.7949 -0.1922
vn -0.0866 -0.9899 -0.1120
vn 0.4273 -0.8989 -0.0967
vn 0.4287 -0.8828 -0.1922
vn -0.0850 -0.9712 -0.2225
vn 0.4273 -0.8989 -0.0967
vn 0.8240 -0.5639 -0.0552
vn 0.8248 -0.5546 -0.1097
vn 0.4287 -0.8828 -0.1922
vn 0.8240 -0.5639 -0.0552
vn 0.9970 -0.0780 0.0010
vn 0.9969 -0.0782 0.0021
vn 0.8248 -0.5546 -0.1097
vn 0.9970 -0.0780 0.0010
vn 0.9026 0.4266 0.0568
vn 0.9018 0.4172 0.1128
vn 0.9969 -0.0782 0.0021
vn 0.9026 0.4266 0.0568
vn 0.5694 0.8163 0.0972
vn 0.5679 0.8001 0.1932
vn 0.9018 0.4172 0.1128
vn 0.5694 0.8163 0.0972
vn 0.0866 0.9899 0.1120
vn 0.0850 0.9712 0.2225
vn 0.5679 0.8001 0.1932
vn 0.0850 0.9712 0.2225
vn -0.4204 0.8865 0.1932
vn -0.4227 0.8597 0.2868
vn 0.0823 0.9403 0.3303
vn -0.4204 0.8865 0.1932
vn -0.8157 0.5674 0.1128
vn -0.8170 0.5517 0.1674
vn -0.4227 0.8597 0.2868
vn -0.8157 0.5674 0.1128
vn -0.9954 0.0961 0.0021
vn -0.9954 0.0958 0.0031
vn -0.8170 0.5517 0.1674
vn -0.9954 0.0961 0.0021
vn -0.9086 -0.4030 -0.1097
vn -0.9073 -0.3877 -0.1628
vn -0.9954 0.0958 0.0031
vn -0.9086 -0.4030 -0.1097
vn -0.5755 -0.7949 -0.1922
vn -0.5732 -0.7682 -0.2853
vn -0.9073 -0.3877 -0.1628
vn -0.5755 -0.7949 -0.1922
vn -0.0850 -0.9712 -0.2225
vn -0.0823 -0.9403 -0.3303
vn -0.5732 -0.7682 -0.2853
vn -0.0850 -0.9712 -0.2225
vn 0.4287 -0.8828 -0.1922
vn 0.4311 -0.8560 -0.2853
vn -0.0823 -0.9403 -0.3303
vn 0.4287 -0.8828 -0.1922
vn 0.8248 -0.5546 -0.1097
vn 0.8262 -0.5394 -0.1628
vn 0.4311 -0.8560 -0.2853
vn 0.8248 -0.5546 -0.1097
vn 0.9969 -0.0782 0.0021
vn 0.9969 -0.0785 0.0031
vn 0.8262 -0.5394 -0.1628
vn 0.9969 -0.0782 0.0021
vn 0.9018 0.4172 0.1128
vn 0.9004 0.4015 0.1674
vn 0.9969 -0.0785 0.0031
vn 0.9018 0.4172 0.1128
vn 0.5679 0.8001 0.1932
vn 0.5656 0.7732 0.2868
vn 0.9004 0.4015 0.1674
vn 0.5679 0.8001 0.1932
vn 0.0850 0.9712 0.2225
vn 0.0823 0.9403 0.3303
vn 0.5656 0.7732 0.2868
vn 0.0823 0.9403 0.3303
vn -0.4227 0.8597 0.2868
vn -0.4260 0.8226 0.3767
vn 0.0785 0.8975 0.4339
vn -0.4227 0.8597 0.2868
vn -0.8170 0.5517 0.1674
vn -0.8189 0.5301 0.2199
vn -0.4260 0.8226 0.3767
vn -0.8170 0.5517 0.1674
vn -0.9954 0.0958 0.0031
vn -0.9954 0.0954 0.0040
vn -0.8189 0.5301 0.2199
vn -0.9954 0.0958 0.0031
vn -0.9073 -0.3877 -0.1628
vn -0.9054 -0.3667 -0.2139
vn -0.9954 0.0954 0.0040
vn -0.9073 -0.3877 -0.1628
vn -0.5732 -0.7682 -0.2853
vn -0.5699 -0.7313 -0.3747
vn -0.9054 -0.3667 -0.2139
vn -0.5732 -0.7682 -0.2853
vn -0.0823 -0.9403 -0.3303
vn -0.0785 -0.8975 -0.4339
vn -0.5699 -0.7313 -0.3747
vn -0.0823 -0.9403 -0.3303
vn 0.4311 -0.8560 -0.2853
vn 0.4343 -0.8191 -0.3747
vn -0.0785 -0.8975 -0.4339
vn 0.4311 -0.8560 -0.2853
vn 0.8262 -0.5394 -0.1628
vn 0.8280 -0.5183 -0.2139
vn 0.4343 -0.8191 -0.3747
vn 0.8262 -0.5394 -0.1628
vn 0.9969 -0.0785 0.0031
vn 0.9969 -0.0789 0.0040
vn 0.8280 -0.5183 -0.2139
vn 0.9969 -0.0785 0.0031
vn 0.9004 0.4015 0.1674
vn 0.8985 0.3798 0.2199
vn 0.9969 -0.0789 0.0040
vn 0.9004 0.4015 0.1674
vn 0.5656 0.7732 0.2868
vn 0.5623 0.7361 0.3767
vn 0.8985 0.3798 0.2199
vn 0.5656 0.7732 0.2868
vn 0.0823 0.9403 0.3303
vn 0.0785 0.8975 0.4339
vn 0.5623 0.7361 0.3767
vn 0.0785 0.8975 0.4339
vn -0.4260 0.8226 0.3767
vn -0.4301 0.7756 0.4620
vn 0.0738 0.8435 0.5320
vn -0.4260 0.8226 0.3767
vn -0.8189 0.5301 0.2199
vn -0.8213 0.5027 0.2697
vn -0.4301 0.7756 0.4620
vn -0.8189 0.5301 0.2199
vn -0.9954 0.0954 0.0040
vn -0.9955 0.0949 0.0049
vn -0.8213 0.5027 0.2697
vn -0.9954 0.0954 0.0040
vn -0.9054 -0.3667 -0.2139
vn -0.9031 -0.3400 -0.2623
vn -0.9955 0.0949 0.0049
vn -0.9054 -0.3667 -0.2139
vn -0.5699 -0.7313 -0.3747
vn -0.5659 -0.6846 -0.4595
vn -0.9031 -0.3400 -0.2623
vn -0.5699 -0.7313 -0.3747
vn -0.0785 -0.8975 -0.4339
vn -0.0738 -0.8435 -0.5320
vn -0.5659 -0.6846 -0.4595
vn -0.0785 -0.8975 -0.4339
vn 0.4343 -0.8191 -0.3747
vn 0.4384 -0.7724 -0.4595
vn -0.0738 -0.8435 -0.5320
vn 0.4343 -0.8191 -0.3747
vn 0.8280 -0.5183 -0.2139
vn 0.8303 -0.4917 -0.2623
vn 0.4384 -0.7724 -0.4595
vn 0.8280 -0.5183 -0.2139
vn 0.9969 -0.0789 0.0040
vn 0.9968 -0.0794 0.0049
vn 0.8303 -0.4917 -0.2623
vn 0.9969 -0.0789 0.0040
vn 0.8985 0.3798 0.2199
vn 0.8961 0.3524 0.2697
vn 0.9968 -0.0794 0.0049
vn 0.8985 0.3798 0.2199
vn 0.5623 0.7361 0.3767
vn 0.5582 0.6892 0.4620
vn 0.8961 0.3524 0.2697
vn 0.5623 0.7361 0.3767
vn 0.0785 0.8975 0.4339
vn 0.0738 0.8435 0.5320
vn 0.5582 0.6892 0.4620
vn 0.0738 0.8435 0.5320
vn -0.4301 0.7756 0.4620
vn -0.4350 0.7195 0.5414
vn 0.0681 0.7789 0.6235
vn -0.4301 0.7756 0.4620
vn -0.8213 0.5027 0.2697
vn -0.8242 0.4699 0.3160
vn -0.4350 0.7195 0.5414
vn -0.8213 0.5027 0.2697
vn -0.9955 0.0949 0.0049
vn -0.9955 0.0944 0.0058
vn -0.8242 0.4699 0.3160
vn -0.9955 0.0949 0.0049
vn -0.9031 -0.3400 -0.2623
vn -0.9003 -0.3082 -0.3074
vn -0.9955 0.0944 0.0058
vn -0.9031 -0.3400 -0.2623
vn -0.5659 -0.6846 -0.4595
vn -0.5610 -0.6288 -0.5385
vn -0.9003 -0.3082 -0.3074
vn -0.5659 -0.6846 -0.4595
vn -0.0738 -0.8435 -0.5320
vn -0.0681 -0.7789 -0.6235
vn -0.5610 -0.6288 -0.5385
vn -0.0738 -0.8435 -0.5320
vn 0.4384 -0.7724 -0.4595
vn 0.4433 -0.7166 -0.5385
vn -0.0681 -0.7789 -0.6235
vn 0.4384 -0.7724 -0.4595
vn 0.8303 -0.4917 -0.2623
vn 0.8331 -0.4598 -0.3074
vn 0.4433 -0.7166 -0.5385
vn 0.8303 -0.4917 -0.2623
vn 0.9968 -0.0794 0.0049
vn 0.9968 -0.0800 0.0058
vn 0.8331 -0.4598 -0.3074
vn 0.9968 -0.0794 0.0049
vn 0.8961 0.3524 0.2697
vn 0.8933 0.3196 0.3160
vn 0.9968 -0.0800 0.0058
vn 0.8961 0.3524 0.2697
vn 0.5582 0.6892 0.4620
vn 0.5533 0.6330 0.5414
vn 0.8933 0.3196 0.3160
vn 0.5582 0.6892 0.4620
vn 0.0738 0.8435 0.5320
vn 0.0681 0.7789 0.6235
vn 0.5533 0.6330 0.5414
vn 0.0681 0.7789 0.6235
vn -0.4350 0.7195 0.5414
vn -0.4406 0.6549 0.6140
vn 0.0616 0.7044 0.7071
vn -0.4350 0.7195 0.5414
vn -0.8242 0.4699 0.3160
vn -0.8275 0.4322 0.3584
vn -0.4406 0.6549 0.6140
vn -0.8242 0.4699 0.3160
vn -0.9955 0.0944 0.0058
vn -0.9956 0.0937 0.0065
vn -0.8275 0.4322 0.3584
vn -0.9955 0.0944 0.0058
vn -0.9003 -0.3082 -0.3074
vn -0.8971 -0.2715 -0.3486
vn -0.9956 0.0937 0.0065
vn -0.9003 -0.3082 -0.3074
vn -0.5610 -0.6288 -0.5385
vn -0.5554 -0.5645 -0.6107
vn -0.8971 -0.2715 -0.3486
vn -0.5610 -0.6288 -0.5385
vn -0.0681 -0.7789 -0.6235
vn -0.0616 -0.7044 -0.7071
vn -0.5554 -0.5645 -0.6107
vn -0.0681 -0.7789 -0.6235
vn 0.4433 -0.7166 -0.5385
vn 0.4489 -0.6523 -0.6107
vn -0.0616 -0.7044 -0.7071
vn 0.4433 -0.7166 -0.5385
vn 0.8331 -0.4598 -0.3074
vn 0.8363 -0.4231 -0.3486
vn 0.4489 -0.6523 -0.6107
vn 0.8331 -0.4598 -0.3074
vn 0.9968 -0.0800 0.0058
vn 0.9967 -0.0806 0.0065
vn 0.8363 -0.4231 -0.3486
vn 0.9968 -0.0800 0.0058
vn 0.8933 0.3196 0.3160
vn 0.8900 0.2819 0.3584
vn 0.9967 -0.0806 0.0065
vn 0.8933 0.3196 0.3160
vn 0.5533 0.6330 0.5414
vn 0.5477 0.5684 0.6140
vn 0.8900 0.2819 0.3584
vn 0.5533 0.6330 0.5414
vn 0.0681 0.7789 0.6235
vn 0.0616 0.7044 0.7071
vn 0.5477 0.5684 0.6140
vn 0.0616 0.7044 0.7071
vn -0.4406 0.6549 0.6140
vn -0.4470 0.5825 0.6789
vn 0.0543 0.6211 0.7818
vn -0.4406 0.6549 0.6140
vn -0.8275 0.4322 0.3584
vn -0.8312 0.3900 0.3963
vn -0.4470 0.5825 0.6789
vn -0.8275 0.4322 0.3584
vn -0.9956 0.0937 0.0065
vn -0.9956 0.0929 0.0072
vn -0.8312 0.3900 0.3963
vn -0.9956 0.0937 0.0065
vn -0.8971 -0.2715 -0.3486
vn -0.8935 -0.2304 -0.3854
vn -0.9956 0.0929 0.0072
vn -0.8971 -0.2715 -0.3486
vn -0.5554 -0.5645 -0.6107
vn -0.5491 -0.4925 -0.6753
vn -0.8935 -0.2304 -0.3854
vn -0.5554 -0.5645 -0.6107
vn -0.0616 -0.7044 -0.7071
vn -0.0543 -0.6211 -0.7818
vn -0.5491 -0.4925 -0.6753
vn -0.0616 -0.7044 -0.7071
vn 0.4489 -0.6523 -0.6107
vn 0.4552 -0.5804 -0.6753
vn -0.0543 -0.6211 -0.7818
vn 0.4489 -0.6523 -0.6107
vn 0.8363 -0.4231 -0.3486
vn 0.8399 -0.3820 -0.3854
vn 0.4552 -0.5804 -0.6753
vn 0.8363 -0.4231 -0.3486
vn 0.9967 -0.0806 0.0065
vn 0.9967 -0.0814 0.0072
vn 0.8399 -0.3820 -0.3854
vn 0.9967 -0.0806 0.0065
vn 0.8900 0.2819 0.3584
vn 0.8863 0.2397 0.3963
vn 0.9967 -0.0814 0.0072
vn 0.8900 0.2819 0.3584
vn 0.5477 0.5684 0.6140
vn 0.5413 0.4961 0.6789
vn 0.8863 0.2397 0.3963
vn 0.5477 0.5684 0.6140
vn 0.0616 0.7044 0.7071
vn 0.0543 0.6211 0.7818
vn 0.5413 0.4961 0.6789
vn 0.0543 0.6211 0.7818
vn -0.4470 0.5825 0.6789
vn -0.4539 0.5034 0.7352
vn 0.0464 0.5300 0.8467
vn -0.4470 0.5825 0.6789
vn -0.8312 0.3900 0.3963
vn -0.8352 0.3438 0.4292
vn -0.4539 0.5034 0.7352
vn -0.8312 0.3900 0.3963
vn -0.9956 0.0929 0.0072
vn -0.9957 0.0921 0.0078
vn -0.8352 0.3438 0.4292
vn -0.9956 0.0929 0.0072
vn -0.8935 -0.2304 -0.3854
vn -0.8896 -0.1855 -0.4174
vn -0.9957 0.0921 0.0078
vn -0.8935 -0.2304 -0.3854
vn -0.5491 -0.4925 -0.6753
vn -0.5422 -0.4138 -0.7313
vn -0.8896 -0.1855 -0.4174
vn -0.5491 -0.4925 -0.6753
vn -0.0543 -0.6211 -0.7818
vn -0.0464 -0.5300 -0.8467
vn -0.5422 -0.4138 -0.7313
vn -0.0543 -0.6211 -0.7818
vn 0.4552 -0.5804 -0.6753
vn 0.4621 -0.5017 -0.7313
vn -0.0464 -0.5300 -0.8467
vn 0.4552 -0.5804 -0.6753
vn 0.8399 -0.3820 -0.3854
vn 0.8439 -0.3371 -0.4174
vn 0.4621 -0.5017 -0.7313
vn 0.8399 -0.3820 -0.3854
vn 0.9967 -0.0814 0.0072
vn 0.9966 -0.0823 0.0078
vn 0.8439 -0.3371 -0.4174
vn 0.9967 -0.0814 0.0072
vn 0.8863 0.2397 0.3963
vn 0.8822 0.1935 0.4292
vn 0.9966 -0.0823 0.0078
vn 0.8863 0.2397 0.3963
vn 0.5413 0.4961 0.6789
vn 0.5344 0.4170 0.7352
vn 0.8822 0.1935 0.4292
vn 0.5413 0.4961 0.6789
vn 0.0543 0.6211 0.7818
vn 0.0464 0.5300 0.8467
vn 0.5344 0.4170 0.7352
vn 0.0464 0.5300 0.8467
vn -0.4539 0.5034 0.7352
vn -0.4613 0.4185 0.7823
vn 0.0378 0.4322 0.9010
vn -0.4539 0.5034 0.7352
vn -0.8352 0.3438 0.4292
vn -0.8396 0.2942 0.4567
vn -0.4613 0.4185 0.7823
vn -0.8352 0.3438 0.4292
vn -0.9957 0.0921 0.0078
vn -0.9958 0.0911 0.0083
vn -0.8396 0.2942 0.4567
vn -0.9957 0.0921 0.0078
vn -0.8896 -0.1855 -0.4174
vn -0.8854 -0.1373 -0.4442
vn -0.9958 0.0911 0.0083
vn -0.8896 -0.1855 -0.4174
vn -0.5422 -0.4138 -0.7313
vn -0.5348 -0.3294 -0.7781
vn -0.8854 -0.1373 -0.4442
vn -0.5422 -0.4138 -0.7313
vn -0.0464 -0.5300 -0.8467
vn -0.0378 -0.4322 -0.9010
vn -0.5348 -0.3294 -0.7781
vn -0.0464 -0.5300 -0.8467
vn 0.4621 -0.5017 -0.7313
vn 0.4695 -0.4172 -0.7781
vn -0.0378 -0.4322 -0.9010
vn 0.4621 -0.5017 -0.7313
vn 0.8439 -0.3371 -0.4174
vn 0.8481 -0.2889 -0.4442
vn 0.4695 -0.4172 -0.7781
vn 0.8439 -0.3371 -0.4174
vn 0.9966 -0.0823 0.0078
vn 0.9965 -0.0832 0.0083
vn 0.8481 -0.2889 -0.4442
vn 0.9966 -0.0823 0.0078
vn 0.8822 0.1935 0.4292
vn 0.8779 0.1440 0.4567
vn 0.9965 -0.0832 0.0083
vn 0.8822 0.1935 0.4292
vn 0.5344 0.4170 0.7352
vn 0.5270 0.3321 0.7823
vn 0.8779 0.1440 0.4567
vn 0.5344 0.4170 0.7352
vn 0.0464 0.5300 0.8467
vn 0.0378 0.4322 0.9010
vn 0.5270 0.3321 0.7823
vn 0.0378 0.4322 0.9010
vn -0.4613 0.4185 0.7823
vn -0.4692 0.3289 0.8196
vn 0.0288 0.3290 0.9439
vn -0.4613 0.4185 0.7823
vn -0.8396 0.2942 0.4567
vn -0.8442 0.2419 0.4784
vn -0.4692 0.3289 0.8196
vn -0.8396 0.2942 0.4567
vn -0.9958 0.0911 0.0083
vn -0.9959 0.0902 0.0087
vn -0.8442 0.2419 0.4784
vn -0.9958 0.0911 0.0083
vn -0.8854 -0.1373 -0.4442
vn -0.8809 -0.0864 -0.4653
vn -0.9959 0.0902 0.0087
vn -0.8854 -0.1373 -0.4442
vn -0.5348 -0.3294 -0.7781
vn -0.5270 -0.2402 -0.8152
vn -0.8809 -0.0864 -0.4653
vn -0.5348 -0.3294 -0.7781
vn -0.0378 -0.4322 -0.9010
vn -0.0288 -0.3290 -0.9439
vn -0.5270 -0.2402 -0.8152
vn -0.0378 -0.4322 -0.9010
vn 0.4695 -0.4172 -0.7781
vn 0.4773 -0.3281 -0.8152
vn -0.0288 -0.3290 -0.9439
vn 0.4695 -0.4172 -0.7781
vn 0.8481 -0.2889 -0.4442
vn 0.8525 -0.2380 -0.4653
vn 0.4773 -0.3281 -0.8152
vn 0.8481 -0.2889 -0.4442
vn 0.9965 -0.0832 0.0083
vn 0.9964 -0.0841 0.0087
vn 0.8525 -0.2380 -0.4653
vn 0.9965 -0.0832 0.0083
vn 0.8779 0.1440 0.4567
vn 0.8733 0.0916 0.4784
vn 0.9964 -0.0841 0.0087
vn 0.8779 0.1440 0.4567
vn 0.5270 0.3321 0.7823
vn 0.5191 0.2425 0.8196
vn 0.8733 0.0916 0.4784
vn 0.5270 0.3321 0.7823
vn 0.0378 0.4322 0.9010
vn 0.0288 0.3290 0.9439
vn 0.5191 0.2425 0.8196
vn 0.0288 0.3290 0.9439
vn -0.4692 0.3289 0.8196
vn -0.4773 0.2357 0.8465
vn 0.0194 0.2217 0.9749
vn -0.4692 0.3289 0.8196
vn -0.8442 0.2419 0.4784
vn -0.8489 0.1875 0.4942
vn -0.4773 0.2357 0.8465
vn -0.8442 0.2419 0.4784
vn -0.9959 0.0902 0.0087
vn -0.9960 0.0892 0.0090
vn -0.8489 0.1875 0.4942
vn -0.9959 0.0902 0.0087
vn -0.8809 -0.0864 -0.4653
vn -0.8763 -0.0335 -0.4806
vn -0.9960 0.0892 0.0090
vn -0.8809 -0.0864 -0.4653
vn -0.5270 -0.2402 -0.8152
vn -0.5189 -0.1475 -0.8420
vn -0.8763 -0.0335 -0.4806
vn -0.5270 -0.2402 -0.8152
vn -0.0288 -0.3290 -0.9439
vn -0.0194 -0.2217 -0.9749
vn -0.5189 -0.1475 -0.8420
vn -0.0288 -0.3290 -0.9439
vn 0.4773 -0.3281 -0.8152
vn 0.4854 -0.2354 -0.8420
vn -0.0194 -0.2217 -0.9749
vn 0.4773 -0.3281 -0.8152
vn 0.8525 -0.2380 -0.4653
vn 0.8572 -0.1851 -0.4806
vn 0.4854 -0.2354 -0.8420
vn 0.8525 -0.2380 -0.4653
vn 0.9964 -0.0841 0.0087
vn 0.9963 -0.0851 0.0090
vn 0.8572 -0.1851 -0.4806
vn 0.9964 -0.0841 0.0087
vn 0.8733 0.0916 0.4784
vn 0.8686 0.0372 0.4942
vn 0.9963 -0.0851 0.0090
vn 0.8733 0.0916 0.4784
vn 0.5191 0.2425 0.8196
vn 0.5110 0.1492 0.8465
vn 0.8686 0.0372 0.4942
vn 0.5191 0.2425 0.8196
vn 0.0288 0.3290 0.9439
vn 0.0194 0.2217 0.9749
vn 0.5110 0.1492 0.8465
vn 0.0194 0.2217 0.9749
vn -0.4773 0.2357 0.8465
vn -0.4857 0.1401 0.8628
vn 0.0098 0.1115 0.9937
vn -0.4773 0.2357 0.8465
vn -0.8489 0.1875 0.4942
vn -0.8538 0.1317 0.5037
vn -0.4857 0.1401 0.8628
vn -0.8489 0.1875 0.4942
vn -0.9960 0.0892 0.0090
vn -0.9961 0.0882 0.0092
vn -0.8538 0.1317 0.5037
vn -0.9960 0.0892 0.0090
vn -0.8763 -0.0335 -0.4806
vn -0.8715 0.0208 -0.4899
vn -0.9961 0.0882 0.0092
vn -0.8763 -0.0335 -0.4806
vn -0.5189 -0.1475 -0.8420
vn -0.5106 -0.0524 -0.8582
vn -0.8715 0.0208 -0.4899
vn -0.5189 -0.1475 -0.8420
vn -0.0194 -0.2217 -0.9749
vn -0.0098 -0.1115 -0.9937
vn -0.5106 -0.0524 -0.8582
vn -0.0194 -0.2217 -0.9749
vn 0.4854 -0.2354 -0.8420
vn 0.4937 -0.1403 -0.8582
vn -0.0098 -0.1115 -0.9937
vn 0.4854 -0.2354 -0.8420
vn 0.8572 -0.1851 -0.4806
vn 0.8619 -0.1308 -0.4899
vn 0.4937 -0.1403 -0.8582
vn 0.8572 -0.1851 -0.4806
vn 0.9963 -0.0851 0.0090
vn 0.9962 -0.0861 0.0092
vn 0.8619 -0.1308 -0.4899
vn 0.9963 -0.0851 0.0090
vn 0.8686 0.0372 0.4942
vn 0.8637 -0.0186 0.5037
vn 0.9962 -0.0861 0.0092
vn 0.8686 0.0372 0.4942
vn 0.5110 0.1492 0.8465
vn 0.5026 0.0536 0.8628
vn 0.8637 -0.0186 0.5037
vn 0.5110 0.1492 0.8465
vn 0.0194 0.2217 0.9749
vn 0.0098 0.1115 0.9937
vn 0.5026 0.0536 0.8628
vn 0.0098 0.1115 0.9937
vn -0.4857 0.1401 0.8628
vn -0.4939 0.0675 0.8669
vn 0.0024 0.0278 0.9996
vn -0.4857 0.1401 0.8628
vn -0.8538 0.1317 0.5037
vn -0.8594 0.0893 0.5034
vn -0.4939 0.0675 0.8669
vn -0.8538 0.1317 0.5037
vn -0.9961 0.0882 0.0092
vn -0.9962 0.0873 0.0046
vn -0.8594 0.0893 0.5034
vn -0.9961 0.0882 0.0092
vn -0.8715 0.0208 -0.4899
vn -0.8659 0.0618 -0.4964
vn -0.9962 0.0873 0.0046
vn -0.8715 0.0208 -0.4899
vn -0.5106 -0.0524 -0.8582
vn -0.5021 0.0195 -0.8646
vn -0.8659 0.0618 -0.4964
vn -0.5106 -0.0524 -0.8582
vn -0.0098 -0.1115 -0.9937
vn -0.0025 -0.0281 -0.9996
vn -0.5021 0.0195 -0.8646
vn -0.0098 -0.1115 -0.9937
vn 0.4937 -0.1403 -0.8582
vn 0.4979 -0.0680 -0.8646
vn -0.0025 -0.0281 -0.9996
vn 0.4937 -0.1403 -0.8582
vn 0.8619 -0.1308 -0.4899
vn 0.8634 -0.0896 -0.4964
vn 0.4979 -0.0680 -0.8646
vn 0.8619 -0.1308 -0.4899
vn 0.9962 -0.0861 0.0092
vn 0.9962 -0.0870 0.0046
vn 0.8634 -0.0896 -0.4964
vn 0.9962 -0.0861 0.0092
vn 0.8637 -0.0186 0.5037
vn 0.8619 -0.0612 0.5034
vn 0.9962 -0.0870 0.0046
vn 0.8637 -0.0186 0.5037
vn 0.5026 0.0536 0.8628
vn 0.4981 -0.0192 0.8669
vn 0.8619 -0.0612 0.5034
vn 0.5026 0.0536 0.8628
vn 0.0098 0.1115 0.9937
vn 0.0024 0.0278 0.9996
vn 0.4981 -0.0192 0.8669
vn 0.0024 0.0278 -0.9996
vn -0.4939 0.0675 -0.8669
vn -0.4857 0.1401 -0.8628
vn 0.0098 0.1115 -0.9937
vn -0.4939 0.0675 -0.8669
vn -0.8594 0.0894 -0.5034
vn -0.8538 0.1317 -0.5037
vn -0.4857 0.1401 -0.8628
vn -0.8594 0.0894 -0.5034
vn -0.9962 0.0873 -0.0046
vn -0.9961 0.0882 -0.0092
vn -0.8538 0.1317 -0.5037
vn -0.9962 0.0873 -0.0046
vn -0.8659 0.0617 0.4964
vn -0.8715 0.0208 0.4899
vn -0.9961 0.0882 -0.0092
vn -0.8659 0.0617 0.4964
vn -0.5021 0.0195 0.8646
vn -0.5106 -0.0524 0.8582
vn -0.8715 0.0208 0.4899
vn -0.5021 0.0195 0.8646
vn -0.0025 -0.0281 0.9996
vn -0.0098 -0.1115 0.9937
vn -0.5106 -0.0524 0.8582
vn -0.0025 -0.0281 0.9996
vn 0.4979 -0.0680 0.8646
vn 0.4937 -0.1403 0.8582
vn -0.0098 -0.1115 0.9937
vn 0.4979 -0.0680 0.8646
vn 0.8634 -0.0895 0.4964
vn 0.8619 -0.1308 0.4899
vn 0.4937 -0.1403 0.8582
vn 0.8634 -0.0895 0.4964
vn 0.9962 -0.0870 -0.0046
vn 0.9962 -0.0861 -0.0092
vn 0.8619 -0.1308 0.4899
vn 0.9962 -0.0870 -0.0046
vn 0.8619 -0.0613 -0.5034
vn 0.8637 -0.0186 -0.5037
vn 0.9962 -0.0861 -0.0092
vn 0.8619 -0.0613 -0.5034
vn 0.4981 -0.0193 -0.8669
vn 0.5026 0.0536 -0.8628
vn 0.8637 -0.0186 -0.5037
vn 0.4981 -0.0193 -0.8669
vn 0.0024 0.0278 -0.9996
vn 0.0098 0.1115 -0.9937
vn 0.5026 0.0536 -0.8628
vn 0.0098 0.1115 -0.9937
vn -0.4857 0.1401 -0.8628
vn -0.4773 0.2357 -0.8465
vn 0.0194 0.2217 -0.9749
vn -0.4857 0.1401 -0.8628
vn -0.8538 0.1317 -0.5037
vn -0.8489 0.1875 -0.4942
vn -0.4773 0.2357 -0.8465
vn -0.8538 0.1317 -0.5037
vn -0.9961 0.0882 -0.0092
vn -0.9960 0.0892 -0.0090
vn -0.8489 0.1875 -0.4942
vn -0.9961 0.0882 -0.0092
vn -0.8715 0.0208 0.4899
vn -0.8763 -0.0335 0.4806
vn -0.9960 0.0892 -0.0090
vn -0.8715 0.0208 0.4899
vn -0.5106 -0.0524 0.8582
vn -0.5189 -0.1475 0.8420
vn -0.8763 -0.0335 0.4806
vn -0.5106 -0.0524 0.8582
vn -0.0098 -0.1115 0.9937
vn -0.0194 -0.2217 0.9749
vn -0.5189 -0.1475 0.8420
vn -0.0098 -0.1115 0.9937
vn 0.4937 -0.1403 0.8582
vn 0.4854 -0.2354 0.8420
vn -0.0194 -0.2217 0.9749
vn 0.4937 -0.1403 0.8582
vn 0.8619 -0.1308 0.4899
vn 0.8572 -0.1851 0.4806
vn 0.4854 -0.2354 0.8420
vn 0.8619 -0.1308 0.4899
vn 0.9962 -0.0861 -0.0092
vn 0.9963 -0.0851 -0.0090
vn 0.8572 -0.1851 0.4806
vn 0.9962 -0.0861 -0.0092
vn 0.8637 -0.0186 -0.5037
vn 0.8686 0.0372 -0.4942
vn 0.9963 -0.0851 -0.0090
vn 0.8637 -0.0186 -0.5037
vn 0.5026 0.0536 -0.8628
vn 0.5110 0.1492 -0.8465
vn 0.8686 0.0372 -0.4942
vn 0.5026 0.0536 -0.8628
vn 0.0098 0.1115 -0.9937
vn 0.0194 0.2217 -0.9749
vn 0.5110 0.1492 -0.8465
vn 0.0194 0.2217 -0.9749
vn -0.4773 0.2357 -0.8465
vn -0.4692 0.3289 -0.8196
vn 0.0288 0.3290 -0.9439
vn -0.4773 0.2357 -0.8465
vn -0.8489 0.1875 -0.4942
vn -0.8442 0.2419 -0.4784
vn -0.4692 0.3289 -0.8196
vn -0.8489 0.1875 -0.4942
vn -0.9960 0.0892 -0.0090
vn -0.9959 0.0902 -0.0087
vn -0.8442 0.2419 -0.4784
vn -0.9960 0.0892 -0.0090
vn -0.8763 -0.0335 0.4806
vn -0.8809 -0.0864 0.4653
vn -0.9959 0.0902 -0.0087
vn -0.8763 -0.0335 0.4806
vn -0.5189 -0.1475 0.8420
vn -0.5270 -0.2402 0.8152
vn -0.8809 -0.0864 0.4653
vn -0.5189 -0.1475 0.8420
vn -0.0194 -0.2217 0.9749
vn -0.0288 -0.3290 0.9439
vn -0.5270 -0.2402 0.8152
vn -0.0194 -0.2217 0.9749
vn 0.4854 -0.2354 0.8420
vn 0.4773 -0.3281 0.8152
vn -0.0288 -0.3290 0.9439
vn 0.4854 -0.2354 0.8420
vn 0.8572 -0.1851 0.4806
vn 0.8525 -0.2380 0.4653
vn 0.4773 -0.3281 0.8152
vn 0.8572 -0.1851 0.4806
vn 0.9963 -0.0851 -0.0090
vn 0.9964 -0.0841 -0.0087
vn 0.8525 -0.2380 0.4653
vn 0.9963 -0.0851 -0.0090
vn 0.8686 0.0372 -0.4942
vn 0.8733 0.0916 -0.4784
vn 0.9964 -0.0841 -0.0087
vn 0.8686 0.0372 -0.4942
vn 0.5110 0.1492 -0.8465
vn 0.5191 0.2425 -0.8196
vn 0.8733 0.0916 -0.4784
vn 0.5110 0.1492 -0.8465
vn 0.0194 0.2217 -0.9749
vn 0.0288 0.3290 -0.9439
vn 0.5191 0.2425 -0.8196
vn 0.0288 0.3290 -0.9439
vn -0.4692 0.3289 -0.8196
vn -0.4613 0.4185 -0.7823
vn 0.0378 0.4322 -0.9010
vn -0.4692 0.3289 -0.8196
vn -0.8442 0.2419 -0.4784
vn -0.8396 0.2942 -0.4567
vn -0.4613 0.4185 -0.7823
vn -0.8442 0.2419 -0.4784
vn -0.9959 0.0902 -0.0087
vn -0.9958 0.0911 -0.0083
vn -0.8396 0.2942 -0.4567
vn -0.9959 0.0902 -0.0087
vn -0.8809 -0.0864 0.4653
vn -0.8854 -0.1373 0.4442
vn -0.9958 0.0911 -0.0083
vn -0.8809 -0.0864 0.4653
vn -0.5270 -0.2402 0.8152
vn -0.5348 -0.3294 0.7781
vn -0.8854 -0.1373 0.4442
vn -0.5270 -0.2402 0.8152
vn -0.0288 -0.3290 0.9439
vn -0.0378 -0.4322 0.9010
vn -0.5348 -0.3294 0.7781
vn -0.0288 -0.3290 0.9439
vn 0.4773 -0.3281 0.8152
vn 0.4695 -0.4172 0.7781
vn -0.0378 -0.4322 0.9010
vn 0.4773 -0.3281 0.8152
vn 0.8525 -0.2380 0.4653
vn 0.8481 -0.2889 0.4442
vn 0.4695 -0.4172 0.7781
vn 0.8525 -0.2380 0.4653
vn 0.9964 -0.0841 -0.0087
vn 0.9965 -0.0832 -0.0083
vn 0.8481 -0.2889 0.4442
vn 0.9964 -0.0841 -0.0087
vn 0.8733 0.0916 -0.4784
vn 0.8779 0.1440 -0.4567
vn 0.9965 -0.0832 -0.0083
vn 0.8733 0.0916 -0.4784
vn 0.5191 0.2425 -0.8196
vn 0.5270 0.3321 -0.7823
vn 0.8779 0.1440 -0.4567
vn 0.5191 0.2425 -0.8196
vn 0.0288 0.3290 -0.9439
vn 0.0378 0.4322 -0.9010
vn 0.5270 0.3321 -0.7823
vn 0.0378 0.4322 -0.9010
vn -0.4613 0.4185 -0.7823
vn -0.4539 0.5034 -0.7352
vn 0.0464 0.5300 -0.8467
vn -0.4613 0.4185 -0.7823
vn -0.8396 0.2942 -0.4567
vn -0.8352 0.3438 -0.4292
vn -0.4539 0.5034 -0.7352
vn -0.8396 0.2942 -0.4567
vn -0.9958 0.0911 -0.0083
vn -0.9957 0.0921 -0.0078
vn -0.8352 0.3438 -0.4292
vn -0.9958 0.0911 -0.0083
vn -0.8854 -0.1373 0.4442
vn -0.8896 -0.1855 0.4174
vn -0.9957 0.0921 -0.0078
vn -0.8854 -0.1373 0.4442
vn -0.5348 -0.3294 0.7781
vn -0.5422 -0.4138 0.7313
vn -0.8896 -0.1855 0.4174
vn -0.5348 -0.3294 0.7781
vn -0.0378 -0.4322 0.9010
vn -0.0464 -0.5300 0.8467
vn -0.5422 -0.4138 0.7313
vn -0.0378 -0.4322 0.9010
vn 0.4695 -0.4172 0.7781
vn 0.4621 -0.5017 0.7313
vn -0.0464 -0.5300 0.8467
vn 0.4695 -0.4172 0.7781
vn 0.8481 -0.2889 0.4442
vn 0.8439 -0.3371 0.4174
vn 0.4621 -0.5017 0.7313
vn 0.8481 -0.2889 0.4442
vn 0.9965 -0.0832 -0.0083
vn 0.9966 -0.0823 -0.0078
vn 0.8439 -0.3371 0.4174
vn 0.9965 -0.0832 -0.0083
vn 0.8779 0.1440 -0.4567
vn 0.8822 0.1935 -0.4292
vn 0.9966 -0.0823 -0.0078
vn 0.8779 0.1440 -0.4567
vn 0.5270 0.3321 -0.7823
vn 0.5344 0.4170 -0.7352
vn 0.8822 0.1935 -0.4292
vn 0.5270 0.3321 -0.7823
vn 0.0378 0.4322 -0.9010
vn 0.0464 0.5300 -0.8467
vn 0.5344 0.4170 -0.7352
vn 0.0464 0.5300 -0.8467
vn -0.4539 0.5034 -0.7352
vn -0.4470 0.5825 -0.6789
vn 0.0543 0.6211 -0.7818
vn -0.4539 0.5034 -0.7352
vn -0.8352 0.3438 -0.4292
vn -0.8312 0.3900 -0.3963
vn -0.4470 0.5825 -0.6789
vn -0.8352 0.3438 -0.4292
vn -0.9957 0.0921 -0.0078
vn -0.9956 0.0929 -0.0072
vn -0.8312 0.3900 -0.3963
vn -0.9957 0.0921 -0.0078
vn -0.8896 -0.1855 0.4174
vn -0.8935 -0.2304 0.3854
vn -0.9956 0.0929 -0.0072
vn -0.8896 -0.1855 0.4174
vn -0.5422 -0.4138 0.7313
vn -0.5491 -0.4925 0.6753
vn -0.8935 -0.2304 0.3854
vn -0.5422 -0.4138 0.7313
vn -0.0464 -0.5300 0.8467
vn -0.0543 -0.6211 0.7818
vn -0.5491 -0.4925 0.6753
vn -0.0464 -0.5300 0.8467
vn 0.4621 -0.5017 0.7313
vn 0.4552 -0.5804 0.6753
vn -0.0543 -0.6211 0.7818
vn 0.4621 -0.5017 0.7313
vn 0.8439 -0.3371 0.4174
vn 0.8399 -0.3820 0.3854
vn 0.4552 -0.5804 0.6753
vn 0.8439 -0.3371 0.4174
vn 0.9966 -0.0823 -0.0078
vn 0.9967 -0.0814 -0.0072
vn 0.8399 -0.3820 0.3854
vn 0.9966 -0.0823 -0.0078
vn 0.8822 0.1935 -0.4292
vn 0.8863 0.2397 -0.3963
vn 0.9967 -0.0814 -0.0072
vn 0.8822 0.1935 -0.4292
vn 0.5344 0.4170 -0.7352
vn 0.5413 0.4961 -0.6789
vn 0.8863 0.2397 -0.3963
vn 0.5344 0.4170 -0.7352
vn 0.0464 0.5300 -0.8467
vn 0.0543 0.6211 -0.7818
vn 0.5413 0.4961 -0.6789
vn 0.0543 0.6211 -0.7818
vn -0.4470 0.5825 -0.6789
vn -0.4406 0.6549 -0.6140
vn 0.0616 0.7044 -0.7071
vn -0.4470 0.5825 -0.6789
vn -0.8312 0.3900 -0.3963
vn -0.8275 0.4322 -0.3584
vn -0.4406 0.6549 -0.6140
vn -0.8312 0.3900 -0.3963
vn -0.9956 0.0929 -0.0072
vn -0.9956 0.0937 -0.0065
vn -0.8275 0.4322 -0.3584
vn -0.9956 0.0929 -0.0072
vn -0.8935 -0.2304 0.3854
vn -0.8971 -0.2715 0.3486
vn -0.9956 0.0937 -0.0065
vn -0.8935 -0.2304 0.3854
vn -0.5491 -0.4925 0.6753
vn -0.5554 -0.5645 0.6107
vn -0.8971 -0.2715 0.3486
vn -0.5491 -0.4925 0.6753
vn -0.0543 -0.6211 0.7818
vn -0.0616 -0.7044 0.7071
vn -0.5554 -0.5645 0.6107
vn -0.0543 -0.6211 0.7818
vn 0.4552 -0.5804 0.6753
vn 0.4489 -0.6523 0.6107
vn -0.0616 -0.7044 0.7071
vn 0.4552 -0.5804 0.6753
vn 0.8399 -0.3820 0.3854
vn 0.8363 -0.4231 0.3486
vn 0.4489 -0.6523 0.6107
vn 0.8399 -0.3820 0.3854
vn 0.9967 -0.0814 -0.0072
vn 0.9967 -0.0806 -0.0065
vn 0.8363 -0.4231 0.3486
vn 0.9967 -0.0814 -0.0072
vn 0.8863 0.2397 -0.3963
vn 0.8900 0.2819 -0.3584
vn 0.9967 -0.0806 -0.0065
vn 0.8863 0.2397 -0.3963
vn 0.5413 0.4961 -0.6789
vn 0.5477 0.5684 -0.6140
vn 0.8900 0.2819 -0.3584
vn 0.5413 0.4961 -0.6789
vn 0.0543 0.6211 -0.7818
vn 0.0616 0.7044 -0.7071
vn 0.5477 0.5684 -0.6140
vn 0.0616 0.7044 -0.7071
vn -0.4406 0.6549 -0.6140
vn -0.4350 0.7195 -0.5414
vn 0.0681 0.7789 -0.6235
vn -0.4406 0.6549 -0.6140
vn -0.8275 0.4322 -0.3584
vn -0.8242 0.4699 -0.3160
vn -0.4350 0.7195 -0.5414
vn -0.8275 0.4322 -0.3584
vn -0.9956 0.0937 -0.0065
vn -0.9955 0.0944 -0.0058
vn -0.8242 0.4699 -0.3160
vn -0.9956 0.0937 -0.0065
vn -0.8971 -0.2715 0.3486
vn -0.9003 -0.3082 0.3074
vn -0.9955 0.0944 -0.0058
vn -0.8971 -0.2715 0.3486
vn -0.5554 -0.5645 0.6107
vn -0.5610 -0.6288 0.5385
vn -0.9003 -0.3082 0.3074
vn -0.5554 -0.5645 0.6107
vn -0.0616 -0.7044 0.7071
vn -0.0681 -0.7789 0.6235
vn -0.5610 -0.6288 0.5385
vn -0.0616 -0.7044 0.7071
vn 0.4489 -0.6523 0.6107
vn 0.4433 -0.7166 0.5385
vn -0.0681 -0.7789 0.6235
vn 0.4489 -0.6523 0.6107
vn 0.8363 -0.4231 0.3486
vn 0.8331 -0.4598 0.3074
vn 0.4433 -0.7166 0.5385
vn 0.8363 -0.4231 0.3486
vn 0.9967 -0.0806 -0.0065
vn 0.9968 -0.0800 -0.0058
vn 0.8331 -0.4598 0.3074
vn 0.9967 -0.0806 -0.0065
vn 0.8900 0.2819 -0.3584
vn 0.8933 0.3196 -0.3160
vn 0.9968 -0.0800 -0.0058
vn 0.8900 0.2819 -0.3584
vn 0.5477 0.5684 -0.6140
vn 0.5533 0.6330 -0.5414
vn 0.8933 0.3196 -0.3160
vn 0.5477 0.5684 -0.6140
vn 0.0616 0.7044 -0.7071
vn 0.0681 0.7789 -0.6235
vn 0.5533 0.6330 -0.5414
vn 0.0681 0.7789 -0.6235
vn -0.4350 0.7195 -0.5414
vn -0.4301 0.7756 -0.4620
vn 0.0738 0.8435 -0.5320
vn -0.4350 0.7195 -0.5414
vn -0.8242 0.4699 -0.3160
vn -0.8213 0.5027 -0.2697
vn -0.4301 0.7756 -0.4620
vn -0.8242 0.4699 -0.3160
vn -0.9955 0.0944 -0.0058
vn -0.9955 0.0949 -0.0049
vn -0.8213 0.5027 -0.2697
vn -0.9955 0.0944 -0.0058
vn -0.9003 -0.3082 0.3074
vn -0.9031 -0.3400 0.2623
vn -0.9955 0.0949 -0.0049
vn -0.9003 -0.3082 0.3074
vn -0.5610 -0.6288 0.5385
vn -0.5659 -0.6846 0.4595
vn -0.9031 -0.3400 0.2623
vn -0.5610 -0.6288 0.5385
vn -0.0681 -0.7789 0.6235
vn -0.0738 -0.8435 0.5320
vn -0.5659 -0.6846 0.4595
vn -0.0681 -0.7789 0.6235
vn 0.4433 -0.7166 0.5385
vn 0.4384 -0.7724 0.4595
vn -0.0738 -0.8435 0.5320
vn 0.4433 -0.7166 0.5385
vn 0.8331 -0.4598 0.3074
vn 0.8303 -0.4917 0.2623
vn 0.4384 -0.7724 0.4595
vn 0.8331 -0.4598 0.3074
vn 0.9968 -0.0800 -0.0058
vn 0.9968 -0.0794 -0.0049
vn 0.8303 -0.4917 0.2623
vn 0.9968 -0.0800 -0.0058
vn 0.8933 0.3196 -0.3160
vn 0.8961 0.3524 -0.2697
vn 0.9968 -0.0794 -0.0049
vn 0.8933 0.3196 -0.3160
vn 0.5533 0.6330 -0.5414
vn 0.5582 0.6892 -0.4620
vn 0.8961 0.3524 -0.2697
vn 0.5533 0.6330 -0.5414
vn 0.0681 0.7789 -0.6235
vn 0.0738 0.8435 -0.5320
vn 0.5582 0.6892 -0.4620
vn 0.0738 0.8435 -0.5320
vn -0.4301 0.7756 -0.4620
vn -0.4260 0.8226 -0.3767
vn 0.0785 0.8975 -0.4339
vn -0.4301 0.7756 -0.4620
vn -0.8213 0.5027 -0.2697
vn -0.8189 0.5301 -0.2199
vn -0.4260 0.8226 -0.3767
vn -0.8213 0.5027 -0.2697
vn -0.9955 0.0949 -0.0049
vn -0.9954 0.0954 -0.0040
vn -0.8189 0.5301 -0.2199
vn -0.9955 0.0949 -0.0049
vn -0.9031 -0.3400 0.2623
vn -0.9054 -0.3667 0.2139
vn -0.9954 0.0954 -0.0040
vn -0.9031 -0.3400 0.2623
vn -0.5659 -0.6846 0.4595
vn -0.5699 -0.7313 0.3747
vn -0.9054 -0.3667 0.2139
vn -0.5659 -0.6846 0.4595
vn -0.0738 -0.8435 0.5320
vn -0.0785 -0.8975 0.4339
vn -0.5699 -0.7313 0.3747
vn -0.0738 -0.8435 0.5320
vn 0.4384 -0.7724 0.4595
vn 0.4343 -0.8191 0.3747
vn -0.0785 -0.8975 0.4339
vn 0.4384 -0.7724 0.4595
vn 0.8303 -0.4917 0.2623
vn 0.8280 -0.5183 0.2139
vn 0.4343 -0.8191 0.3747
vn 0.8303 -0.4917 0.2623
vn 0.9968 -0.0794 -0.0049
vn 0.9969 -0.0789 -0.0040
vn 0.8280 -0.5183 0.2139
vn 0.9968 -0.0794 -0.0049
vn 0.8961 0.3524 -0.2697
vn 0.8985 0.3798 -0.2199
vn 0.9969 -0.0789 -0.0040
vn 0.8961 0.3524 -0.2697
vn 0.5582 0.6892 -0.4620
vn 0.5623 0.7361 -0.3767
vn 0.8985 0.3798 -0.2199
vn 0.5582 0.6892 -0.4620
vn 0.0738 0.8435 -0.5320
vn 0.0785 0.8975 -0.4339
vn 0.5623 0.7361 -0.3767
vn 0.0785 0.8975 -0.4339
vn -0.4260 0.8226 -0.3767
vn -0.4227 0.8597 -0.2868
vn 0.0823 0.9403 -0.3303
vn -0.4260 0.8226 -0.3767
vn -0.8189 0.5301 -0.2199
vn -0.8170 0.5517 -0.1674
vn -0.4227 0.8597 -0.2868
vn -0.8189 0.5301 -0.2199
vn -0.9954 0.0954 -0.0040
vn -0.9954 0.0958 -0.0031
vn -0.8170 0.5517 -0.1674
vn -0.9954 0.0954 -0.0040
vn -0.9054 -0.3667 0.2139
vn -0.9073 -0.3877 0.1628
vn -0.9954 0.0958 -0.0031
vn -0.9054 -0.3667 0.2139
vn -0.5699 -0.7313 0.3747
vn -0.5732 -0.7682 0.2853
vn -0.9073 -0.3877 0.1628
vn -0.5699 -0.7313 0.3747
vn -0.0785 -0.8975 0.4339
vn -0.0823 -0.9403 0.3303
vn -0.5732 -0.7682 0.2853
vn -0.0785 -0.8975 0.4339
vn 0.4343 -0.8191 0.3747
vn 0.4311 -0.8560 0.2853
vn -0.0823 -0.9403 0.3303
vn 0.4343 -0.8191 0.3747
vn 0.8280 -0.5183 0.2139
vn 0.8262 -0.5394 0.1628
vn 0.4311 -0.8560 0.2853
vn 0.8280 -0.5183 0.2139
vn 0.9969 -0.0789 -0.0040
vn 0.9969 -0.0785 -0.0031
vn 0.8262 -0.5394 0.1628
vn 0.9969 -0.0789 -0.0040
vn 0.8985 0.3798 -0.2199
vn 0.9004 0.4015 -0.1674
vn 0.9969 -0.0785 -0.0031
vn 0.8985 0.3798 -0.2199
vn 0.5623 0.7361 -0.3767
vn 0.5656 0.7732 -0.2868
vn 0.9004 0.4015 -0.1674
vn 0.5623 0.7361 -0.3767
vn 0.0785 0.8975 -0.4339
vn 0.0823 0.9403 -0.3303
vn 0.5656 0.7732 -0.2868
vn 0.0823 0.9403 -0.3303
vn -0.4227 0.8597 -0.2868
vn -0.4204 0.8865 -0.1932
vn 0.0850 0.9712 -0.2225
vn -0.4227 0.8597 -0.2868
vn -0.8170 0.5517 -0.1674
vn -0.8157 0.5674 -0.1128
vn -0.4204 0.8865 -0.1932
vn -0.8170 0.5517 -0.1674
vn -0.9954 0.0958 -0.0031
vn -0.9954 0.0961 -0.0021
vn -0.8157 0.5674 -0.1128
vn -0.9954 0.0958 -0.0031
vn -0.9073 -0.3877 0.1628
vn -0.9086 -0.4030 0.1097
vn -0.9954 0.0961 -0.0021
vn -0.9073 -0.3877 0.1628
vn -0.5732 -0.7682 0.2853
vn -0.5755 -0.7949 0.1922
vn -0.9086 -0.4030 0.1097
vn -0.5732 -0.7682 0.2853
vn -0.0823 -0.9403 0.3303
vn -0.0850 -0.9712 0.2225
vn -0.5755 -0.7949 0.1922
vn -0.0823 -0.9403 0.3303
vn 0.4311 -0.8560 0.2853
vn 0.4287 -0.8827 0.1922
vn -0.0850 -0.9712 0.2225
vn 0.4311 -0.8560 0.2853
vn 0.8262 -0.5394 0.1628
vn 0.8248 -0.5546 0.1097
vn 0.4287 -0.8827 0.1922
vn 0.8262 -0.5394 0.1628
vn 0.9969 -0.0785 -0.0031
vn 0.9969 -0.0782 -0.0021
vn 0.8248 -0.5546 0.1097
vn 0.9969 -0.0785 -0.0031
vn 0.9004 0.4015 -0.1674
vn 0.9018 0.4172 -0.1128
vn 0.9969 -0.0782 -0.0021
vn 0.9004 0.4015 -0.1674
vn 0.5656 0.7732 -0.2868
vn 0.5679 0.8001 -0.1932
vn 0.9018 0.4172 -0.1128
vn 0.5656 0.7732 -0.2868
vn 0.0823 0.9403 -0.3303
vn 0.0850 0.9712 -0.2225
vn 0.5679 0.8001 -0.1932
vn 0.0850 0.9712 -0.2225
vn -0.4204 0.8865 -0.1932
vn -0.4189 0.9028 -0.0972
vn 0.0866 0.9899 -0.1120
vn -0.4204 0.8865 -0.1932
vn -0.8157 0.5674 -0.1128
vn -0.8148 0.5769 -0.0568
vn -0.4189 0.9028 -0.0972
vn -0.8157 0.5674 -0.1128
vn -0.9954 0.0961 -0.0021
vn -0.9954 0.0963 -0.0010
vn -0.8148 0.5769 -0.0568
vn -0.9954 0.0961 -0.0021
vn -0.9086 -0.4030 0.1097
vn -0.9094 -0.4122 0.0552
vn -0.9954 0.0963 -0.0010
vn -0.9086 -0.4030 0.1097
vn -0.5755 -0.7949 0.1922
vn -0.5769 -0.8111 0.0967
vn -0.9094 -0.4122 0.0552
vn -0.5755 -0.7949 0.1922
vn -0.0850 -0.9712 0.2225
vn -0.0866 -0.9899 0.1120
vn -0.5769 -0.8111 0.0967
vn -0.0850 -0.9712 0.2225
vn 0.4287 -0.8827 0.1922
vn 0.4273 -0.8989 0.0967
vn -0.0866 -0.9899 0.1120
vn 0.4287 -0.8827 0.1922
vn 0.8248 -0.5546 0.1097
vn 0.8240 -0.5639 0.0552
vn 0.4273 -0.8989 0.0967
vn 0.8248 -0.5546 0.1097
vn 0.9969 -0.0782 -0.0021
vn 0.9970 -0.0780 -0.0010
vn 0.8240 -0.5639 0.0552
vn 0.9969 -0.0782 -0.0021
vn 0.9018 0.4172 -0.1128
vn 0.9026 0.4266 -0.0568
vn 0.9970 -0.0780 -0.0010
vn 0.9018 0.4172 -0.1128
vn 0.5679 0.8001 -0.1932
vn 0.5694 0.8163 -0.0972
vn 0.9026 0.4266 -0.0568
vn 0.5679 0.8001 -0.1932
vn 0.0850 0.9712 -0.2225
vn 0.0866 0.9899 -0.1120
vn 0.5694 0.8163 -0.0972
vn 0.0866 0.9899 -0.1120
vn -0.4189 0.9028 -0.0972
vn -0.4185 0.9082 0.0000
vn 0.0872 0.9962 0.0000
vn -0.4189 0.9028 -0.0972
vn -0.8148 0.5769 -0.0568
vn -0.8146 0.5801 0.0000
vn -0.4185 0.9082 0.0000
vn -0.8148 0.5769 -0.0568
vn -0.9954 0.0963 -0.0010
vn -0.9953 0.0964 -0.0000
vn -0.8146 0.5801 0.0000
vn -0.9954 0.0963 -0.0010
vn -0.9094 -0.4122 0.0552
vn -0.9097 -0.4153 -0.0000
vn -0.9953 0.0964 -0.0000
vn -0.9094 -0.4122 0.0552
vn -0.5769 -0.8111 0.0967
vn -0.5774 -0.8165 -0.0000
vn -0.9097 -0.4153 -0.0000
vn -0.5769 -0.8111 0.0967
vn -0.0866 -0.9899 0.1120
vn -0.0872 -0.9962 -0.0000
vn -0.5774 -0.8165 -0.0000
vn -0.0866 -0.9899 0.1120
vn 0.4273 -0.8989 0.0967
vn 0.4269 -0.9043 -0.0000
vn -0.0872 -0.9962 -0.0000
vn 0.4273 -0.8989 0.0967
vn 0.8240 -0.5639 0.0552
vn 0.8237 -0.5670 -0.0000
vn 0.4269 -0.9043 -0.0000
vn 0.8240 -0.5639 0.0552
vn 0.9970 -0.0780 -0.0010
vn 0.9970 -0.0779 0.0000
vn 0.8237 -0.5670 -0.0000
vn 0.9970 -0.0780 -0.0010
vn 0.9026 0.4266 -0.0568
vn 0.9029 0.4298 0.0000
vn 0.9970 -0.0779 0.0000
vn 0.9026 0.4266 -0.0568
vn 0.5694 0.8163 -0.0972
vn 0.5698 0.8218 0.0000
vn 0.9029 0.4298 0.0000
vn 0.5694 0.8163 -0.0972
vn 0.0866 0.9899 -0.1120
vn 0.0872 0.9962 0.0000
vn 0.5698 0.8218 0.0000
vn -0.0872 0.9962 0.0000
vn -0.5698 0.8218 -0.0000
vn -0.5694 0.8163 0.0972
vn -0.0866 0.9899 0.1120
vn -0.5698 0.8218 -0.0000
vn -0.9029 0.4298 0.0000
vn -0.9026 0.4266 0.0568
vn -0.5694 0.8163 0.0972
vn -0.9029 0.4298 0.0000
vn -0.9970 -0.0779 0.0000
vn -0.9970 -0.0780 0.0010
vn -0.9026 0.4266 0.0568
vn -0.9970 -0.0779 0.0000
vn -0.8237 -0.5670 -0.0000
vn -0.8240 -0.5639 -0.0552
vn -0.9970 -0.0780 0.0010
vn -0.8237 -0.5670 -0.0000
vn -0.4269 -0.9043 -0.0000
vn -0.4273 -0.8989 -0.0967
vn -0.8240 -0.5639 -0.0552
vn -0.4269 -0.9043 -0.0000
vn 0.0872 -0.9962 -0.0000
vn 0.0866 -0.9899 -0.1120
vn -0.4273 -0.8989 -0.0967
vn 0.0872 -0.9962 -0.0000
vn 0.5774 -0.8165 0.0000
vn 0.5769 -0.8111 -0.0967
vn 0.0866 -0.9899 -0.1120
vn 0.5774 -0.8165 0.0000
vn 0.9097 -0.4153 -0.0000
vn 0.9094 -0.4122 -0.0552
vn 0.5769 -0.8111 -0.0967
vn 0.9097 -0.4153 -0.0000
vn 0.9953 0.0964 -0.0000
vn 0.9954 0.0963 0.0010
vn 0.9094 -0.4122 -0.0552
vn 0.9953 0.0964 -0.0000
vn 0.8146 0.5801 0.0000
vn 0.8148 0.5769 0.0568
vn 0.9954 0.0963 0.0010
vn 0.8146 0.5801 0.0000
vn 0.4185 0.9082 0.0000
vn 0.4190 0.9028 0.0972
vn 0.8148 0.5769 0.0568
vn 0.4185 0.9082 0.0000
vn -0.0872 0.9962 0.0000
vn -0.0866 0.9899 0.1120
vn 0.4190 0.9028 0.0972
vn -0.0866 0.9899 0.1120
vn -0.5694 0.8163 0.0972
vn -0.5679 0.8001 0.1932
vn -0.0850 0.9712 0.2225
vn -0.5694 0.8163 0.0972
vn -0.9026 0.4266 0.0568
vn -0.9018 0.4171 0.1128
vn -0.5679 0.8001 0.1932
vn -0.9026 0.4266 0.0568
vn -0.9970 -0.0780 0.0010
vn -0.9969 -0.0782 0.0021
vn -0.9018 0.4171 0.1128
vn -0.9970 -0.0780 0.0010
vn -0.8240 -0.5639 -0.0552
vn -0.8248 -0.5546 -0.1097
vn -0.9969 -0.0782 0.0021
vn -0.8240 -0.5639 -0.0552
vn -0.4273 -0.8989 -0.0967
vn -0.4287 -0.8827 -0.1922
vn -0.8248 -0.5546 -0.1097
vn -0.4273 -0.8989 -0.0967
vn 0.0866 -0.9899 -0.1120
vn 0.0850 -0.9712 -0.2225
vn -0.4287 -0.8827 -0.1922
vn 0.0866 -0.9899 -0.1120
vn 0.5769 -0.8111 -0.0967
vn 0.5755 -0.7949 -0.1922
vn 0.0850 -0.9712 -0.2225
vn 0.5769 -0.8111 -0.0967
vn 0.9094 -0.4122 -0.0552
vn 0.9086 -0.4030 -0.1097
vn 0.5755 -0.7949 -0.1922
vn 0.9094 -0.4122 -0.0552
vn 0.9954 0.0963 0.0010
vn 0.9954 0.0961 0.0021
vn 0.9086 -0.4030 -0.1097
vn 0.9954 0.0963 0.0010
vn 0.8148 0.5769 0.0568
vn 0.8157 0.5674 0.1128
vn 0.9954 0.0961 0.0021
vn 0.8148 0.5769 0.0568
vn 0.4190 0.9028 0.0972
vn 0.4204 0.8865 0.1932
vn 0.8157 0.5674 0.1128
vn 0.4190 0.9028 0.0972
vn -0.0866 0.9899 0.1120
vn -0.0850 0.9712 0.2225
vn 0.4204 0.8865 0.1932
vn -0.0850 0.9712 0.2225
vn -0.5679 0.8001 0.1932
vn -0.5656 0.7732 0.2868
vn -0.0823 0.9403 0.3303
vn -0.5679 0.8001 0.1932
vn -0.9018 0.4171 0.1128
vn -0.9004 0.4015 0.1674
vn -0.5656 0.7732 0.2868
vn -0.9018 0.4171 0.1128
vn -0.9969 -0.0782 0.0021
vn -0.9969 -0.0785 0.0031
vn -0.9004 0.4015 0.1674
vn -0.9969 -0.0782 0.0021
vn -0.8248 -0.5546 -0.1097
vn -0.8262 -0.5394 -0.1628
vn -0.9969 -0.0785 0.0031
vn -0.8248 -0.5546 -0.1097
vn -0.4287 -0.8827 -0.1922
vn -0.4311 -0.8560 -0.2853
vn -0.8262 -0.5394 -0.1628
vn -0.4287 -0.8827 -0.1922
vn 0.0850 -0.9712 -0.2225
vn 0.0823 -0.9403 -0.3303
vn -0.4311 -0.8560 -0.2853
vn 0.0850 -0.9712 -0.2225
vn 0.5755 -0.7949 -0.1922
vn 0.5732 -0.7682 -0.2853
vn 0.0823 -0.9403 -0.3303
vn 0.5755 -0.7949 -0.1922
vn 0.9086 -0.4030 -0.1097
vn 0.9073 -0.3877 -0.1628
vn 0.5732 -0.7682 -0.2853
vn 0.9086 -0.4030 -0.1097
vn 0.9954 0.0961 0.0021
vn 0.9954 0.0958 0.0031
vn 0.9073 -0.3877 -0.1628
vn 0.9954 0.0961 0.0021
vn 0.8157 0.5674 0.1128
vn 0.8170 0.5517 0.1674
vn 0.9954 0.0958 0.0031
vn 0.8157 0.5674 0.1128
vn 0.4204 0.8865 0.1932
vn 0.4227 0.8597 0.2868
vn 0.8170 0.5517 0.1674
vn 0.4204 0.8865 0.1932
vn -0.0850 0.9712 0.2225
vn -0.0823 0.9403 0.3303
vn 0.4227 0.8597 0.2868
vn -0.0823 0.9403 0.3303
vn -0.5656 0.7732 0.2868
vn -0.5623 0.7361 0.3767
vn -0.0785 0.8975 0.4339
vn -0.5656 0.7732 0.2868
vn -0.9004 0.4015 0.1674
vn -0.8985 0.3798 0.2199
vn -0.5623 0.7361 0.3767
vn -0.9004 0.4015 0.1674
vn -0.9969 -0.0785 0.0031
vn -0.9969 -0.0789 0.0040
vn -0.8985 0.3798 0.2199
vn -0.9969 -0.0785 0.0031
vn -0.8262 -0.5394 -0.1628
vn -0.8280 -0.5183 -0.2139
vn -0.9969 -0.0789 0.0040
vn -0.8262 -0.5394 -0.1628
vn -0.4311 -0.8560 -0.2853
vn -0.4343 -0.8191 -0.3747
vn -0.8280 -0.5183 -0.2139
vn -0.4311 -0.8560 -0.2853
vn 0.0823 -0.9403 -0.3303
vn 0.0785 -0.8975 -0.4339
vn -0.4343 -0.8191 -0.3747
vn 0.0823 -0.9403 -0.3303
vn 0.5732 -0.7682 -0.2853
vn 0.5699 -0.7313 -0.3747
vn 0.0785 -0.8975 -0.4339
vn 0.5732 -0.7682 -0.2853
vn 0.9073 -0.3877 -0.1628
vn 0.9054 -0.3667 -0.2139
vn 0.5699 -0.7313 -0.3747
vn 0.9073 -0.3877 -0.1628
vn 0.9954 0.0958 0.0031
vn 0.9954 0.0954 0.0040
vn 0.9054 -0.3667 -0.2139
vn 0.9954 0.0958 0.0031
vn 0.8170 0.5517 0.1674
vn 0.8189 0.5301 0.2199
vn 0.9954 0.0954 0.0040
vn 0.8170 0.5517 0.1674
vn 0.4227 0.8597 0.2868
vn 0.4260 0.8226 0.3767
vn 0.8189 0.5301 0.2199
vn 0.4227 0.8597 0.2868
vn -0.0823 0.9403 0.3303
vn -0.0785 0.8975 0.4339
vn 0.4260 0.8226 0.3767
vn -0.0785 0.8975 0.4339
vn -0.5623 0.7361 0.3767
vn -0.5582 0.6892 0.4620
vn -0.0738 0.8435 0.5320
vn -0.5623 0.7361 0.3767
vn -0.8985 0.3798 0.2199
vn -0.8961 0.3524 0.2697
vn -0.5582 0.6892 0.4620
vn -0.8985 0.3798 0.2199
vn -0.9969 -0.0789 0.0040
vn -0.9968 -0.0794 0.0049
vn -0.8961 0.3524 0.2697
vn -0.9969 -0.0789 0.0040
vn -0.8280 -0.5183 -0.2139
vn -0.8303 -0.4917 -0.2623
vn -0.9968 -0.0794 0.0049
vn -0.8280 -0.5183 -0.2139
vn -0.4343 -0.8191 -0.3747
vn -0.4384 -0.7724 -0.4595
vn -0.8303 -0.4917 -0.2623
vn -0.4343 -0.8191 -0.3747
vn 0.0785 -0.8975 -0.4339
vn 0.0738 -0.8435 -0.5320
vn -0.4384 -0.7724 -0.4595
vn 0.0785 -0.8975 -0.4339
vn 0.5699 -0.7313 -0.3747
vn 0.5659 -0.6846 -0.4595
vn 0.0738 -0.8435 -0.5320
vn 0.5699 -0.7313 -0.3747
vn 0.9054 -0.3667 -0.2139
vn 0.9031 -0.3400 -0.2623
vn 0.5659 -0.6846 -0.4595
vn 0.9054 -0.3667 -0.2139
vn 0.9954 0.0954 0.0040
vn 0.9955 0.0949 0.0049
vn 0.9031 -0.3400 -0.2623
vn 0.9954 0.0954 0.0040
vn 0.8189 0.5301 0.2199
vn 0.8213 0.5027 0.2697
vn 0.9955 0.0949 0.0049
vn 0.8189 0.5301 0.2199
vn 0.4260 0.8226 0.3767
vn 0.4301 0.7756 0.4620
vn 0.8213 0.5027 0.2697
vn 0.4260 0.8226 0.3767
vn -0.0785 0.8975 0.4339
vn -0.0738 0.8435 0.5320
vn 0.4301 0.7756 0.4620
vn -0.0738 0.8435 0.5320
vn -0.5582 0.6892 0.4620
vn -0.5533 0.6330 0.5414
vn -0.0681 0.7789 0.6235
vn -0.5582 0.6892 0.4620
vn -0.8961 0.3524 0.2697
vn -0.8933 0.3196 0.3160
vn -0.5533 0.6330 0.5414
vn -0.8961 0.3524 0.2697
vn -0.9968 -0.0794 0.0049
vn -0.9968 -0.0800 0.0058
vn -0.8933 0.3196 0.3160
vn -0.9968 -0.0794 0.0049
vn -0.8303 -0.4917 -0.2623
vn -0.8331 -0.4598 -0.3074
vn -0.9968 -0.0800 0.0058
vn -0.8303 -0.4917 -0.2623
vn -0.4384 -0.7724 -0.4595
vn -0.4433 -0.7166 -0.5385
vn -0.8331 -0.4598 -0.3074
vn -0.4384 -0.7724 -0.4595
vn 0.0738 -0.8435 -0.5320
vn 0.0681 -0.7789 -0.6235
vn -0.4433 -0.7166 -0.5385
vn 0.0738 -0.8435 -0.5320
vn 0.5659 -0.6846 -0.4595
vn 0.5610 -0.6288 -0.5385
vn 0.0681 -0.7789 -0.6235
vn 0.5659 -0.6846 -0.4595
vn 0.9031 -0.3400 -0.2623
vn 0.9003 -0.3082 -0.3074
vn 0.5610 -0.6288 -0.5385
vn 0.9031 -0.3400 -0.2623
vn 0.9955 0.0949 0.0049
vn 0.9955 0.0944 0.0058
vn 0.9003 -0.3082 -0.3074
vn 0.9955 0.0949 0.0049
vn 0.8213 0.5027 0.2697
vn 0.8242 0.4699 0.3160
vn 0.9955 0.0944 0.0058
vn 0.8213 0.5027 0.2697
vn 0.4301 0.7756 0.4620
vn 0.4350 0.7195 0.5414
vn 0.8242 0.4699 0.3160
vn 0.4301 0.7756 0.4620
vn -0.0738 0.8435 0.5320
vn -0.0681 0.7789 0.6235
vn 0.4350 0.7195 0.5414
vn -0.0681 0.7789 0.6235
vn -0.5533 0.6330 0.5414
vn -0.5477 0.5684 0.6140
vn -0.0616 0.7044 0.7071
vn -0.5533 0.6330 0.5414
vn -0.8933 0.3196 0.3160
vn -0.8900 0.2819 0.3584
vn -0.5477 0.5684 0.6140
vn -0.8933 0.3196 0.3160
vn -0.9968 -0.0800 0.0058
vn -0.9967 -0.0806 0.0065
vn -0.8900 0.2819 0.3584
vn -0.9968 -0.0800 0.0058
vn -0.8331 -0.4598 -0.3074
vn -0.8363 -0.4231 -0.3486
vn -0.9967 -0.0806 0.0065
vn -0.8331 -0.4598 -0.3074
vn -0.4433 -0.7166 -0.5385
vn -0.4489 -0.6523 -0.6107
vn -0.8363 -0.4231 -0.3486
vn -0.4433 -0.7166 -0.5385
vn 0.0681 -0.7789 -0.6235
vn 0.0616 -0.7044 -0.7071
vn -0.4489 -0.6523 -0.6107
vn 0.0681 -0.7789 -0.6235
vn 0.5610 -0.6288 -0.5385
vn 0.5554 -0.5645 -0.6107
vn 0.0616 -0.7044 -0.7071
vn 0.5610 -0.6288 -0.5385
vn 0.9003 -0.3082 -0.3074
vn 0.8971 -0.2715 -0.3486
vn 0.5554 -0.5645 -0.6107
vn 0.9003 -0.3082 -0.3074
vn 0.9955 0.0944 0.0058
vn 0.9956 0.0937 0.0065
vn 0.8971 -0.2715 -0.3486
vn 0.9955 0.0944 0.0058
vn 0.8242 0.4699 0.3160
vn 0.8275 0.4322 0.3584
vn 0.9956 0.0937 0.0065
vn 0.8242 0.4699 0.3160
vn 0.4350 0.7195 0.5414
vn 0.4406 0.6549 0.6140
vn 0.8275 0.4322 0.3584
vn 0.4350 0.7195 0.5414
vn -0.0681 0.7789 0.6235
vn -0.0616 0.7044 0.7071
vn 0.4406 0.6549 0.6140
vn -0.0616 0.7044 0.7071
vn -0.5477 0.5684 0.6140
vn -0.5413 0.4961 0.6789
vn -0.0543 0.6211 0.7818
vn -0.5477 0.5684 0.6140
vn -0.8900 0.2819 0.3584
vn -0.8863 0.2397 0.3963
vn -0.5413 0.4961 0.6789
vn -0.8900 0.2819 0.3584
vn -0.9967 -0.0806 0.0065
vn -0.9967 -0.0814 0.0072
vn -0.8863 0.2397 0.3963
vn -0.9967 -0.0806 0.0065
vn -0.8363 -0.4231 -0.3486
vn -0.8399 -0.3820 -0.3854
vn -0.9967 -0.0814 0.0072
vn -0.8363 -0.4231 -0.3486
vn -0.4489 -0.6523 -0.6107
vn -0.4552 -0.5804 -0.6753
vn -0.8399 -0.3820 -0.3854
vn -0.4489 -0.6523 -0.6107
vn 0.0616 -0.7044 -0.7071
vn 0.0543 -0.6211 -0.7818
vn -0.4552 -0.5804 -0.6753
vn 0.0616 -0.7044 -0.7071
vn 0.5554 -0.5645 -0.6107
vn 0.5491 -0.4925 -0.6753
vn 0.0543 -0.6211 -0.7818
vn 0.5554 -0.5645 -0.6107
vn 0.8971 -0.2715 -0.3486
vn 0.8935 -0.2304 -0.3854
vn 0.5491 -0.4925 -0.6753
vn 0.8971 -0.2715 -0.3486
vn 0.9956 0.0937 0.0065
vn 0.9956 0.0929 0.0072
vn 0.8935 -0.2304 -0.3854
vn 0.9956 0.0937 0.0065
vn 0.8275 0.4322 0.3584
vn 0.8312 0.3900 0.3963
vn 0.9956 0.0929 0.0072
vn 0.8275 0.4322 0.3584
vn 0.4406 0.6549 0.6140
vn 0.4470 0.5825 0.6789
vn 0.8312 0.3900 0.3963
vn 0.4406 0.6549 0.6140
vn -0.0616 0.7044 0.7071
vn -0.0543 0.6211 0.7818
vn 0.4470 0.5825 0.6789
vn -0.0543 0.6211 0.7818
vn -0.5413 0.4961 0.6789
vn -0.5344 0.4170 0.7352
vn -0.0464 0.5300 0.8467
vn -0.5413 0.4961 0.6789
vn -0.8863 0.2397 0.3963
vn -0.8822 0.1935 0.4292
vn -0.5344 0.4170 0.7352
vn -0.8863 0.2397 0.3963
vn -0.9967 -0.0814 0.0072
vn -0.9966 -0.0823 0.0078
vn -0.8822 0.1935 0.4292
vn -0.9967 -0.0814 0.0072
vn -0.8399 -0.3820 -0.3854
vn -0.8439 -0.3371 -0.4174
vn -0.9966 -0.0823 0.0078
vn -0.8399 -0.3820 -0.3854
vn -0.4552 -0.5804 -0.6753
vn -0.4621 -0.5017 -0.7313
vn -0.8439 -0.3371 -0.4174
vn -0.4552 -0.5804 -0.6753
vn 0.0543 -0.6211 -0.7818
vn 0.0464 -0.5300 -0.8467
vn -0.4621 -0.5017 -0.7313
vn 0.0543 -0.6211 -0.7818
vn 0.5491 -0.4925 -0.6753
vn 0.5422 -0.4138 -0.7313
vn 0.0464 -0.5300 -0.8467
vn 0.5491 -0.4925 -0.6753
vn 0.8935 -0.2304 -0.3854
vn 0.8896 -0.1855 -0.4174
vn 0.5422 -0.4138 -0.7313
vn 0.8935 -0.2304 -0.3854
vn 0.9956 0.0929 0.0072
vn 0.9957 0.0921 0.0078
vn 0.8896 -0.1855 -0.4174
vn 0.9956 0.0929 0.0072
vn 0.8312 0.3900 0.3963
vn 0.8352 0.3438 0.4292
vn 0.9957 0.0921 0.0078
vn 0.8312 0.3900 0.3963
vn 0.4470 0.5825 0.6789
vn 0.4539 0.5034 0.7352
vn 0.8352 0.3438 0.4292
vn 0.4470 0.5825 0.6789
vn -0.0543 0.6211 0.7818
vn -0.0464 0.5300 0.8467
vn 0.4539 0.5034 0.7352
vn -0.0464 0.5300 0.8467
vn -0.5344 0.4170 0.7352
vn -0.5270 0.3321 0.7823
vn -0.0378 0.4322 0.9010
vn -0.5344 0.4170 0.7352
vn -0.8822 0.1935 0.4292
vn -0.8779 0.1440 0.4567
vn -0.5270 0.3321 0.7823
vn -0.8822 0.1935 0.4292
vn -0.9966 -0.0823 0.0078
vn -0.9965 -0.0832 0.0083
vn -0.8779 0.1440 0.4567
vn -0.9966 -0.0823 0.0078
vn -0.8439 -0.3371 -0.4174
vn -0.8481 -0.2889 -0.4442
vn -0.9965 -0.0832 0.0083
vn -0.8439 -0.3371 -0.4174
vn -0.4621 -0.5017 -0.7313
vn -0.4695 -0.4172 -0.7781
vn -0.8481 -0.2889 -0.4442
vn -0.4621 -0.5017 -0.7313
vn 0.0464 -0.5300 -0.8467
vn 0.0378 -0.4322 -0.9010
vn -0.4695 -0.4172 -0.7781
vn 0.0464 -0.5300 -0.8467
vn 0.5422 -0.4138 -0.7313
vn 0.5348 -0.3294 -0.7781
vn 0.0378 -0.4322 -0.9010
vn 0.5422 -0.4138 -0.7313
vn 0.8896 -0.1855 -0.4174
vn 0.8854 -0.1373 -0.4442
vn 0.5348 -0.3294 -0.7781
vn 0.8896 -0.1855 -0.4174
vn 0.9957 0.0921 0.0078
vn 0.9958 0.0911 0.0083
vn 0.8854 -0.1373 -0.4442
vn 0.9957 0.0921 0.0078
vn 0.8352 0.3438 0.4292
vn 0.8396 0.2942 0.4567
vn 0.9958 0.0911 0.0083
vn 0.8352 0.3438 0.4292
vn 0.4539 0.5034 0.7352
vn 0.4613 0.4185 0.7823
vn 0.8396 0.2942 0.4567
vn 0.4539 0.5034 0.7352
vn -0.0464 0.5300 0.8467
vn -0.0378 0.4322 0.9010
vn 0.4613 0.4185 0.7823
vn -0.0378 0.4322 0.9010
vn -0.5270 0.3321 0.7823
vn -0.5191 0.2425 0.8196
vn -0.0288 0.3290 0.9439
vn -0.5270 0.3321 0.7823
vn -0.8779 0.1440 0.4567
vn -0.8733 0.0916 0.4784
vn -0.5191 0.2425 0.8196
vn -0.8779 0.1440 0.4567
vn -0.9965 -0.0832 0.0083
vn -0.9964 -0.0841 0.0087
vn -0.8733 0.0916 0.4784
vn -0.9965 -0.0832 0.0083
vn -0.8481 -0.2889 -0.4442
vn -0.8525 -0.2380 -0.4653
vn -0.9964 -0.0841 0.0087
vn -0.8481 -0.2889 -0.4442
vn -0.4695 -0.4172 -0.7781
vn -0.4773 -0.3281 -0.8152
vn -0.8525 -0.2380 -0.4653
vn -0.4695 -0.4172 -0.7781
vn 0.0378 -0.4322 -0.9010
vn 0.0288 -0.3290 -0.9439
vn -0.4773 -0.3281 -0.8152
vn 0.0378 -0.4322 -0.9010
vn 0.5348 -0.3294 -0.7781
vn 0.5270 -0.2402 -0.8152
vn 0.0288 -0.3290 -0.9439
vn 0.5348 -0.3294 -0.7781
vn 0.8854 -0.1373 -0.4442
vn 0.8809 -0.0864 -0.4653
vn 0.5270 -0.2402 -0.8152
vn 0.8854 -0.1373 -0.4442
vn 0.9958 0.0911 0.0083
vn 0.9959 0.0902 0.0087
vn 0.8809 -0.0864 -0.4653
vn 0.9958 0.0911 0.0083
vn 0.8396 0.2942 0.4567
vn 0.8442 0.2419 0.4784
vn 0.9959 0.0902 0.0087
vn 0.8396 0.2942 0.4567
vn 0.4613 0.4185 0.7823
vn 0.4692 0.3289 0.8196
vn 0.8442 0.2419 0.4784
vn 0.4613 0.4185 0.7823
vn -0.0378 0.4322 0.9010
vn -0.0288 0.3290 0.9439
vn 0.4692 0.3289 0.8196
vn -0.0288 0.3290 0.9439
vn -0.5191 0.2425 0.8196
vn -0.5110 0.1492 0.8465
vn -0.0194 0.2217 0.9749
vn -0.5191 0.2425 0.8196
vn -0.8733 0.0916 0.4784
vn -0.8686 0.0372 0.4942
vn -0.5110 0.1492 0.8465
vn -0.8733 0.0916 0.4784
vn -0.9964 -0.0841 0.0087
vn -0.9963 -0.0851 0.0090
vn -0.8686 0.0372 0.4942
vn -0.9964 -0.0841 0.0087
vn -0.8525 -0.2380 -0.4653
vn -0.8572 -0.1851 -0.4806
vn -0.9963 -0.0851 0.0090
vn -0.8525 -0.2380 -0.4653
vn -0.4773 -0.3281 -0.8152
vn -0.4854 -0.2354 -0.8420
vn -0.8572 -0.1851 -0.4806
vn -0.4773 -0.3281 -0.8152
vn 0.0288 -0.3290 -0.9439
vn 0.0194 -0.2217 -0.9749
vn -0.4854 -0.2354 -0.8420
vn 0.0288 -0.3290 -0.9439
vn 0.5270 -0.2402 -0.8152
vn 0.5189 -0.1475 -0.8420
vn 0.0194 -0.2217 -0.9749
vn 0.5270 -0.2402 -0.8152
vn 0.8809 -0.0864 -0.4653
vn 0.8763 -0.0335 -0.4806
vn 0.5189 -0.1475 -0.8420
vn 0.8809 -0.0864 -0.4653
vn 0.9959 0.0902 0.0087
vn 0.9960 0.0892 0.0090
vn 0.8763 -0.0335 -0.4806
vn 0.9959 0.0902 0.0087
vn 0.8442 0.2419 0.4784
vn 0.8489 0.1875 0.4942
vn 0.9960 0.0892 0.0090
vn 0.8442 0.2419 0.4784
vn 0.4692 0.3289 0.8196
vn 0.4773 0.2357 0.8465
vn 0.8489 0.1875 0.4942
vn 0.4692 0.3289 0.8196
vn -0.0288 0.3290 0.9439
vn -0.0194 0.2217 0.9749
vn 0.4773 0.2357 0.8465
vn -0.0194 0.2217 0.9749
vn -0.5110 0.1492 0.8465
vn -0.5026 0.0536 0.8628
vn -0.0098 0.1115 0.9937
vn -0.5110 0.1492 0.8465
vn -0.8686 0.0372 0.4942
vn -0.8637 -0.0186 0.5037
vn -0.5026 0.0536 0.8628
vn -0.8686 0.0372 0.4942
vn -0.9963 -0.0851 0.0090
vn -0.9962 -0.0861 0.0092
vn -0.8637 -0.0186 0.5037
vn -0.9963 -0.0851 0.0090
vn -0.8572 -0.1851 -0.4806
vn -0.8619 -0.1308 -0.4899
vn -0.9962 -0.0861 0.0092
vn -0.8572 -0.1851 -0.4806
vn -0.4854 -0.2354 -0.8420
vn -0.4937 -0.1403 -0.8582
vn -0.8619 -0.1308 -0.4899
vn -0.4854 -0.2354 -0.8420
vn 0.0194 -0.2217 -0.9749
vn 0.0098 -0.1115 -0.9937
vn -0.4937 -0.1403 -0.8582
vn 0.0194 -0.2217 -0.9749
vn 0.5189 -0.1475 -0.8420
vn 0.5106 -0.0524 -0.8582
vn 0.0098 -0.1115 -0.9937
vn 0.5189 -0.1475 -0.8420
vn 0.8763 -0.0335 -0.4806
vn 0.8715 0.0208 -0.4899
vn 0.5106 -0.0524 -0.8582
vn 0.8763 -0.0335 -0.4806
vn 0.9960 0.0892 0.0090
vn 0.9961 0.0882 0.0092
vn 0.8715 0.0208 -0.4899
vn 0.9960 0.0892 0.0090
vn 0.8489 0.1875 0.4942
vn 0.8538 0.1317 0.5037
vn 0.9961 0.0882 0.0092
vn 0.8489 0.1875 0.4942
vn 0.4773 0.2357 0.8465
vn 0.4857 0.1401 0.8628
vn 0.8538 0.1317 0.5037
vn 0.4773 0.2357 0.8465
vn -0.0194 0.2217 0.9749
vn -0.0098 0.1115 0.9937
vn 0.4857 0.1401 0.8628
vn -0.0098 0.1115 0.9937
vn -0.5026 0.0536 0.8628
vn -0.4981 -0.0193 0.8669
vn -0.0024 0.0278 0.9996
vn -0.5026 0.0536 0.8628
vn -0.8637 -0.0186 0.5037
vn -0.8619 -0.0613 0.5034
vn -0.4981 -0.0193 0.8669
vn -0.8637 -0.0186 0.5037
vn -0.9962 -0.0861 0.0092
vn -0.9962 -0.0870 0.0046
vn -0.8619 -0.0613 0.5034
vn -0.9962 -0.0861 0.0092
vn -0.8619 -0.1308 -0.4899
vn -0.8634 -0.0895 -0.4964
vn -0.9962 -0.0870 0.0046
vn -0.8619 -0.1308 -0.4899
vn -0.4937 -0.1403 -0.8582
vn -0.4979 -0.0680 -0.8646
vn -0.8634 -0.0895 -0.4964
vn -0.4937 -0.1403 -0.8582
vn 0.0098 -0.1115 -0.9937
vn 0.0025 -0.0281 -0.9996
vn -0.4979 -0.0680 -0.8646
vn 0.0098 -0.1115 -0.9937
vn 0.5106 -0.0524 -0.8582
vn 0.5021 0.0195 -0.8646
vn 0.0025 -0.0281 -0.9996
vn 0.5106 -0.0524 -0.8582
vn 0.8715 0.0208 -0.4899
vn 0.8659 0.0617 -0.4964
vn 0.5021 0.0195 -0.8646
vn 0.8715 0.0208 -0.4899
vn 0.9961 0.0882 0.0092
vn 0.9962 0.0873 0.0046
vn 0.8659 0.0617 -0.4964
vn 0.9961 0.0882 0.0092
vn 0.8538 0.1317 0.5037
vn 0.8594 0.0894 0.5034
vn 0.9962 0.0873 0.0046
vn 0.8538 0.1317 0.5037
vn 0.4857 0.1401 0.8628
vn 0.4939 0.0675 0.8669
vn 0.8594 0.0894 0.5034
vn 0.4857 0.1401 0.8628
vn -0.0098 0.1115 0.9937
vn -0.0024 0.0278 0.9996
vn 0.4939 0.0675 0.8669
vn -0.0024 0.0278 -0.9996
vn -0.4981 -0.0192 -0.8669
vn -0.5026 0.0536 -0.8628
vn -0.0098 0.1115 -0.9937
vn -0.4981 -0.0192 -0.8669
vn -0.8619 -0.0612 -0.5034
vn -0.8637 -0.0186 -0.5037
vn -0.5026 0.0536 -0.8628
vn -0.8619 -0.0612 -0.5034
vn -0.9962 -0.0870 -0.0046
vn -0.9962 -0.0861 -0.0092
vn -0.8637 -0.0186 -0.5037
vn -0.9962 -0.0870 -0.0046
vn -0.8634 -0.0896 0.4964
vn -0.8619 -0.1308 0.4899
vn -0.9962 -0.0861 -0.0092
vn -0.8634 -0.0896 0.4964
vn -0.4979 -0.0680 0.8646
vn -0.4937 -0.1403 0.8582
vn -0.8619 -0.1308 0.4899
vn -0.4979 -0.0680 0.8646
vn 0.0025 -0.0281 0.9996
vn 0.0098 -0.1115 0.9937
vn -0.4937 -0.1403 0.8582
vn 0.0025 -0.0281 0.9996
vn 0.5021 0.0195 0.8646
vn 0.5106 -0.0524 0.8582
vn 0.0098 -0.1115 0.9937
vn 0.5021 0.0195 0.8646
vn 0.8659 0.0618 0.4964
vn 0.8715 0.0208 0.4899
vn 0.5106 -0.0524 0.8582
vn 0.8659 0.0618 0.4964
vn 0.9962 0.0873 -0.0046
vn 0.9961 0.0882 -0.0092
vn 0.8715 0.0208 0.4899
vn 0.9962 0.0873 -0.0046
vn 0.8594 0.0893 -0.5034
vn 0.8538 0.1317 -0.5037
vn 0.9961 0.0882 -0.0092
vn 0.8594 0.0893 -0.5034
vn 0.4939 0.0675 -0.8669
vn 0.4857 0.1401 -0.8628
vn 0.8538 0.1317 -0.5037
vn 0.4939 0.0675 -0.8669
vn -0.0024 0.0278 -0.9996
vn -0.0098 0.1115 -0.9937
vn 0.4857 0.1401 -0.8628
vn -0.0098 0.1115 -0.9937
vn -0.5026 0.0536 -0.8628
vn -0.5110 0.1492 -0.8465
vn -0.0194 0.2217 -0.9749
vn -0.5026 0.0536 -0.8628
vn -0.8637 -0.0186 -0.5037
vn -0.8686 0.0372 -0.4942
vn -0.5110 0.1492 -0.8465
vn -0.8637 -0.0186 -0.5037
vn -0.9962 -0.0861 -0.0092
vn -0.9963 -0.0851 -0.0090
vn -0.8686 0.0372 -0.4942
vn -0.9962 -0.0861 -0.0092
vn -0.8619 -0.1308 0.4899
vn -0.8572 -0.1851 0.4806
vn -0.9963 -0.0851 -0.0090
vn -0.8619 -0.1308 0.4899
vn -0.4937 -0.1403 0.8582
vn -0.4854 -0.2354 0.8420
vn -0.8572 -0.1851 0.4806
vn -0.4937 -0.1403 0.8582
vn 0.0098 -0.1115 0.9937
vn 0.0194 -0.2217 0.9749
vn -0.4854 -0.2354 0.8420
vn 0.0098 -0.1115 0.9937
vn 0.5106 -0.0524 0.8582
vn 0.5189 -0.1475 0.8420
vn 0.0194 -0.2217 0.9749
vn 0.5106 -0.0524 0.8582
vn 0.8715 0.0208 0.4899
vn 0.8763 -0.0335 0.4806
vn 0.5189 -0.1475 0.8420
vn 0.8715 0.0208 0.4899
vn 0.9961 0.0882 -0.0092
vn 0.9960 0.0892 -0.0090
vn 0.8763 -0.0335 0.4806
vn 0.9961 0.0882 -0.0092
vn 0.8538 0.1317 -0.5037
vn 0.8489 0.1875 -0.4942
vn 0.9960 0.0892 -0.0090
vn 0.8538 0.1317 -0.5037
vn 0.4857 0.1401 -0.8628
vn 0.4773 0.2357 -0.8465
vn 0.8489 0.1875 -0.4942
vn 0.4857 0.1401 -0.8628
vn -0.0098 0.1115 -0.9937
vn -0.0194 0.2217 -0.9749
vn 0.4773 0.2357 -0.8465
vn -0.0194 0.2217 -0.9749
vn -0.5110 0.1492 -0.8465
vn -0.5191 0.2425 -0.8196
vn -0.0288 0.3290 -0.9439
vn -0.5110 0.1492 -0.8465
vn -0.8686 0.0372 -0.4942
vn -0.8733 0.0916 -0.4784
vn -0.5191 0.2425 -0.8196
vn -0.8686 0.0372 -0.4942
vn -0.9963 -0.0851 -0.0090
vn -0.9964 -0.0841 -0.0087
vn -0.8733 0.0916 -0.4784
vn -0.9963 -0.0851 -0.0090
vn -0.8572 -0.1851 0.4806
vn -0.8525 -0.2380 0.4653
vn -0.9964 -0.0841 -0.0087
vn -0.8572 -0.1851 0.4806
vn -0.4854 -0.2354 0.8420
vn -0.4773 -0.3281 0.8152
vn -0.8525 -0.2380 0.4653
vn -0.4854 -0.2354 0.8420
vn 0.0194 -0.2217 0.9749
vn 0.0288 -0.3290 0.9439
vn -0.4773 -0.3281 0.8152
vn 0.0194 -0.2217 0.9749
vn 0.5189 -0.1475 0.8420
vn 0.5270 -0.2402 0.8152
vn 0.0288 -0.3290 0.9439
vn 0.5189 -0.1475 0.8420
vn 0.8763 -0.0335 0.4806
vn 0.8809 -0.0864 0.4653
vn 0.5270 -0.2402 0.8152
vn 0.8763 -0.0335 0.4806
vn 0.9960 0.0892 -0.0090
vn 0.9959 0.0902 -0.0087
vn 0.8809 -0.0864 0.4653
vn 0.9960 0.0892 -0.0090
vn 0.8489 0.1875 -0.4942
vn 0.8442 0.2419 -0.4784
vn 0.9959 0.0902 -0.0087
vn 0.8489 0.1875 -0.4942
vn 0.4773 0.2357 -0.8465
vn 0.4692 0.3289 -0.8196
vn 0.8442 0.2419 -0.4784
vn 0.4773 0.2357 -0.8465
vn -0.0194 0.2217 -0.9749
vn -0.0288 0.3290 -0.9439
vn 0.4692 0.3289 -0.8196
vn -0.0288 0.3290 -0.9439
vn -0.5191 0.2425 -0.8196
vn -0.5270 0.3321 -0.7823
vn -0.0378 0.4322 -0.9010
vn -0.5191 0.2425 -0.8196
vn -0.8733 0.0916 -0.4784
vn -0.8779 0.1440 -0.4567
vn -0.5270 0.3321 -0.7823
vn -0.8733 0.0916 -0.4784
vn -0.9964 -0.0841 -0.0087
vn -0.9965 -0.0832 -0.0083
vn -0.8779 0.1440 -0.4567
vn -0.9964 -0.0841 -0.0087
vn -0.8525 -0.2380 0.4653
vn -0.8481 -0.2889 0.4442
vn -0.9965 -0.0832 -0.0083
vn -0.8525 -0.2380 0.4653
vn -0.4773 -0.3281 0.8152
vn -0.4695 -0.4172 0.7781
vn -0.8481 -0.2889 0.4442
vn -0.4773 -0.3281 0.8152
vn 0.0288 -0.3290 0.9439
vn 0.0378 -0.4322 0.9010
vn -0.4695 -0.4172 0.7781
vn 0.0288 -0.3290 0.9439
vn 0.5270 -0.2402 0.8152
vn 0.5348 -0.3294 0.7781
vn 0.0378 -0.4322 0.9010
vn 0.5270 -0.2402 0.8152
vn 0.8809 -0.0864 0.4653
vn 0.8854 -0.1373 0.4442
vn 0.5348 -0.3294 0.7781
vn 0.8809 -0.0864 0.4653
vn 0.9959 0.0902 -0.0087
vn 0.9958 0.0911 -0.0083
vn 0.8854 -0.1373 0.4442
vn 0.9959 0.0902 -0.0087
vn 0.8442 0.2419 -0.4784
vn 0.8396 0.2942 -0.4567
vn 0.9958 0.0911 -0.0083
vn 0.8442 0.2419 -0.4784
vn 0.4692 0.3289 -0.8196
vn 0.4613 0.4185 -0.7823
vn 0.8396 0.2942 -0.4567
vn 0.4692 0.3289 -0.8196
vn -0.0288 0.3290 -0.9439
vn -0.0378 0.4322 -0.9010
vn 0.4613 0.4185 -0.7823
vn -0.0378 0.4322 -0.9010
vn -0.5270 0.3321 -0.7823
vn -0.5344 0.4170 -0.7352
vn -0.0464 0.5300 -0.8467
vn -0.5270 0.3321 -0.7823
vn -0.8779 0.1440 -0.4567
vn -0.8822 0.1935 -0.4292
vn -0.5344 0.4170 -0.7352
vn -0.8779 0.1440 -0.4567
vn -0.9965 -0.0832 -0.0083
vn -0.9966 -0.0823 -0.0078
vn -0.8822 0.1935 -0.4292
vn -0.9965 -0.0832 -0.0083
vn -0.8481 -0.2889 0.4442
vn -0.8439 -0.3371 0.4174
vn -0.9966 -0.0823 -0.0078
vn -0.8481 -0.2889 0.4442
vn -0.4695 -0.4172 0.7781
vn -0.4621 -0.5017 0.7313
vn -0.8439 -0.3371 0.4174
vn -0.4695 -0.4172 0.7781
vn 0.0378 -0.4322 0.9010
vn 0.0464 -0.5300 0.8467
vn -0.4621 -0.5017 0.7313
vn 0.0378 -0.4322 0.9010
vn 0.5348 -0.3294 0.7781
vn 0.5422 -0.4138 0.7313
vn 0.0464 -0.5300 0.8467
vn 0.5348 -0.3294 0.7781
vn 0.8854 -0.1373 0.4442
vn 0.8896 -0.1855 0.4174
vn 0.5422 -0.4138 0.7313
vn 0.8854 -0.1373 0.4442
vn 0.9958 0.0911 -0.0083
vn 0.9957 0.0921 -0.0078
vn 0.8896 -0.1855 0.4174
vn 0.9958 0.0911 -0.0083
vn 0.8396 0.2942 -0.4567
vn 0.8352 0.3438 -0.4292
vn 0.9957 0.0921 -0.0078
vn 0.8396 0.2942 -0.4567
vn 0.4613 0.4185 -0.7823
vn 0.4539 0.5034 -0.7352
vn 0.8352 0.3438 -0.4292
vn 0.4613 0.4185 -0.7823
vn -0.0378 0.4322 -0.9010
vn -0.0464 0.5300 -0.8467
vn 0.4539 0.5034 -0.7352
vn -0.0464 0.5300 -0.8467
vn -0.5344 0.4170 -0.7352
vn -0.5413 0.4961 -0.6789
vn -0.0543 0.6211 -0.7818
vn -0.5344 0.4170 -0.7352
vn -0.8822 0.1935 -0.4292
vn -0.8863 0.2397 -0.3963
vn -0.5413 0.4961 -0.6789
vn -0.8822 0.1935 -0.4292
vn -0.9966 -0.0823 -0.0078
vn -0.9967 -0.0814 -0.0072
vn -0.8863 0.2397 -0.3963
vn -0.9966 -0.0823 -0.0078
vn -0.8439 -0.3371 0.4174
vn -0.8399 -0.3820 0.3854
vn -0.9967 -0.0814 -0.0072
vn -0.8439 -0.3371 0.4174
vn -0.4621 -0.5017 0.7313
vn -0.4552 -0.5804 0.6752
vn -0.8399 -0.3820 0.3854
vn -0.4621 -0.5017 0.7313
vn 0.0464 -0.5300 0.8467
vn 0.0543 -0.6211 0.7818
vn -0.4552 -0.5804 0.6752
vn 0.0464 -0.5300 0.8467
vn 0.5422 -0.4138 0.7313
vn 0.5491 -0.4925 0.6752
vn 0.0543 -0.6211 0.7818
vn 0.5422 -0.4138 0.7313
vn 0.8896 -0.1855 0.4174
vn 0.8935 -0.2304 0.3854
vn 0.5491 -0.4925 0.6752
vn 0.8896 -0.1855 0.4174
vn 0.9957 0.0921 -0.0078
vn 0.9956 0.0929 -0.0072
vn 0.8935 -0.2304 0.3854
vn 0.9957 0.0921 -0.0078
vn 0.8352 0.3438 -0.4292
vn 0.8312 0.3900 -0.3963
vn 0.9956 0.0929 -0.0072
vn 0.8352 0.3438 -0.4292
vn 0.4539 0.5034 -0.7352
vn 0.4470 0.5825 -0.6789
vn 0.8312 0.3900 -0.3963
vn 0.4539 0.5034 -0.7352
vn -0.0464 0.5300 -0.8467
vn -0.0543 0.6211 -0.7818
vn 0.4470 0.5825 -0.6789
vn -0.0543 0.6211 -0.7818
vn -0.5413 0.4961 -0.6789
vn -0.5477 0.5684 -0.6140
vn -0.0616 0.7044 -0.7071
vn -0.5413 0.4961 -0.6789
vn -0.8863 0.2397 -0.3963
vn -0.8900 0.2819 -0.3584
vn -0.5477 0.5684 -0.6140
vn -0.8863 0.2397 -0.3963
vn -0.9967 -0.0814 -0.0072
vn -0.9967 -0.0806 -0.0065
vn -0.8900 0.2819 -0.3584
vn -0.9967 -0.0814 -0.0072
vn -0.8399 -0.3820 0.3854
vn -0.8363 -0.4231 0.3486
vn -0.9967 -0.0806 -0.0065
vn -0.8399 -0.3820 0.3854
vn -0.4552 -0.5804 0.6752
vn -0.4489 -0.6523 0.6107
vn -0.8363 -0.4231 0.3486
vn -0.4552 -0.5804 0.6752
vn 0.0543 -0.6211 0.7818
vn 0.0616 -0.7044 0.7071
vn -0.4489 -0.6523 0.6107
vn 0.0543 -0.6211 0.7818
vn 0.5491 -0.4925 0.6752
vn 0.5554 -0.5645 0.6107
vn 0.0616 -0.7044 0.7071
vn 0.5491 -0.4925 0.6752
vn 0.8935 -0.2304 0.3854
vn 0.8971 -0.2715 0.3486
vn 0.5554 -0.5645 0.6107
vn 0.8935 -0.2304 0.3854
vn 0.9956 0.0929 -0.0072
vn 0.9956 0.0937 -0.0065
vn 0.8971 -0.2715 0.3486
vn 0.9956 0.0929 -0.0072
vn 0.8312 0.3900 -0.3963
vn 0.8275 0.4322 -0.3584
vn 0.9956 0.0937 -0.0065
vn 0.8312 0.3900 -0.3963
vn 0.4470 0.5825 -0.6789
vn 0.4406 0.6549 -0.6140
vn 0.8275 0.4322 -0.3584
vn 0.4470 0.5825 -0.6789
vn -0.0543 0.6211 -0.7818
vn -0.0616 0.7044 -0.7071
vn 0.4406 0.6549 -0.6140
vn -0.0616 0.7044 -0.7071
vn -0.5477 0.5684 -0.6140
vn -0.5533 0.6330 -0.5414
vn -0.0681 0.7789 -0.6235
vn -0.5477 0.5684 -0.6140
vn -0.8900 0.2819 -0.3584
vn -0.8933 0.3196 -0.3160
vn -0.5533 0.6330 -0.5414
vn -0.8900 0.2819 -0.3584
vn -0.9967 -0.0806 -0.0065
vn -0.9968 -0.0800 -0.0058
vn -0.8933 0.3196 -0.3160
vn -0.9967 -0.0806 -0.0065
vn -0.8363 -0.4231 0.3486
vn -0.8331 -0.4598 0.3074
vn -0.9968 -0.0800 -0.0058
vn -0.8363 -0.4231 0.3486
vn -0.4489 -0.6523 0.6107
vn -0.4433 -0.7166 0.5385
vn -0.8331 -0.4598 0.3074
vn -0.4489 -0.6523 0.6107
vn 0.0616 -0.7044 0.7071
vn 0.0681 -0.7789 0.6235
vn -0.4433 -0.7166 0.5385
vn 0.0616 -0.7044 0.7071
vn 0.5554 -0.5645 0.6107
vn 0.5610 -0.6288 0.5385
vn 0.0681 -0.7789 0.6235
vn 0.5554 -0.5645 0.6107
vn 0.8971 -0.2715 0.3486
vn 0.9003 -0.3082 0.3074
vn 0.5610 -0.6288 0.5385
vn 0.8971 -0.2715 0.3486
vn 0.9956 0.0937 -0.0065
vn 0.9955 0.0944 -0.0058
vn 0.9003 -0.3082 0.3074
vn 0.9956 0.0937 -0.0065
vn 0.8275 0.4322 -0.3584
vn 0.8242 0.4699 -0.3160
vn 0.9955 0.0944 -0.0058
vn 0.8275 0.4322 -0.3584
vn 0.4406 0.6549 -0.6140
vn 0.4350 0.7195 -0.5414
vn 0.8242 0.4699 -0.3160
vn 0.4406 0.6549 -0.6140
vn -0.0616 0.7044 -0.7071
vn -0.0681 0.7789 -0.6235
vn 0.4350 0.7195 -0.5414
vn -0.0681 0.7789 -0.6235
vn -0.5533 0.6330 -0.5414
vn -0.5582 0.6892 -0.4620
vn -0.0738 0.8435 -0.5320
vn -0.5533 0.6330 -0.5414
vn -0.8933 0.3196 -0.3160
vn -0.8961 0.3524 -0.2697
vn -0.5582 0.6892 -0.4620
vn -0.8933 0.3196 -0.3160
vn -0.9968 -0.0800 -0.0058
vn -0.9968 -0.0794 -0.0049
vn -0.8961 0.3524 -0.2697
vn -0.9968 -0.0800 -0.0058
vn -0.8331 -0.4598 0.3074
vn -0.8303 -0.4917 0.2623
vn -0.9968 -0.0794 -0.0049
vn -0.8331 -0.4598 0.3074
vn -0.4433 -0.7166 0.5385
vn -0.4384 -0.7724 0.4595
vn -0.8303 -0.4917 0.2623
vn -0.4433 -0.7166 0.5385
vn 0.0681 -0.7789 0.6235
vn 0.0738 -0.8435 0.5320
vn -0.4384 -0.7724 0.4595
vn 0.0681 -0.7789 0.6235
vn 0.5610 -0.6288 0.5385
vn 0.5659 -0.6846 0.4595
vn 0.0738 -0.8435 0.5320
vn 0.5610 -0.6288 0.5385
vn 0.9003 -0.3082 0.3074
vn 0.9031 -0.3400 0.2623
vn 0.5659 -0.6846 0.4595
vn 0.9003 -0.3082 0.3074
vn 0.9955 0.0944 -0.0058
vn 0.9955 0.0949 -0.0049
vn 0.9031 -0.3400 0.2623
vn 0.9955 0.0944 -0.0058
vn 0.8242 0.4699 -0.3160
vn 0.8213 0.5027 -0.2697
vn 0.9955 0.0949 -0.0049
vn 0.8242 0.4699 -0.3160
vn 0.4350 0.7195 -0.5414
vn 0.4301 0.7756 -0.4620
vn 0.8213 0.5027 -0.2697
vn 0.4350 0.7195 -0.5414
vn -0.0681 0.7789 -0.6235
vn -0.0738 0.8435 -0.5320
vn 0.4301 0.7756 -0.4620
vn -0.0738 0.8435 -0.5320
vn -0.5582 0.6892 -0.4620
vn -0.5623 0.7361 -0.3767
vn -0.0785 0.8975 -0.4339
vn -0.5582 0.6892 -0.4620
vn -0.8961 0.3524 -0.2697
vn -0.8985 0.3798 -0.2199
vn -0.5623 0.7361 -0.3767
vn -0.8961 0.3524 -0.2697
vn -0.9968 -0.0794 -0.0049
vn -0.9969 -0.0789 -0.0040
vn -0.8985 0.3798 -0.2199
vn -0.9968 -0.0794 -0.0049
vn -0.8303 -0.4917 0.2623
vn -0.8280 -0.5183 0.2139
vn -0.9969 -0.0789 -0.0040
vn -0.8303 -0.4917 0.2623
vn -0.4384 -0.7724 0.4595
vn -0.4343 -0.8191 0.3747
vn -0.8280 -0.5183 0.2139
vn -0.4384 -0.7724 0.4595
vn 0.0738 -0.8435 0.5320
vn 0.0785 -0.8975 0.4339
vn -0.4343 -0.8191 0.3747
vn 0.0738 -0.8435 0.5320
vn 0.5659 -0.6846 0.4595
vn 0.5699 -0.7313 0.3747
vn 0.0785 -0.8975 0.4339
vn 0.5659 -0.6846 0.4595
vn 0.9031 -0.3400 0.2623
vn 0.9054 -0.3667 0.2139
vn 0.5699 -0.7313 0.3747
vn 0.9031 -0.3400 0.2623
vn 0.9955 0.0949 -0.0049
vn 0.9954 0.0954 -0.0040
vn 0.9054 -0.3667 0.2139
vn 0.9955 0.0949 -0.0049
vn 0.8213 0.5027 -0.2697
vn 0.8189 0.5301 -0.2199
vn 0.9954 0.0954 -0.0040
vn 0.8213 0.5027 -0.2697
vn 0.4301 0.7756 -0.4620
vn 0.4260 0.8226 -0.3767
vn 0.8189 0.5301 -0.2199
vn 0.4301 0.7756 -0.4620
vn -0.0738 0.8435 -0.5320
vn -0.0785 0.8975 -0.4339
vn 0.4260 0.8226 -0.3767
vn -0.0785 0.8975 -0.4339
vn -0.5623 0.7361 -0.3767
vn -0.5656 0.7732 -0.2868
vn -0.0823 0.9403 -0.3303
vn -0.5623 0.7361 -0.3767
vn -0.8985 0.3798 -0.2199
vn -0.9004 0.4015 -0.1674
vn -0.5656 0.7732 -0.2868
vn -0.8985 0.3798 -0.2199
vn -0.9969 -0.0789 -0.0040
vn -0.9969 -0.0785 -0.0031
vn -0.9004 0.4015 -0.1674
vn -0.9969 -0.0789 -0.0040
vn -0.8280 -0.5183 0.2139
vn -0.8262 -0.5394 0.1628
vn -0.9969 -0.0785 -0.0031
vn -0.8280 -0.5183 0.2139
vn -0.4343 -0.8191 0.3747
vn -0.4311 -0.8560 0.2853
vn -0.8262 -0.5394 0.1628
vn -0.4343 -0.8191 0.3747
vn 0.0785 -0.8975 0.4339
vn 0.0823 -0.9403 0.3303
vn -0.4311 -0.8560 0.2853
vn 0.0785 -0.8975 0.4339
vn 0.5699 -0.7313 0.3747
vn 0.5732 -0.7682 0.2853
vn 0.0823 -0.9403 0.3303
vn 0.5699 -0.7313 0.3747
vn 0.9054 -0.3667 0.2139
vn 0.9073 -0.3877 0.1628
vn 0.5732 -0.7682 0.2853
vn 0.9054 -0.3667 0.2139
vn 0.9954 0.0954 -0.0040
vn 0.9954 0.0958 -0.0031
vn 0.9073 -0.3877 0.1628
vn 0.9954 0.0954 -0.0040
vn 0.8189 0.5301 -0.2199
vn 0.8170 0.5517 -0.1674
vn 0.9954 0.0958 -0.0031
vn 0.8189 0.5301 -0.2199
vn 0.4260 0.8226 -0.3767
vn 0.4227 0.8597 -0.2868
vn 0.8170 0.5517 -0.1674
vn 0.4260 0.8226 -0.3767
vn -0.0785 0.8975 -0.4339
vn -0.0823 0.9403 -0.3303
vn 0.4227 0.8597 -0.2868
vn -0.0823 0.9403 -0.3303
vn -0.5656 0.7732 -0.2868
vn -0.5679 0.8001 -0.1932
vn -0.0850 0.9712 -0.2225
vn -0.5656 0.7732 -0.2868
vn -0.9004 0.4015 -0.1674
vn -0.9018 0.4172 -0.1128
vn -0.5679 0.8001 -0.1932
vn -0.9004 0.4015 -0.1674
vn -0.9969 -0.0785 -0.0031
vn -0.9969 -0.0782 -0.0021
vn -0.9018 0.4172 -0.1128
vn -0.9969 -0.0785 -0.0031
vn -0.8262 -0.5394 0.1628
vn -0.8248 -0.5546 0.1097
vn -0.9969 -0.0782 -0.0021
vn -0.8262 -0.5394 0.1628
vn -0.4311 -0.8560 0.2853
vn -0.4287 -0.8828 0.1922
vn -0.8248 -0.5546 0.1097
vn -0.4311 -0.8560 0.2853
vn 0.0823 -0.9403 0.3303
vn 0.0850 -0.9712 0.2225
vn -0.4287 -0.8828 0.1922
vn 0.0823 -0.9403 0.3303
vn 0.5732 -0.7682 0.2853
vn 0.5755 -0.7949 0.1922
vn 0.0850 -0.9712 0.2225
vn 0.5732 -0.7682 0.2853
vn 0.9073 -0.3877 0.1628
vn 0.9086 -0.4030 0.1097
vn 0.5755 -0.7949 0.1922
vn 0.9073 -0.3877 0.1628
vn 0.9954 0.0958 -0.0031
vn 0.9954 0.0961 -0.0021
vn 0.9086 -0.4030 0.1097
vn 0.9954 0.0958 -0.0031
vn 0.8170 0.5517 -0.1674
vn 0.8157 0.5674 -0.1128
vn 0.9954 0.0961 -0.0021
vn 0.8170 0.5517 -0.1674
vn 0.4227 0.8597 -0.2868
vn 0.4204 0.8865 -0.1932
vn 0.8157 0.5674 -0.1128
vn 0.4227 0.8597 -0.2868
vn -0.0823 0.9403 -0.3303
vn -0.0850 0.9712 -0.2225
vn 0.4204 0.8865 -0.1932
vn -0.0850 0.9712 -0.2225
vn -0.5679 0.8001 -0.1932
vn -0.5694 0.8163 -0.0972
vn -0.0866 0.9899 -0.1120
vn -0.5679 0.8001 -0.1932
vn -0.9018 0.4172 -0.1128
vn -0.9026 0.4266 -0.0568
vn -0.5694 0.8163 -0.0972
vn -0.9018 0.4172 -0.1128
vn -0.9969 -0.0782 -0.0021
vn -0.9970 -0.0780 -0.0010
vn -0.9026 0.4266 -0.0568
vn -0.9969 -0.0782 -0.0021
vn -0.8248 -0.5546 0.1097
vn -0.8240 -0.5639 0.0552
vn -0.9970 -0.0780 -0.0010
vn -0.8248 -0.5546 0.1097
vn -0.4287 -0.8828 0.1922
vn -0.4273 -0.8989 0.0967
vn -0.8240 -0.5639 0.0552
vn -0.4287 -0.8828 0.1922
vn 0.0850 -0.9712 0.2225
vn 0.0866 -0.9899 0.1120
vn -0.4273 -0.8989 0.0967
vn 0.0850 -0.9712 0.2225
vn 0.5755 -0.7949 0.1922
vn 0.5769 -0.8111 0.0967
vn 0.0866 -0.9899 0.1120
vn 0.5755 -0.7949 0.1922
vn 0.9086 -0.4030 0.1097
vn 0.9094 -0.4122 0.0552
vn 0.5769 -0.8111 0.0967
vn 0.9086 -0.4030 0.1097
vn 0.9954 0.0961 -0.0021
vn 0.9954 0.0963 -0.0010
vn 0.9094 -0.4122 0.0552
vn 0.9954 0.0961 -0.0021
vn 0.8157 0.5674 -0.1128
vn 0.8148 0.5769 -0.0568
vn 0.9954 0.0963 -0.0010
vn 0.8157 0.5674 -0.1128
vn 0.4204 0.8865 -0.1932
vn 0.4189 0.9028 -0.0972
vn 0.8148 0.5769 -0.0568
vn 0.4204 0.8865 -0.1932
vn -0.0850 0.9712 -0.2225
vn -0.0866 0.9899 -0.1120
vn 0.4189 0.9028 -0.0972
vn -0.0866 0.9899 -0.1120
vn -0.5694 0.8163 -0.0972
vn -0.5698 0.8218 -0.0000
vn -0.0872 0.9962 0.0000
vn -0.5694 0.8163 -0.0972
vn -0.9026 0.4266 -0.0568
vn -0.9029 0.4298 0.0000
vn -0.5698 0.8218 -0.0000
vn -0.9026 0.4266 -0.0568
vn -0.9970 -0.0780 -0.0010
vn -0.9970 -0.0779 0.0000
vn -0.9029 0.4298 0.0000
vn -0.9970 -0.0780 -0.0010
vn -0.8240 -0.5639 0.0552
vn -0.8237 -0.5670 -0.0000
vn -0.9970 -0.0779 0.0000
vn -0.8240 -0.5639 0.0552
vn -0.4273 -0.8989 0.0967
vn -0.4269 -0.9043 -0.0000
vn -0.8237 -0.5670 -0.0000
vn -0.4273 -0.8989 0.0967
vn 0.0866 -0.9899 0.1120
vn 0.0872 -0.9962 -0.0000
vn -0.4269 -0.9043 -0.0000
vn 0.0866 -0.9899 0.1120
vn 0.5769 -0.8111 0.0967
vn 0.5774 -0.8165 0.0000
vn 0.0872 -0.9962 -0.0000
vn 0.5769 -0.8111 0.0967
vn 0.9094 -0.4122 0.0552
vn 0.9097 -0.4153 -0.0000
vn 0.5774 -0.8165 0.0000
vn 0.9094 -0.4122 0.0552
vn 0.9954 0.0963 -0.0010
vn 0.9953 0.0964 -0.0000
vn 0.9097 -0.4153 -0.0000
vn 0.9954 0.0963 -0.0010
vn 0.8148 0.5769 -0.0568
vn 0.8146 0.5801 0.0000
vn 0.9953 0.0964 -0.0000
vn 0.8148 0.5769 -0.0568
vn 0.4189 0.9028 -0.0972
vn 0.4185 0.9082 0.0000
vn 0.8146 0.5801 0.0000
vn 0.4189 0.9028 -0.0972
vn -0.0866 0.9899 -0.1120
vn -0.0872 0.9962 0.0000
vn 0.4185 0.9082 0.0000
vn 0.0000 -1.0000 0.0000
vn 0.0000 -1.0000 0.0000
vn 0.0000 -1.0000 0.0000
vn 0.0000 -1.0000 0.0000
vn 0.0000 -1.0000 -0.0000
vn 0.0000 -1.0000 -0.0000
vn 0.0000 -1.0000 -0.0000
vn 0.0000 -1.0000 -0.0000
vn -0.0000 -1.0000 0.0000
vn -0.0000 -1.0000 0.0000
vn 0.0000 -1.0000 -0.0000
vn -0.0000 -1.0000 0.0000
vn 0.0000 -1.0000 0.0000
vn 0.0000 -1.0000 -0.0000
vn 0.0000 -1.0000 0.0000
vn -0.0000 -1.0000 -0.0000
vn 0.0024 0.0278 0.9996
vn -0.4939 0.0675 0.8669
vn -0.5101 0.0446 0.8590
vn -0.0144 0.0012 0.9999
vn -0.4939 0.0675 0.8669
vn -0.8594 0.0893 0.5034
vn -0.8670 0.0757 0.4925
vn -0.5101 0.0446 0.8590
vn -0.8594 0.0893 0.5034
vn -0.9962 0.0873 0.0046
vn -0.9962 0.0869 0.0000
vn -0.8670 0.0757 0.4925
vn -0.9962 0.0873 0.0046
vn -0.8659 0.0618 -0.4964
vn -0.8670 0.0757 -0.4925
vn -0.9962 0.0869 0.0000
vn -0.8659 0.0618 -0.4964
vn -0.5021 0.0195 -0.8646
vn -0.5101 0.0445 -0.8590
vn -0.8670 0.0757 -0.4925
vn -0.5021 0.0195 -0.8646
vn -0.0025 -0.0281 -0.9996
vn -0.0144 0.0012 -0.9999
vn -0.5101 0.0445 -0.8590
vn -0.0025 -0.0281 -0.9996
vn 0.4979 -0.0680 -0.8646
vn 0.4886 -0.0428 -0.8715
vn -0.0144 0.0012 -0.9999
vn 0.4979 -0.0680 -0.8646
vn 0.8634 -0.0896 -0.4964
vn 0.8599 -0.0754 -0.5049
vn 0.4886 -0.0428 -0.8715
vn 0.8634 -0.0896 -0.4964
vn 0.9962 -0.0870 0.0046
vn 0.9962 -0.0874 -0.0000
vn 0.8599 -0.0754 -0.5049
vn 0.9962 -0.0870 0.0046
vn 0.8619 -0.0612 0.5034
vn 0.8599 -0.0754 0.5049
vn 0.9962 -0.0874 -0.0000
vn 0.8619 -0.0612 0.5034
vn 0.4981 -0.0192 0.8669
vn 0.4886 -0.0428 0.8715
vn 0.8599 -0.0754 0.5049
vn 0.4981 -0.0192 0.8669
vn 0.0024 0.0278 0.9996
vn -0.0144 0.0012 0.9999
vn 0.4886 -0.0428 0.8715
vn -0.4939 0.0675 -0.8669
vn 0.0024 0.0278 -0.9996
vn -0.0144 0.0012 -0.9999
vn -0.5101 0.0445 -0.8590
vn 0.0024 0.0278 -0.9996
vn 0.4981 -0.0193 -0.8669
vn 0.4886 -0.0428 -0.8715
vn -0.0144 0.0012 -0.9999
vn 0.4981 -0.0193 -0.8669
vn 0.8619 -0.0613 -0.5034
vn 0.8599 -0.0754 -0.5049
vn 0.4886 -0.0428 -0.8715
vn 0.8619 -0.0613 -0.5034
vn 0.9962 -0.0870 -0.0046
vn 0.9962 -0.0874 -0.0000
vn 0.8599 -0.0754 -0.5049
vn 0.9962 -0.0870 -0.0046
vn 0.8634 -0.0895 0.4964
vn 0.8599 -0.0754 0.5049
vn 0.9962 -0.0874 -0.0000
vn 0.8634 -0.0895 0.4964
vn 0.4979 -0.0680 0.8646
vn 0.4886 -0.0428 0.8715
vn 0.8599 -0.0754 0.5049
vn 0.4979 -0.0680 0.8646
vn -0.0025 -0.0281 0.9996
vn -0.0144 0.0012 0.9999
vn 0.4886 -0.0428 0.8715
vn -0.0025 -0.0281 0.9996
vn -0.5021 0.0195 0.8646
vn -0.5101 0.0446 0.8590
vn -0.0144 0.0012 0.9999
vn -0.5021 0.0195 0.8646
vn -0.8659 0.0617 0.4964
vn -0.8670 0.0757 0.4925
vn -0.5101 0.0446 0.8590
vn -0.8659 0.0617 0.4964
vn -0.9962 0.0873 -0.0046
vn -0.9962 0.0869 0.0000
vn -0.8670 0.0757 0.4925
vn -0.9962 0.0873 -0.0046
vn -0.8594 0.0894 -0.5034
vn -0.8670 0.0757 -0.4925
vn -0.9962 0.0869 0.0000
vn -0.8594 0.0894 -0.5034
vn -0.4939 0.0675 -0.8669
vn -0.5101 0.0445 -0.8590
vn -0.8670 0.0757 -0.4925
vn -0.0024 0.0278 0.9996
vn -0.4981 -0.0193 0.8669
vn -0.4886 -0.0428 0.8715
vn 0.0144 0.0012 0.9999
vn -0.4981 -0.0193 0.8669
vn -0.8619 -0.0613 0.5034
vn -0.8599 -0.0754 0.5049
vn -0.4886 -0.0428 0.8715
vn -0.8619 -0.0613 0.5034
vn -0.9962 -0.0870 0.0046
vn -0.9962 -0.0874 0.0000
vn -0.8599 -0.0754 0.5049
vn -0.9962 -0.0870 0.0046
vn -0.8634 -0.0895 -0.4964
vn -0.8599 -0.0754 -0.5049
vn -0.9962 -0.0874 0.0000
vn -0.8634 -0.0895 -0.4964
vn -0.4979 -0.0680 -0.8646
vn -0.4886 -0.0428 -0.8715
vn -0.8599 -0.0754 -0.5049
vn -0.4979 -0.0680 -0.8646
vn 0.0025 -0.0281 -0.9996
vn 0.0144 0.0012 -0.9999
vn -0.4886 -0.0428 -0.8715
vn 0.0025 -0.0281 -0.9996
vn 0.5021 0.0195 -0.8646
vn 0.5101 0.0446 -0.8590
vn 0.0144 0.0012 -0.9999
vn 0.5021 0.0195 -0.8646
vn 0.8659 0.0617 -0.4964
vn 0.8670 0.0757 -0.4925
vn 0.5101 0.0446 -0.8590
vn 0.8659 0.0617 -0.4964
vn 0.9962 0.0873 0.0046
vn 0.9962 0.0869 -0.0000
vn 0.8670 0.0757 -0.4925
vn 0.9962 0.0873 0.0046
vn 0.8594 0.0894 0.5034
vn 0.8670 0.0757 0.4925
vn 0.9962 0.0869 -0.0000
vn 0.8594 0.0894 0.5034
vn 0.4939 0.0675 0.8669
vn 0.5101 0.0445 0.8590
vn 0.8670 0.0757 0.4925
vn 0.4939 0.0675 0.8669
vn -0.0024 0.0278 0.9996
vn 0.0144 0.0012 0.9999
vn 0.5101 0.0445 0.8590
vn -0.4981 -0.0192 -0.8669
vn -0.0024 0.0278 -0.9996
vn 0.0144 0.0012 -0.9999
vn -0.4886 -0.0428 -0.8715
vn -0.0024 0.0278 -0.9996
vn 0.4939 0.0675 -0.8669
vn 0.5101 0.0446 -0.8590
vn 0.0144 0.0012 -0.9999
vn 0.4939 0.0675 -0.8669
vn 0.8594 0.0893 -0.5034
vn 0.8670 0.0757 -0.4925
vn 0.5101 0.0446 -0.8590
vn 0.8594 0.0893 -0.5034
vn 0.9962 0.0873 -0.0046
vn 0.9962 0.0869 -0.0000
vn 0.8670 0.0757 -0.4925
vn 0.9962 0.0873 -0.0046
vn 0.8659 0.0618 0.4964
vn 0.8670 0.0757 0.4925
vn 0.9962 0.0869 -0.0000
vn 0.8659 0.0618 0.4964
vn 0.5021 0.0195 0.8646
vn 0.5101 0.0445 0.8590
vn 0.8670 0.0757 0.4925
vn 0.5021 0.0195 0.8646
vn 0.0025 -0.0281 0.9996
vn 0.0144 0.0012 0.9999
vn 0.5101 0.0445 0.8590
vn 0.0025 -0.0281 0.9996
vn -0.4979 -0.0680 0.8646
vn -0.4886 -0.0428 0.8715
vn 0.0144 0.0012 0.9999
vn -0.4979 -0.0680 0.8646
vn -0.8634 -0.0896 0.4964
vn -0.8599 -0.0754 0.5049
vn -0.4886 -0.0428 0.8715
vn -0.8634 -0.0896 0.4964
vn -0.9962 -0.0870 -0.0046
vn -0.9962 -0.0874 0.0000
vn -0.8599 -0.0754 0.5049
vn -0.9962 -0.0870 -0.0046
vn -0.8619 -0.0612 -0.5034
vn -0.8599 -0.0754 -0.5049
vn -0.9962 -0.0874 0.0000
vn -0.8619 -0.0612 -0.5034
vn -0.4981 -0.0192 -0.8669
vn -0.4886 -0.0428 -0.8715
vn -0.8599 -0.0754 -0.5049
vn 0.0872 0.9962 0.0000
vn -0.4185 0.9082 0.0000
vn -0.4190 0.9028 0.0972
vn 0.0866 0.9899 0.1120
vn -0.4185 0.9082 0.0000
vn -0.8146 0.5801 0.0000
vn -0.8148 0.5769 0.0568
vn -0.4190 0.9028 0.0972
vn -0.8146 0.5801 0.0000
vn -0.9953 0.0964 -0.0000
vn -0.9954 0.0963 0.0010
vn -0.8148 0.5769 0.0568
vn -0.9953 0.0964 -0.0000
vn -0.9097 -0.4153 -0.0000
vn -0.9094 -0.4122 -0.0552
vn -0.9954 0.0963 0.0010
vn -0.9097 -0.4153 -0.0000
vn -0.5774 -0.8165 -0.0000
vn -0.5769 -0.8111 -0.0967
vn -0.9094 -0.4122 -0.0552
vn -0.5774 -0.8165 -0.0000
vn -0.0872 -0.9962 -0.0000
vn -0.0866 -0.9899 -0.1120
vn -0.5769 -0.8111 -0.0967
vn -0.0872 -0.9962 -0.0000
vn 0.4269 -0.9043 -0.0000
vn 0.4273 -0.8989 -0.0967
vn -0.0866 -0.9899 -0.1120
vn 0.4269 -0.9043 -0.0000
vn 0.8237 -0.5670 0.0000
vn 0.8240 -0.5639 -0.0552
vn 0.4273 -0.8989 -0.0967
vn 0.8237 -0.5670 0.0000
vn 0.9970 -0.0779 0.0000
vn 0.9970 -0.0780 0.0010
vn 0.8240 -0.5639 -0.0552
vn 0.9970 -0.0779 0.0000
vn 0.9029 0.4298 -0.0000
vn 0.9026 0.4266 0.0568
vn 0.9970 -0.0780 0.0010
vn 0.9029 0.4298 -0.0000
vn 0.5698 0.8218 0.0000
vn 0.5694 0.8163 0.0972
vn 0.9026 0.4266 0.0568
vn 0.5698 0.8218 0.0000
vn 0.0872 0.9962 0.0000
vn 0.0866 0.9899 0.1120
vn 0.5694 0.8163 0.0972
vn 0.0866 0.9899 0.1120
vn -0.4190 0.9028 0.0972
vn -0.4204 0.8865 0.1932
vn 0.0850 0.9712 0.2225
vn -0.4190 0.9028 0.0972
vn -0.8148 0.5769 0.0568
vn -0.8157 0.5674 0.1128
vn -0.4204 0.8865 0.1932
vn -0.8148 0.5769 0.0568
vn -0.9954 0.0963 0.0010
vn -0.9954 0.0961 0.0021
vn -0.8157 0.5674 0.1128
vn -0.9954 0.0963 0.0010
vn -0.9094 -0.4122 -0.0552
vn -0.9086 -0.4030 -0.1097
vn -0.9954 0.0961 0.0021
vn -0.9094 -0.4122 -0.0552
vn -0.5769 -0.8111 -0.0967
vn -0.5755 -0.7949 -0.1922
vn -0.9086 -0.4030 -0.1097
vn -0.5769 -0.8111 -0.0967
vn -0.0866 -0.9899 -0.1120
vn -0.0850 -0.9712 -0.2225
vn -0.5755 -0.7949 -0.1922
vn -0.0866 -0.9899 -0.1120
vn 0.4273 -0.8989 -0.0967
vn 0.4287 -0.8827 -0.1922
vn -0.0850 -0.9712 -0.2225
vn 0.4273 -0.8989 -0.0967
vn 0.8240 -0.5639 -0.0552
vn 0.8248 -0.5546 -0.1097
vn 0.4287 -0.8827 -0.1922
vn 0.8240 -0.5639 -0.0552
vn 0.9970 -0.0780 0.0010
vn 0.9969 -0.0782 0.0021
vn 0.8248 -0.5546 -0.1097
vn 0.9970 -0.0780 0.0010
vn 0.9026 0.4266 0.0568
vn 0.9018 0.4172 0.1128
vn 0.9969 -0.0782 0.0021
vn 0.9026 0.4266 0.0568
vn 0.5694 0.8163 0.0972
vn 0.5679 0.8001 0.1932
vn 0.9018 0.4172 0.1128
vn 0.5694 0.8163 0.0972
vn 0.0866 0.9899 0.1120
vn 0.0850 0.9712 0.2225
vn 0.5679 0.8001 0.1932
vn 0.0850 0.9712 0.2225
vn -0.4204 0.8865 0.1932
vn -0.4227 0.8597 0.2868
vn 0.0823 0.9403 0.3303
vn -0.4204 0.8865 0.1932
vn -0.8157 0.5674 0.1128
vn -0.8170 0.5517 0.1674
vn -0.4227 0.8597 0.2868
vn -0.8157 0.5674 0.1128
vn -0.9954 0.0961 0.0021
vn -0.9954 0.0958 0.0031
vn -0.8170 0.5517 0.1674
vn -0.9954 0.0961 0.0021
vn -0.9086 -0.4030 -0.1097
vn -0.9073 -0.3877 -0.1628
vn -0.9954 0.0958 0.0031
vn -0.9086 -0.4030 -0.1097
vn -0.5755 -0.7949 -0.1922
vn -0.5732 -0.7682 -0.2853
vn -0.9073 -0.3877 -0.1628
vn -0.5755 -0.7949 -0.1922
vn -0.0850 -0.9712 -0.2225
vn -0.0823 -0.9403 -0.3303
vn -0.5732 -0.7682 -0.2853
vn -0.0850 -0.9712 -0.2225
vn 0.4287 -0.8827 -0.1922
vn 0.4311 -0.8560 -0.2853
vn -0.0823 -0.9403 -0.3303
vn 0.4287 -0.8827 -0.1922
vn 0.8248 -0.5546 -0.1097
vn 0.8262 -0.5394 -0.1628
vn 0.4311 -0.8560 -0.2853
vn 0.8248 -0.5546 -0.1097
vn 0.9969 -0.0782 0.0021
vn 0.9969 -0.0785 0.0031
vn 0.8262 -0.5394 -0.1628
vn 0.9969 -0.0782 0.0021
vn 0.9018 0.4172 0.1128
vn 0.9004 0.4015 0.1674
vn 0.9969 -0.0785 0.0031
vn 0.9018 0.4172 0.1128
vn 0.5679 0.8001 0.1932
vn 0.5656 0.7732 0.2868
vn 0.9004 0.4015 0.1674
vn 0.5679 0.8001 0.1932
vn 0.0850 0.9712 0.2225
vn 0.0823 0.9403 0.3303
vn 0.5656 0.7732 0.2868
vn 0.0823 0.9403 0.3303
vn -0.4227 0.8597 0.2868
vn -0.4260 0.8226 0.3767
vn 0.0785 0.8975 0.4339
vn -0.4227 0.8597 0.2868
vn -0.8170 0.5517 0.1674
vn -0.8189 0.5301 0.2199
vn -0.4260 0.8226 0.3767
vn -0.8170 0.5517 0.1674
vn -0.9954 0.0958 0.0031
vn -0.9954 0.0954 0.0040
vn -0.8189 0.5301 0.2199
vn -0.9954 0.0958 0.0031
vn -0.9073 -0.3877 -0.1628
vn -0.9054 -0.3667 -0.2139
vn -0.9954 0.0954 0.0040
vn -0.9073 -0.3877 -0.1628
vn -0.5732 -0.7682 -0.2853
vn -0.5699 -0.7313 -0.3747
vn -0.9054 -0.3667 -0.2139
vn -0.5732 -0.7682 -0.2853
vn -0.0823 -0.9403 -0.3303
vn -0.0785 -0.8975 -0.4339
vn -0.5699 -0.7313 -0.3747
vn -0.0823 -0.9403 -0.3303
vn 0.4311 -0.8560 -0.2853
vn 0.4343 -0.8191 -0.3747
vn -0.0785 -0.8975 -0.4339
vn 0.4311 -0.8560 -0.2853
vn 0.8262 -0.5394 -0.1628
vn 0.8280 -0.5183 -0.2139
vn 0.4343 -0.8191 -0.3747
vn 0.8262 -0.5394 -0.1628
vn 0.9969 -0.0785 0.0031
vn 0.9969 -0.0789 0.0040
vn 0.8280 -0.5183 -0.2139
vn 0.9969 -0.0785 0.0031
vn 0.9004 0.4015 0.1674
vn 0.8985 0.3798 0.2199
vn 0.9969 -0.0789 0.0040
vn 0.9004 0.4015 0.1674
vn 0.5656 0.7732 0.2868
vn 0.5623 0.7361 0.3767
vn 0.8985 0.3798 0.2199
vn 0.5656 0.7732 0.2868
vn 0.0823 0.9403 0.3303
vn 0.0785 0.8975 0.4339
vn 0.5623 0.7361 0.3767
vn 0.0785 0.8975 0.4339
vn -0.4260 0.8226 0.3767
vn -0.4301 0.7756 0.4620
vn 0.0738 0.8435 0.5320
vn -0.4260 0.8226 0.3767
vn -0.8189 0.5301 0.2199
vn -0.8213 0.5027 0.2697
vn -0.4301 0.7756 0.4620
vn -0.8189 0.5301 0.2199
vn -0.9954 0.0954 0.0040
vn -0.9955 0.0950 0.0049
vn -0.8213 0.5027 0.2697
vn -0.9954 0.0954 0.0040
vn -0.9054 -0.3667 -0.2139
vn -0.9031 -0.3400 -0.2623
vn -0.9955 0.0950 0.0049
vn -0.9054 -0.3667 -0.2139
vn -0.5699 -0.7313 -0.3747
vn -0.5659 -0.6846 -0.4595
vn -0.9031 -0.3400 -0.2623
vn -0.5699 -0.7313 -0.3747
vn -0.0785 -0.8975 -0.4339
vn -0.0738 -0.8435 -0.5320
vn -0.5659 -0.6846 -0.4595
vn -0.0785 -0.8975 -0.4339
vn 0.4343 -0.8191 -0.3747
vn 0.4384 -0.7724 -0.4595
vn -0.0738 -0.8435 -0.5320
vn 0.4343 -0.8191 -0.3747
vn 0.8280 -0.5183 -0.2139
vn 0.8303 -0.4917 -0.2623
vn 0.4384 -0.7724 -0.4595
vn 0.8280 -0.5183 -0.2139
vn 0.9969 -0.0789 0.0040
vn 0.9968 -0.0794 0.0049
vn 0.8303 -0.4917 -0.2623
vn 0.9969 -0.0789 0.0040
vn 0.8985 0.3798 0.2199
vn 0.8961 0.3524 0.2697
vn 0.9968 -0.0794 0.0049
vn 0.8985 0.3798 0.2199
vn 0.5623 0.7361 0.3767
vn 0.5582 0.6892 0.4620
vn 0.8961 0.3524 0.2697
vn 0.5623 0.7361 0.3767
vn 0.0785 0.8975 0.4339
vn 0.0738 0.8435 0.5320
vn 0.5582 0.6892 0.4620
vn 0.0738 0.8435 0.5320
vn -0.4301 0.7756 0.4620
vn -0.4350 0.7195 0.5414
vn 0.0681 0.7789 0.6235
vn -0.4301 0.7756 0.4620
vn -0.8213 0.5027 0.2697
vn -0.8242 0.4699 0.3160
vn -0.4350 0.7195 0.5414
vn -0.8213 0.5027 0.2697
vn -0.9955 0.0950 0.0049
vn -0.9955 0.0944 0.0058
vn -0.8242 0.4699 0.3160
vn -0.9955 0.0950 0.0049
vn -0.9031 -0.3400 -0.2623
vn -0.9003 -0.3082 -0.3074
vn -0.9955 0.0944 0.0058
vn -0.9031 -0.3400 -0.2623
vn -0.5659 -0.6846 -0.4595
vn -0.5610 -0.6288 -0.5385
vn -0.9003 -0.3082 -0.3074
vn -0.5659 -0.6846 -0.4595
vn -0.0738 -0.8435 -0.5320
vn -0.0681 -0.7789 -0.6235
vn -0.5610 -0.6288 -0.5385
vn -0.0738 -0.8435 -0.5320
vn 0.4384 -0.7724 -0.4595
vn 0.4433 -0.7166 -0.5385
vn -0.0681 -0.7789 -0.6235
vn 0.4384 -0.7724 -0.4595
vn 0.8303 -0.4917 -0.2623
vn 0.8331 -0.4598 -0.3074
vn 0.4433 -0.7166 -0.5385
vn 0.8303 -0.4917 -0.2623
vn 0.9968 -0.0794 0.0049
vn 0.9968 -0.0800 0.0058
vn 0.8331 -0.4598 -0.3074
vn 0.9968 -0.0794 0.0049
vn 0.8961 0.3524 0.2697
vn 0.8933 0.3196 0.3160
vn 0.9968 -0.0800 0.0058
vn 0.8961 0.3524 0.2697
vn 0.5582 0.6892 0.4620
vn 0.5533 0.6330 0.5414
vn 0.8933 0.3196 0.3160
vn 0.5582 0.6892 0.4620
vn 0.0738 0.8435 0.5320
vn 0.0681 0.7789 0.6235
vn 0.5533 0.6330 0.5414
vn 0.0681 0.7789 0.6235
vn -0.4350 0.7195 0.5414
vn -0.4406 0.6549 0.6140
vn 0.0616 0.7044 0.7071
vn -0.4350 0.7195 0.5414
vn -0.8242 0.4699 0.3160
vn -0.8275 0.4322 0.3584
vn -0.4406 0.6549 0.6140
vn -0.8242 0.4699 0.3160
vn -0.9955 0.0944 0.0058
vn -0.9956 0.0937 0.0065
vn -0.8275 0.4322 0.3584
vn -0.9955 0.0944 0.0058
vn -0.9003 -0.3082 -0.3074
vn -0.8971 -0.2715 -0.3486
vn -0.9956 0.0937 0.0065
vn -0.9003 -0.3082 -0.3074
vn -0.5610 -0.6288 -0.5385
vn -0.5554 -0.5645 -0.6107
vn -0.8971 -0.2715 -0.3486
vn -0.5610 -0.6288 -0.5385
vn -0.0681 -0.7789 -0.6235
vn -0.0616 -0.7044 -0.7071
vn -0.5554 -0.5645 -0.6107
vn -0.0681 -0.7789 -0.6235
vn 0.4433 -0.7166 -0.5385
vn 0.4489 -0.6523 -0.6107
vn -0.0616 -0.7044 -0.7071
vn 0.4433 -0.7166 -0.5385
vn 0.8331 -0.4598 -0.3074
vn 0.8363 -0.4231 -0.3486
vn 0.4489 -0.6523 -0.6107
vn 0.8331 -0.4598 -0.3074
vn 0.9968 -0.0800 0.0058
vn 0.9967 -0.0806 0.0065
vn 0.8363 -0.4231 -0.3486
vn 0.9968 -0.0800 0.0058
vn 0.8933 0.3196 0.3160
vn 0.8900 0.2819 0.3584
vn 0.9967 -0.0806 0.0065
vn 0.8933 0.3196 0.3160
vn 0.5533 0.6330 0.5414
vn 0.5477 0.5684 0.6140
vn 0.8900 0.2819 0.3584
vn 0.5533 0.6330 0.5414
vn 0.0681 0.7789 0.6235
vn 0.0616 0.7044 0.7071
vn 0.5477 0.5684 0.6140
vn 0.0616 0.7044 0.7071
vn -0.4406 0.6549 0.6140
vn -0.4470 0.5825 0.6789
vn 0.0543 0.6211 0.7818
vn -0.4406 0.6549 0.6140
vn -0.8275 0.4322 0.3584
vn -0.8312 0.3900 0.3963
vn -0.4470 0.5825 0.6789
vn -0.8275 0.4322 0.3584
vn -0.9956 0.0937 0.0065
vn -0.9956 0.0929 0.0072
vn -0.8312 0.3900 0.3963
vn -0.9956 0.0937 0.0065
vn -0.8971 -0.2715 -0.3486
vn -0.8935 -0.2304 -0.3854
vn -0.9956 0.0929 0.0072
vn -0.8971 -0.2715 -0.3486
vn -0.5554 -0.5645 -0.6107
vn -0.5491 -0.4925 -0.6753
vn -0.8935 -0.2304 -0.3854
vn -0.5554 -0.5645 -0.6107
vn -0.0616 -0.7044 -0.7071
vn -0.0543 -0.6211 -0.7818
vn -0.5491 -0.4925 -0.6753
vn -0.0616 -0.7044 -0.7071
vn 0.4489 -0.6523 -0.6107
vn 0.4552 -0.5804 -0.6753
vn -0.0543 -0.6211 -0.7818
vn 0.4489 -0.6523 -0.6107
vn 0.8363 -0.4231 -0.3486
vn 0.8399 -0.3820 -0.3854
vn 0.4552 -0.5804 -0.6753
vn 0.8363 -0.4231 -0.3486
vn 0.9967 -0.0806 0.0065
vn 0.9967 -0.0814 0.0072
vn 0.8399 -0.3820 -0.3854
vn 0.9967 -0.0806 0.0065
vn 0.8900 0.2819 0.3584
vn 0.8863 0.2397 0.3963
vn 0.9967 -0.0814 0.0072
vn 0.8900 0.2819 0.3584
vn 0.5477 0.5684 0.6140
vn 0.5413 0.4961 0.6789
vn 0.8863 0.2397 0.3963
vn 0.5477 0.5684 0.6140
vn 0.0616 0.7044 0.7071
vn 0.0543 0.6211 0.7818
vn 0.5413 0.4961 0.6789
vn 0.0543 0.6211 0.7818
vn -0.4470 0.5825 0.6789
vn -0.4539 0.5034 0.7352
vn 0.0464 0.5300 0.8467
vn -0.4470 0.5825 0.6789
vn -0.8312 0.3900 0.3963
vn -0.8352 0.3438 0.4292
vn -0.4539 0.5034 0.7352
vn -0.8312 0.3900 0.3963
vn -0.9956 0.0929 0.0072
vn -0.9957 0.0921 0.0078
vn -0.8352 0.3438 0.4292
vn -0.9956 0.0929 0.0072
vn -0.8935 -0.2304 -0.3854
vn -0.8896 -0.1855 -0.4174
vn -0.9957 0.0921 0.0078
vn -0.8935 -0.2304 -0.3854
vn -0.5491 -0.4925 -0.6753
vn -0.5422 -0.4138 -0.7313
vn -0.8896 -0.1855 -0.4174
vn -0.5491 -0.4925 -0.6753
vn -0.0543 -0.6211 -0.7818
vn -0.0464 -0.5300 -0.8467
vn -0.5422 -0.4138 -0.7313
vn -0.0543 -0.6211 -0.7818
vn 0.4552 -0.5804 -0.6753
vn 0.4621 -0.5017 -0.7313
vn -0.0464 -0.5300 -0.8467
vn 0.4552 -0.5804 -0.6753
vn 0.8399 -0.3820 -0.3854
vn 0.8439 -0.3371 -0.4174
vn 0.4621 -0.5017 -0.7313
vn 0.8399 -0.3820 -0.3854
vn 0.9967 -0.0814 0.0072
vn 0.9966 -0.0823 0.0078
vn 0.8439 -0.3371 -0.4174
vn 0.9967 -0.0814 0.0072
vn 0.8863 0.2397 0.3963
vn 0.8822 0.1935 0.4292
vn 0.9966 -0.0823 0.0078
vn 0.8863 0.2397 0.3963
vn 0.5413 0.4961 0.6789
vn 0.5344 0.4170 0.7352
vn 0.8822 0.1935 0.4292
vn 0.5413 0.4961 0.6789
vn 0.0543 0.6211 0.7818
vn 0.0464 0.5300 0.8467
vn 0.5344 0.4170 0.7352
vn 0.0464 0.5300 0.8467
vn -0.4539 0.5034 0.7352
vn -0.4613 0.4185 0.7823
vn 0.0378 0.4322 0.9010
vn -0.4539 0.5034 0.7352
vn -0.8352 0.3438 0.4292
vn -0.8396 0.2942 0.4567
vn -0.4613 0.4185 0.7823
vn -0.8352 0.3438 0.4292
vn -0.9957 0.0921 0.0078
vn -0.9958 0.0911 0.0083
vn -0.8396 0.2942 0.4567
vn -0.9957 0.0921 0.0078
vn -0.8896 -0.1855 -0.4174
vn -0.8854 -0.1373 -0.4442
vn -0.9958 0.0911 0.0083
vn -0.8896 -0.1855 -0.4174
vn -0.5422 -0.4138 -0.7313
vn -0.5348 -0.3294 -0.7781
vn -0.8854 -0.1373 -0.4442
vn -0.5422 -0.4138 -0.7313
vn -0.0464 -0.5300 -0.8467
vn -0.0378 -0.4322 -0.9010
vn -0.5348 -0.3294 -0.7781
vn -0.0464 -0.5300 -0.8467
vn 0.4621 -0.5017 -0.7313
vn 0.4695 -0.4172 -0.7781
vn -0.0378 -0.4322 -0.9010
vn 0.4621 -0.5017 -0.7313
vn 0.8439 -0.3371 -0.4174
vn 0.8481 -0.2889 -0.4442
vn 0.4695 -0.4172 -0.7781
vn 0.8439 -0.3371 -0.4174
vn 0.9966 -0.0823 0.0078
vn 0.9965 -0.0832 0.0083
vn 0.8481 -0.2889 -0.4442
vn 0.9966 -0.0823 0.0078
vn 0.8822 0.1935 0.4292
vn 0.8779 0.1440 0.4567
vn 0.9965 -0.0832 0.0083
vn 0.8822 0.1935 0.4292
vn 0.5344 0.4170 0.7352
vn 0.5270 0.3321 0.7823
vn 0.8779 0.1440 0.4567
vn 0.5344 0.4170 0.7352
vn 0.0464 0.5300 0.8467
vn 0.0378 0.4322 0.9010
vn 0.5270 0.3321 0.7823
vn 0.0378 0.4322 0.9010
vn -0.4613 0.4185 0.7823
vn -0.4692 0.3289 0.8196
vn 0.0288 0.3290 0.9439
vn -0.4613 0.4185 0.7823
vn -0.8396 0.2942 0.4567
vn -0.8442 0.2419 0.4784
vn -0.4692 0.3289 0.8196
vn -0.8396 0.2942 0.4567
vn -0.9958 0.0911 0.0083
vn -0.9959 0.0902 0.0087
vn -0.8442 0.2419 0.4784
vn -0.9958 0.0911 0.0083
vn -0.8854 -0.1373 -0.4442
vn -0.8809 -0.0864 -0.4653
vn -0.9959 0.0902 0.0087
vn -0.8854 -0.1373 -0.4442
vn -0.5348 -0.3294 -0.7781
vn -0.5270 -0.2402 -0.8152
vn -0.8809 -0.0864 -0.4653
vn -0.5348 -0.3294 -0.7781
vn -0.0378 -0.4322 -0.9010
vn -0.0288 -0.3290 -0.9439
vn -0.5270 -0.2402 -0.8152
vn -0.0378 -0.4322 -0.9010
vn 0.4695 -0.4172 -0.7781
vn 0.4773 -0.3281 -0.8152
vn -0.0288 -0.3290 -0.9439
vn 0.4695 -0.4172 -0.7781
vn 0.8481 -0.2889 -0.4442
vn 0.8525 -0.2380 -0.4653
vn 0.4773 -0.3281 -0.8152
vn 0.8481 -0.2889 -0.4442
vn 0.9965 -0.0832 0.0083
vn 0.9964 -0.0841 0.0087
vn 0.8525 -0.2380 -0.4653
vn 0.9965 -0.0832 0.0083
vn 0.8779 0.1440 0.4567
vn 0.8733 0.0916 0.4784
vn 0.9964 -0.0841 0.0087
vn 0.8779 0.1440 0.4567
vn 0.5270 0.3321 0.7823
vn 0.5191 0.2425 0.8196
vn 0.8733 0.0916 0.4784
vn 0.5270 0.3321 0.7823
vn 0.0378 0.4322 0.9010
vn 0.0288 0.3290 0.9439
vn 0.5191 0.2425 0.8196
vn 0.0288 0.3290 0.9439
vn -0.4692 0.3289 0.8196
vn -0.4773 0.2357 0.8465
vn 0.0194 0.2217 0.9749
vn -0.4692 0.3289 0.8196
vn -0.8442 0.2419 0.4784
vn -0.8489 0.1875 0.4942
vn -0.4773 0.2357 0.8465
vn -0.8442 0.2419 0.4784
vn -0.9959 0.0902 0.0087
vn -0.9960 0.0892 0.0090
vn -0.8489 0.1875 0.4942
vn -0.9959 0.0902 0.0087
vn -0.8809 -0.0864 -0.4653
vn -0.8763 -0.0335 -0.4806
vn -0.9960 0.0892 0.0090
vn -0.8809 -0.0864 -0.4653
vn -0.5270 -0.2402 -0.8152
vn -0.5189 -0.1475 -0.8420
vn -0.8763 -0.0335 -0.4806
vn -0.5270 -0.2402 -0.8152
vn -0.0288 -0.3290 -0.9439
vn -0.0194 -0.2217 -0.9749
vn -0.5189 -0.1475 -0.8420
vn -0.0288 -0.3290 -0.9439
vn 0.4773 -0.3281 -0.8152
vn 0.4854 -0.2354 -0.8420
vn -0.0194 -0.2217 -0.9749
vn 0.4773 -0.3281 -0.8152
vn 0.8525 -0.2380 -0.4653
vn 0.8572 -0.1851 -0.4806
vn 0.4854 -0.2354 -0.8420
vn 0.8525 -0.2380 -0.4653
vn 0.9964 -0.0841 0.0087
vn 0.9963 -0.0851 0.0090
vn 0.8572 -0.1851 -0.4806
vn 0.9964 -0.0841 0.0087
vn 0.8733 0.0916 0.4784
vn 0.8686 0.0372 0.4942
vn 0.9963 -0.0851 0.0090
vn 0.8733 0.0916 0.4784
vn 0.5191 0.2425 0.8196
vn 0.5110 0.1492 0.8465
vn 0.8686 0.0372 0.4942
vn 0.5191 0.2425 0.8196
vn 0.0288 0.3290 0.9439
vn 0.0194 0.2217 0.9749
vn 0.5110 0.1492 0.8465
vn 0.0194 0.2217 0.9749
vn -0.4773 0.2357 0.8465
vn -0.4857 0.1401 0.8628
vn 0.0098 0.1115 0.9937
vn -0.4773 0.2357 0.8465
vn -0.8489 0.1875 0.4942
vn -0.8538 0.1317 0.5037
vn -0.4857 0.1401 0.8628
vn -0.8489 0.1875 0.4942
vn -0.9960 0.0892 0.0090
vn -0.9961 0.0882 0.0092
vn -0.8538 0.1317 0.5037
vn -0.9960 0.0892 0.0090
vn -0.8763 -0.0335 -0.4806
vn -0.8715 0.0208 -0.4899
vn -0.9961 0.0882 0.0092
vn -0.8763 -0.0335 -0.4806
vn -0.5189 -0.1475 -0.8420
vn -0.5106 -0.0524 -0.8582
vn -0.8715 0.0208 -0.4899
vn -0.5189 -0.1475 -0.8420
vn -0.0194 -0.2217 -0.9749
vn -0.0098 -0.1115 -0.9937
vn -0.5106 -0.0524 -0.8582
vn -0.0194 -0.2217 -0.9749
vn 0.4854 -0.2354 -0.8420
vn 0.4937 -0.1403 -0.8582
vn -0.0098 -0.1115 -0.9937
vn 0.4854 -0.2354 -0.8420
vn 0.8572 -0.1851 -0.4806
vn 0.8619 -0.1308 -0.4899
vn 0.4937 -0.1403 -0.8582
vn 0.8572 -0.1851 -0.4806
vn 0.9963 -0.0851 0.0090
vn 0.9962 -0.0861 0.0092
vn 0.8619 -0.1308 -0.4899
vn 0.9963 -0.0851 0.0090
vn 0.8686 0.0372 0.4942
vn 0.8637 -0.0186 0.5037
vn 0.9962 -0.0861 0.0092
vn 0.8686 0.0372 0.4942
vn 0.5110 0.1492 0.8465
vn 0.5026 0.0536 0.8628
vn 0.8637 -0.0186 0.5037
vn 0.5110 0.1492 0.8465
vn 0.0194 0.2217 0.9749
vn 0.0098 0.1115 0.9937
vn 0.5026 0.0536 0.8628
vn 0.0098 0.1115 0.9937
vn -0.4857 0.1401 0.8628
vn -0.4939 0.0675 0.8669
vn 0.0024 0.0278 0.9996
vn -0.4857 0.1401 0.8628
vn -0.8538 0.1317 0.5037
vn -0.8594 0.0893 0.5034
vn -0.4939 0.0675 0.8669
vn -0.8538 0.1317 0.5037
vn -0.9961 0.0882 0.0092
vn -0.9962 0.0873 0.0046
vn -0.8594 0.0893 0.5034
vn -0.9961 0.0882 0.0092
vn -0.8715 0.0208 -0.4899
vn -0.8659 0.0618 -0.4964
vn -0.9962 0.0873 0.0046
vn -0.8715 0.0208 -0.4899
vn -0.5106 -0.0524 -0.8582
vn -0.5021 0.0195 -0.8646
vn -0.8659 0.0618 -0.4964
vn -0.5106 -0.0524 -0.8582
vn -0.0098 -0.1115 -0.9937
vn -0.0025 -0.0281 -0.9996
vn -0.5021 0.0195 -0.8646
vn -0.0098 -0.1115 -0.9937
vn 0.4937 -0.1403 -0.8582
vn 0.4979 -0.0680 -0.8646
vn -0.0025 -0.0281 -0.9996
vn 0.4937 -0.1403 -0.8582
vn 0.8619 -0.1308 -0.4899
vn 0.8634 -0.0896 -0.4964
vn 0.4979 -0.0680 -0.8646
vn 0.8619 -0.1308 -0.4899
vn 0.9962 -0.0861 0.0092
vn 0.9962 -0.0870 0.0046
vn 0.8634 -0.0896 -0.4964
vn 0.9962 -0.0861 0.0092
vn 0.8637 -0.0186 0.5037
vn 0.8619 -0.0612 0.5034
vn 0.9962 -0.0870 0.0046
vn 0.8637 -0.0186 0.5037
vn 0.5026 0.0536 0.8628
vn 0.4981 -0.0192 0.8669
vn 0.8619 -0.0612 0.5034
vn 0.5026 0.0536 0.8628
vn 0.0098 0.1115 0.9937
vn 0.0024 0.0278 0.9996
vn 0.4981 -0.0192 0.8669
vn 0.0024 0.0278 -0.9996
vn -0.4939 0.0675 -0.8669
vn -0.4857 0.1401 -0.8628
vn 0.0098 0.1115 -0.9937
vn -0.4939 0.0675 -0.8669
vn -0.8594 0.0894 -0.5034
vn -0.8538 0.1317 -0.5037
vn -0.4857 0.1401 -0.8628
vn -0.8594 0.0894 -0.5034
vn -0.9962 0.0873 -0.0046
vn -0.9961 0.0882 -0.0092
vn -0.8538 0.1317 -0.5037
vn -0.9962 0.0873 -0.0046
vn -0.8659 0.0617 0.4964
vn -0.8715 0.0208 0.4899
vn -0.9961 0.0882 -0.0092
vn -0.8659 0.0617 0.4964
vn -0.5021 0.0195 0.8646
vn -0.5106 -0.0524 0.8582
vn -0.8715 0.0208 0.4899
vn -0.5021 0.0195 0.8646
vn -0.0025 -0.0281 0.9996
vn -0.0098 -0.1115 0.9937
vn -0.5106 -0.0524 0.8582
vn -0.0025 -0.0281 0.9996
vn 0.4979 -0.0680 0.8646
vn 0.4937 -0.1403 0.8582
vn -0.0098 -0.1115 0.9937
vn 0.4979 -0.0680 0.8646
vn 0.8634 -0.0895 0.4964
vn 0.8619 -0.1308 0.4899
vn 0.4937 -0.1403 0.8582
vn 0.8634 -0.0895 0.4964
vn 0.9962 -0.0870 -0.0046
vn 0.9962 -0.0861 -0.0092
vn 0.8619 -0.1308 0.4899
vn 0.9962 -0.0870 -0.0046
vn 0.8619 -0.0613 -0.5034
vn 0.8637 -0.0186 -0.5037
vn 0.9962 -0.0861 -0.0092
vn 0.8619 -0.0613 -0.5034
vn 0.4981 -0.0193 -0.8669
vn 0.5026 0.0536 -0.8628
vn 0.8637 -0.0186 -0.5037
vn 0.4981 -0.0193 -0.8669
vn 0.0024 0.0278 -0.9996
vn 0.0098 0.1115 -0.9937
vn 0.5026 0.0536 -0.8628
vn 0.0098 0.1115 -0.9937
vn -0.4857 0.1401 -0.8628
vn -0.4773 0.2357 -0.8465
vn 0.0194 0.2217 -0.9749
vn -0.4857 0.1401 -0.8628
vn -0.8538 0.1317 -0.5037
vn -0.8489 0.1875 -0.4942
vn -0.4773 0.2357 -0.8465
vn -0.8538 0.1317 -0.5037
vn -0.9961 0.0882 -0.0092
vn -0.9960 0.0892 -0.0090
vn -0.8489 0.1875 -0.4942
vn -0.9961 0.0882 -0.0092
vn -0.8715 0.0208 0.4899
vn -0.8763 -0.0335 0.4806
vn -0.9960 0.0892 -0.0090
vn -0.8715 0.0208 0.4899
vn -0.5106 -0.0524 0.8582
vn -0.5189 -0.1475 0.8420
vn -0.8763 -0.0335 0.4806
vn -0.5106 -0.0524 0.8582
vn -0.0098 -0.1115 0.9937
vn -0.0194 -0.2217 0.9749
vn -0.5189 -0.1475 0.8420
vn -0.0098 -0.1115 0.9937
vn 0.4937 -0.1403 0.8582
vn 0.4854 -0.2354 0.8420
vn -0.0194 -0.2217 0.9749
vn 0.4937 -0.1403 0.8582
vn 0.8619 -0.1308 0.4899
vn 0.8572 -0.1851 0.4806
vn 0.4854 -0.2354 0.8420
vn 0.8619 -0.1308 0.4899
vn 0.9962 -0.0861 -0.0092
vn 0.9963 -0.0851 -0.0090
vn 0.8572 -0.1851 0.4806
vn 0.9962 -0.0861 -0.0092
vn 0.8637 -0.0186 -0.5037
vn 0.8686 0.0372 -0.4942
vn 0.9963 -0.0851 -0.0090
vn 0.8637 -0.0186 -0.5037
vn 0.5026 0.0536 -0.8628
vn 0.5110 0.1492 -0.8465
vn 0.8686 0.0372 -0.4942
vn 0.5026 0.0536 -0.8628
vn 0.0098 0.1115 -0.9937
vn 0.0194 0.2217 -0.9749
vn 0.5110 0.1492 -0.8465
vn 0.0194 0.2217 -0.9749
vn -0.4773 0.2357 -0.8465
vn -0.4692 0.3289 -0.8196
vn 0.0288 0.3290 -0.9439
vn -0.4773 0.2357 -0.8465
vn -0.8489 0.1875 -0.4942
vn -0.8442 0.2419 -0.4784
vn -0.4692 0.3289 -0.8196
vn -0.8489 0.1875 -0.4942
vn -0.9960 0.0892 -0.0090
vn -0.9959 0.0902 -0.0087
vn -0.8442 0.2419 -0.4784
vn -0.9960 0.0892 -0.0090
vn -0.8763 -0.0335 0.4806
vn -0.8809 -0.0864 0.4653
vn -0.9959 0.0902 -0.0087
vn -0.8763 -0.0335 0.4806
vn -0.5189 -0.1475 0.8420
vn -0.5270 -0.2402 0.8152
vn -0.8809 -0.0864 0.4653
vn -0.5189 -0.1475 0.8420
vn -0.0194 -0.2217 0.9749
vn -0.0288 -0.3290 0.9439
vn -0.5270 -0.2402 0.8152
vn -0.0194 -0.2217 0.9749
vn 0.4854 -0.2354 0.8420
vn 0.4773 -0.3281 0.8152
vn -0.0288 -0.3290 0.9439
vn 0.4854 -0.2354 0.8420
vn 0.8572 -0.1851 0.4806
vn 0.8525 -0.2380 0.4653
vn 0.4773 -0.3281 0.8152
vn 0.8572 -0.1851 0.4806
vn 0.9963 -0.0851 -0.0090
vn 0.9964 -0.0841 -0.0087
vn 0.8525 -0.2380 0.4653
vn 0.9963 -0.0851 -0.0090
vn 0.8686 0.0372 -0.4942
vn 0.8733 0.0916 -0.4784
vn 0.9964 -0.0841 -0.0087
vn 0.8686 0.0372 -0.4942
vn 0.5110 0.1492 -0.8465
vn 0.5191 0.2425 -0.8196
vn 0.8733 0.0916 -0.4784
vn 0.5110 0.1492 -0.8465
vn 0.0194 0.2217 -0.9749
vn 0.0288 0.3290 -0.9439
vn 0.5191 0.2425 -0.8196
vn 0.0288 0.3290 -0.9439
vn -0.4692 0.3289 -0.8196
vn -0.4613 0.4185 -0.7823
vn 0.0378 0.4322 -0.9010
vn -0.4692 0.3289 -0.8196
vn -0.8442 0.2419 -0.4784
vn -0.8396 0.2942 -0.4567
vn -0.4613 0.4185 -0.7823
vn -0.8442 0.2419 -0.4784
vn -0.9959 0.0902 -0.0087
vn -0.9958 0.0911 -0.0083
vn -0.8396 0.2942 -0.4567
vn -0.9959 0.0902 -0.0087
vn -0.8809 -0.0864 0.4653
vn -0.8854 -0.1373 0.4442
vn -0.9958 0.0911 -0.0083
vn -0.8809 -0.0864 0.4653
vn -0.5270 -0.2402 0.8152
vn -0.5348 -0.3294 0.7781
vn -0.8854 -0.1373 0.4442
vn -0.5270 -0.2402 0.8152
vn -0.0288 -0.3290 0.9439
vn -0.0378 -0.4322 0.9010
vn -0.5348 -0.3294 0.7781
vn -0.0288 -0.3290 0.9439
vn 0.4773 -0.3281 0.8152
vn 0.4695 -0.4172 0.7781
vn -0.0378 -0.4322 0.9010
vn 0.4773 -0.3281 0.8152
vn 0.8525 -0.2380 0.4653
vn 0.8481 -0.2889 0.4442
vn 0.4695 -0.4172 0.7781
vn 0.8525 -0.2380 0.4653
vn 0.9964 -0.0841 -0.0087
vn 0.9965 -0.0832 -0.0083
vn 0.8481 -0.2889 0.4442
vn 0.9964 -0.0841 -0.0087
vn 0.8733 0.0916 -0.4784
vn 0.8779 0.1440 -0.4567
vn 0.9965 -0.0832 -0.0083
vn 0.8733 0.0916 -0.4784
vn 0.5191 0.2425 -0.8196
vn 0.5270 0.3321 -0.7823
vn 0.8779 0.1440 -0.4567
vn 0.5191 0.2425 -0.8196
vn 0.0288 0.3290 -0.9439
vn 0.0378 0.4322 -0.9010
vn 0.5270 0.3321 -0.7823
vn 0.0378 0.4322 -0.9010
vn -0.4613 0.4185 -0.7823
vn -0.4539 0.5034 -0.7352
vn 0.0464 0.5300 -0.8467
vn -0.4613 0.4185 -0.7823
vn -0.8396 0.2942 -0.4567
vn -0.8352 0.3438 -0.4292
vn -0.4539 0.5034 -0.7352
vn -0.8396 0.2942 -0.4567
vn -0.9958 0.0911 -0.0083
vn -0.9957 0.0921 -0.0078
vn -0.8352 0.3438 -0.4292
vn -0.9958 0.0911 -0.0083
vn -0.8854 -0.1373 0.4442
vn -0.8896 -0.1855 0.4174
vn -0.9957 0.0921 -0.0078
vn -0.8854 -0.1373 0.4442
vn -0.5348 -0.3294 0.7781
vn -0.5422 -0.4138 0.7313
vn -0.8896 -0.1855 0.4174
vn -0.5348 -0.3294 0.7781
vn -0.0378 -0.4322 0.9010
vn -0.0464 -0.5300 0.8467
vn -0.5422 -0.4138 0.7313
vn -0.0378 -0.4322 0.9010
vn 0.4695 -0.4172 0.7781
vn 0.4621 -0.5017 0.7313
vn -0.0464 -0.5300 0.8467
vn 0.4695 -0.4172 0.7781
vn 0.8481 -0.2889 0.4442
vn 0.8439 -0.3371 0.4174
vn 0.4621 -0.5017 0.7313
vn 0.8481 -0.2889 0.4442
vn 0.9965 -0.0832 -0.0083
vn 0.9966 -0.0823 -0.0078
vn 0.8439 -0.3371 0.4174
vn 0.9965 -0.0832 -0.0083
vn 0.8779 0.1440 -0.4567
vn 0.8822 0.1935 -0.4292
vn 0.9966 -0.0823 -0.0078
vn 0.8779 0.1440 -0.4567
vn 0.5270 0.3321 -0.7823
vn 0.5344 0.4170 -0.7352
vn 0.8822 0.1935 -0.4292
vn 0.5270 0.3321 -0.7823
vn 0.0378 0.4322 -0.9010
vn 0.0464 0.5300 -0.8467
vn 0.5344 0.4170 -0.7352
vn 0.0464 0.5300 -0.8467
vn -0.4539 0.5034 -0.7352
vn -0.4470 0.5825 -0.6789
vn 0.0543 0.6211 -0.7818
vn -0.4539 0.5034 -0.7352
vn -0.8352 0.3438 -0.4292
vn -0.8312 0.3900 -0.3963
vn -0.4470 0.5825 -0.6789
vn -0.8352 0.3438 -0.4292
vn -0.9957 0.0921 -0.0078
vn -0.9956 0.0929 -0.0072
vn -0.8312 0.3900 -0.3963
vn -0.9957 0.0921 -0.0078
vn -0.8896 -0.1855 0.4174
vn -0.8935 -0.2304 0.3854
vn -0.9956 0.0929 -0.0072
vn -0.8896 -0.1855 0.4174
vn -0.5422 -0.4138 0.7313
vn -0.5491 -0.4925 0.6752
vn -0.8935 -0.2304 0.3854
vn -0.5422 -0.4138 0.7313
vn -0.0464 -0.5300 0.8467
vn -0.0543 -0.6211 0.7818
vn -0.5491 -0.4925 0.6752
vn -0.0464 -0.5300 0.8467
vn 0.4621 -0.5017 0.7313
vn 0.4552 -0.5804 0.6752
vn -0.0543 -0.6211 0.7818
vn 0.4621 -0.5017 0.7313
vn 0.8439 -0.3371 0.4174
vn 0.8399 -0.3820 0.3854
vn 0.4552 -0.5804 0.6752
vn 0.8439 -0.3371 0.4174
vn 0.9966 -0.0823 -0.0078
vn 0.9967 -0.0814 -0.0072
vn 0.8399 -0.3820 0.3854
vn 0.9966 -0.0823 -0.0078
vn 0.8822 0.1935 -0.4292
vn 0.8863 0.2397 -0.3963
vn 0.9967 -0.0814 -0.0072
vn 0.8822 0.1935 -0.4292
vn 0.5344 0.4170 -0.7352
vn 0.5413 0.4961 -0.6789
vn 0.8863 0.2397 -0.3963
vn 0.5344 0.4170 -0.7352
vn 0.0464 0.5300 -0.8467
vn 0.0543 0.6211 -0.7818
vn 0.5413 0.4961 -0.6789
vn 0.0543 0.6211 -0.7818
vn -0.4470 0.5825 -0.6789
vn -0.4406 0.6549 -0.6140
vn 0.0616 0.7044 -0.7071
vn -0.4470 0.5825 -0.6789
vn -0.8312 0.3900 -0.3963
vn -0.8275 0.4322 -0.3584
vn -0.4406 0.6549 -0.6140
vn -0.8312 0.3900 -0.3963
vn -0.9956 0.0929 -0.0072
vn -0.9956 0.0937 -0.0065
vn -0.8275 0.4322 -0.3584
vn -0.9956 0.0929 -0.0072
vn -0.8935 -0.2304 0.3854
vn -0.8971 -0.2715 0.3486
vn -0.9956 0.0937 -0.0065
vn -0.8935 -0.2304 0.3854
vn -0.5491 -0.4925 0.6752
vn -0.5554 -0.5645 0.6107
vn -0.8971 -0.2715 0.3486
vn -0.5491 -0.4925 0.6752
vn -0.0543 -0.6211 0.7818
vn -0.0616 -0.7044 0.7071
vn -0.5554 -0.5645 0.6107
vn -0.0543 -0.6211 0.7818
vn 0.4552 -0.5804 0.6752
vn 0.4489 -0.6523 0.6107
vn -0.0616 -0.7044 0.7071
vn 0.4552 -0.5804 0.6752
vn 0.8399 -0.3820 0.3854
vn 0.8363 -0.4231 0.3486
vn 0.4489 -0.6523 0.6107
vn 0.8399 -0.3820 0.3854
vn 0.9967 -0.0814 -0.0072
vn 0.9967 -0.0806 -0.0065
vn 0.8363 -0.4231 0.3486
vn 0.9967 -0.0814 -0.0072
vn 0.8863 0.2397 -0.3963
vn 0.8900 0.2819 -0.3584
vn 0.9967 -0.0806 -0.0065
vn 0.8863 0.2397 -0.3963
vn 0.5413 0.4961 -0.6789
vn 0.5477 0.5684 -0.6140
vn 0.8900 0.2819 -0.3584
vn 0.5413 0.4961 -0.6789
vn 0.0543 0.6211 -0.7818
vn 0.0616 0.7044 -0.7071
vn 0.5477 0.5684 -0.6140
vn 0.0616 0.7044 -0.7071
vn -0.4406 0.6549 -0.6140
vn -0.4350 0.7195 -0.5414
vn 0.0681 0.7789 -0.6235
vn -0.4406 0.6549 -0.6140
vn -0.8275 0.4322 -0.3584
vn -0.8242 0.4699 -0.3160
vn -0.4350 0.7195 -0.5414
vn -0.8275 0.4322 -0.3584
vn -0.9956 0.0937 -0.0065
vn -0.9955 0.0944 -0.0058
vn -0.8242 0.4699 -0.3160
vn -0.9956 0.0937 -0.0065
vn -0.8971 -0.2715 0.3486
vn -0.9003 -0.3082 0.3074
vn -0.9955 0.0944 -0.0058
vn -0.8971 -0.2715 0.3486
vn -0.5554 -0.5645 0.6107
vn -0.5610 -0.6288 0.5385
vn -0.9003 -0.3082 0.3074
vn -0.5554 -0.5645 0.6107
vn -0.0616 -0.7044 0.7071
vn -0.0681 -0.7789 0.6235
vn -0.5610 -0.6288 0.5385
vn -0.0616 -0.7044 0.7071
vn 0.4489 -0.6523 0.6107
vn 0.4433 -0.7166 0.5385
vn -0.0681 -0.7789 0.6235
vn 0.4489 -0.6523 0.6107
vn 0.8363 -0.4231 0.3486
vn 0.8331 -0.4598 0.3074
vn 0.4433 -0.7166 0.5385
vn 0.8363 -0.4231 0.3486
vn 0.9967 -0.0806 -0.0065
vn 0.9968 -0.0800 -0.0058
vn 0.8331 -0.4598 0.3074
vn 0.9967 -0.0806 -0.0065
vn 0.8900 0.2819 -0.3584
vn 0.8933 0.3196 -0.3160
vn 0.9968 -0.0800 -0.0058
vn 0.8900 0.2819 -0.3584
vn 0.5477 0.5684 -0.6140
vn 0.5533 0.6330 -0.5414
vn 0.8933 0.3196 -0.3160
vn 0.5477 0.5684 -0.6140
vn 0.0616 0.7044 -0.7071
vn 0.0681 0.7789 -0.6235
vn 0.5533 0.6330 -0.5414
vn 0.0681 0.7789 -0.6235
vn -0.4350 0.7195 -0.5414
vn -0.4301 0.7756 -0.4620
vn 0.0738 0.8435 -0.5320
vn -0.4350 0.7195 -0.5414
vn -0.8242 0.4699 -0.3160
vn -0.8213 0.5027 -0.2697
vn -0.4301 0.7756 -0.4620
vn -0.8242 0.4699 -0.3160
vn -0.9955 0.0944 -0.0058
vn -0.9955 0.0949 -0.0049
vn -0.8213 0.5027 -0.2697
vn -0.9955 0.0944 -0.0058
vn -0.9003 -0.3082 0.3074
vn -0.9031 -0.3400 0.2623
vn -0.9955 0.0949 -0.0049
vn -0.9003 -0.3082 0.3074
vn -0.5610 -0.6288 0.5385
vn -0.5659 -0.6846 0.4595
vn -0.9031 -0.3400 0.2623
vn -0.5610 -0.6288 0.5385
vn -0.0681 -0.7789 0.6235
vn -0.0738 -0.8435 0.5320
vn -0.5659 -0.6846 0.4595
vn -0.0681 -0.7789 0.6235
vn 0.4433 -0.7166 0.5385
vn 0.4384 -0.7724 0.4595
vn -0.0738 -0.8435 0.5320
vn 0.4433 -0.7166 0.5385
vn 0.8331 -0.4598 0.3074
vn 0.8303 -0.4917 0.2623
vn 0.4384 -0.7724 0.4595
vn 0.8331 -0.4598 0.3074
vn 0.9968 -0.0800 -0.0058
vn 0.9968 -0.0794 -0.0049
vn 0.8303 -0.4917 0.2623
vn 0.9968 -0.0800 -0.0058
vn 0.8933 0.3196 -0.3160
vn 0.8961 0.3524 -0.2697
vn 0.9968 -0.0794 -0.0049
vn 0.8933 0.3196 -0.3160
vn 0.5533 0.6330 -0.5414
vn 0.5582 0.6892 -0.4620
vn 0.8961 0.3524 -0.2697
vn 0.5533 0.6330 -0.5414
vn 0.0681 0.7789 -0.6235
vn 0.0738 0.8435 -0.5320
vn 0.5582 0.6892 -0.4620
vn 0.0738 0.8435 -0.5320
vn -0.4301 0.7756 -0.4620
vn -0.4260 0.8226 -0.3767
vn 0.0785 0.8975 -0.4339
vn -0.4301 0.7756 -0.4620
vn -0.8213 0.5027 -0.2697
vn -0.8189 0.5301 -0.2199
vn -0.4260 0.8226 -0.3767
vn -0.8213 0.5027 -0.2697
vn -0.9955 0.0949 -0.0049
vn -0.9954 0.0954 -0.0040
vn -0.8189 0.5301 -0.2199
vn -0.9955 0.0949 -0.0049
vn -0.9031 -0.3400 0.2623
vn -0.9054 -0.3667 0.2139
vn -0.9954 0.0954 -0.0040
vn -0.9031 -0.3400 0.2623
vn -0.5659 -0.6846 0.4595
vn -0.5699 -0.7313 0.3747
vn -0.9054 -0.3667 0.2139
vn -0.5659 -0.6846 0.4595
vn -0.0738 -0.8435 0.5320
vn -0.0785 -0.8975 0.4339
vn -0.5699 -0.7313 0.3747
vn -0.0738 -0.8435 0.5320
vn 0.4384 -0.7724 0.4595
vn 0.4343 -0.8191 0.3747
vn -0.0785 -0.8975 0.4339
vn 0.4384 -0.7724 0.4595
vn 0.8303 -0.4917 0.2623
vn 0.8280 -0.5183 0.2139
vn 0.4343 -0.8191 0.3747
vn 0.8303 -0.4917 0.2623
vn 0.9968 -0.0794 -0.0049
vn 0.9969 -0.0789 -0.0040
vn 0.8280 -0.5183 0.2139
vn 0.9968 -0.0794 -0.0049
vn 0.8961 0.3524 -0.2697
vn 0.8985 0.3798 -0.2199
vn 0.9969 -0.0789 -0.0040
vn 0.8961 0.3524 -0.2697
vn 0.5582 0.6892 -0.4620
vn 0.5623 0.7361 -0.3767
vn 0.8985 0.3798 -0.2199
vn 0.5582 0.6892 -0.4620
vn 0.0738 0.8435 -0.5320
vn 0.0785 0.8975 -0.4339
vn 0.5623 0.7361 -0.3767
vn 0.0785 0.8975 -0.4339
vn -0.4260 0.8226 -0.3767
vn -0.4227 0.8597 -0.2868
vn 0.0823 0.9403 -0.3303
vn -0.4260 0.8226 -0.3767
vn -0.8189 0.5301 -0.2199
vn -0.8170 0.5517 -0.1674
vn -0.4227 0.8597 -0.2868
vn -0.8189 0.5301 -0.2199
vn -0.9954 0.0954 -0.0040
vn -0.9954 0.0958 -0.0031
vn -0.8170 0.5517 -0.1674
vn -0.9954 0.0954 -0.0040
vn -0.9054 -0.3667 0.2139
vn -0.9073 -0.3877 0.1628
vn -0.9954 0.0958 -0.0031
vn -0.9054 -0.3667 0.2139
vn -0.5699 -0.7313 0.3747
vn -0.5732 -0.7682 0.2853
vn -0.9073 -0.3877 0.1628
vn -0.5699 -0.7313 0.3747
vn -0.0785 -0.8975 0.4339
vn -0.0823 -0.9403 0.3303
vn -0.5732 -0.7682 0.2853
vn -0.0785 -0.8975 0.4339
vn 0.4343 -0.8191 0.3747
vn 0.4311 -0.8560 0.2853
vn -0.0823 -0.9403 0.3303
vn 0.4343 -0.8191 0.3747
vn 0.8280 -0.5183 0.2139
vn 0.8262 -0.5394 0.1628
vn 0.4311 -0.8560 0.2853
vn 0.8280 -0.5183 0.2139
vn 0.9969 -0.0789 -0.0040
vn 0.9969 -0.0785 -0.0031
vn 0.8262 -0.5394 0.1628
vn 0.9969 -0.0789 -0.0040
vn 0.8985 0.3798 -0.2199
vn 0.9004 0.4015 -0.1674
vn 0.9969 -0.0785 -0.0031
vn 0.8985 0.3798 -0.2199
vn 0.5623 0.7361 -0.3767
vn 0.5656 0.7732 -0.2868
vn 0.9004 0.4015 -0.1674
vn 0.5623 0.7361 -0.3767
vn 0.0785 0.8975 -0.4339
vn 0.0823 0.9403 -0.3303
vn 0.5656 0.7732 -0.2868
vn 0.0823 0.9403 -0.3303
vn -0.4227 0.8597 -0.2868
vn -0.4204 0.8865 -0.1932
vn 0.0850 0.9712 -0.2225
vn -0.4227 0.8597 -0.2868
vn -0.8170 0.5517 -0.1674
vn -0.8157 0.5674 -0.1128
vn -0.4204 0.8865 -0.1932
vn -0.8170 0.5517 -0.1674
vn -0.9954 0.0958 -0.0031
vn -0.9954 0.0961 -0.0021
vn -0.8157 0.5674 -0.1128
vn -0.9954 0.0958 -0.0031
vn -0.9073 -0.3877 0.1628
vn -0.9086 -0.4030 0.1097
vn -0.9954 0.0961 -0.0021
vn -0.9073 -0.3877 0.1628
vn -0.5732 -0.7682 0.2853
vn -0.5755 -0.7949 0.1922
vn -0.9086 -0.4030 0.1097
vn -0.5732 -0.7682 0.2853
vn -0.0823 -0.9403 0.3303
vn -0.0850 -0.9712 0.2225
vn -0.5755 -0.7949 0.1922
vn -0.0823 -0.9403 0.3303
vn 0.4311 -0.8560 0.2853
vn 0.4287 -0.8828 0.1922
vn -0.0850 -0.9712 0.2225
vn 0.4311 -0.8560 0.2853
vn 0.8262 -0.5394 0.1628
vn 0.8248 -0.5546 0.1097
vn 0.4287 -0.8828 0.1922
vn 0.8262 -0.5394 0.1628
vn 0.9969 -0.0785 -0.0031
vn 0.9969 -0.0782 -0.0021
vn 0.8248 -0.5546 0.1097
vn 0.9969 -0.0785 -0.0031
vn 0.9004 0.4015 -0.1674
vn 0.9018 0.4172 -0.1128
vn 0.9969 -0.0782 -0.0021
vn 0.9004 0.4015 -0.1674
vn 0.5656 0.7732 -0.2868
vn 0.5679 0.8001 -0.1932
vn 0.9018 0.4172 -0.1128
vn 0.5656 0.7732 -0.2868
vn 0.0823 0.9403 -0.3303
vn 0.0850 0.9712 -0.2225
vn 0.5679 0.8001 -0.1932
vn 0.0850 0.9712 -0.2225
vn -0.4204 0.8865 -0.1932
vn -0.4190 0.9028 -0.0972
vn 0.0866 0.9899 -0.1120
vn -0.4204 0.8865 -0.1932
vn -0.8157 0.5674 -0.1128
vn -0.8148 0.5769 -0.0568
vn -0.4190 0.9028 -0.0972
vn -0.8157 0.5674 -0.1128
vn -0.9954 0.0961 -0.0021
vn -0.9954 0.0963 -0.0010
vn -0.8148 0.5769 -0.0568
vn -0.9954 0.0961 -0.0021
vn -0.9086 -0.4030 0.1097
vn -0.9094 -0.4122 0.0552
vn -0.9954 0.0963 -0.0010
vn -0.9086 -0.4030 0.1097
vn -0.5755 -0.7949 0.1922
vn -0.5769 -0.8111 0.0967
vn -0.9094 -0.4122 0.0552
vn -0.5755 -0.7949 0.1922
vn -0.0850 -0.9712 0.2225
vn -0.0866 -0.9899 0.1120
vn -0.5769 -0.8111 0.0967
vn -0.0850 -0.9712 0.2225
vn 0.4287 -0.8828 0.1922
vn 0.4273 -0.8989 0.0967
vn -0.0866 -0.9899 0.1120
vn 0.4287 -0.8828 0.1922
vn 0.8248 -0.5546 0.1097
vn 0.8240 -0.5639 0.0552
vn 0.4273 -0.8989 0.0967
vn 0.8248 -0.5546 0.1097
vn 0.9969 -0.0782 -0.0021
vn 0.9970 -0.0780 -0.0010
vn 0.8240 -0.5639 0.0552
vn 0.9969 -0.0782 -0.0021
vn 0.9018 0.4172 -0.1128
vn 0.9026 0.4266 -0.0568
vn 0.9970 -0.0780 -0.0010
vn 0.9018 0.4172 -0.1128
vn 0.5679 0.8001 -0.1932
vn 0.5694 0.8163 -0.0972
vn 0.9026 0.4266 -0.0568
vn 0.5679 0.8001 -0.1932
vn 0.0850 0.9712 -0.2225
vn 0.0866 0.9899 -0.1120
vn 0.5694 0.8163 -0.0972
vn 0.0866 0.9899 -0.1120
vn -0.4190 0.9028 -0.0972
vn -0.4185 0.9082 0.0000
vn 0.0872 0.9962 0.0000
vn -0.4190 0.9028 -0.0972
vn -0.8148 0.5769 -0.0568
vn -0.8146 0.5801 0.0000
vn -0.4185 0.9082 0.0000
vn -0.8148 0.5769 -0.0568
vn -0.9954 0.0963 -0.0010
vn -0.9953 0.0964 -0.0000
vn -0.8146 0.5801 0.0000
vn -0.9954 0.0963 -0.0010
vn -0.9094 -0.4122 0.0552
vn -0.9097 -0.4153 -0.0000
vn -0.9953 0.0964 -0.0000
vn -0.9094 -0.4122 0.0552
vn -0.5769 -0.8111 0.0967
vn -0.5774 -0.8165 -0.0000
vn -0.9097 -0.4153 -0.0000
vn -0.5769 -0.8111 0.0967
vn -0.0866 -0.9899 0.1120
vn -0.0872 -0.9962 -0.0000
vn -0.5774 -0.8165 -0.0000
vn -0.0866 -0.9899 0.1120
vn 0.4273 -0.8989 0.0967
vn 0.4269 -0.9043 -0.0000
vn -0.0872 -0.9962 -0.0000
vn 0.4273 -0.8989 0.0967
vn 0.8240 -0.5639 0.0552
vn 0.8237 -0.5670 0.0000
vn 0.4269 -0.9043 -0.0000
vn 0.8240 -0.5639 0.0552
vn 0.9970 -0.0780 -0.0010
vn 0.9970 -0.0779 0.0000
vn 0.8237 -0.5670 0.0000
vn 0.9970 -0.0780 -0.0010
vn 0.9026 0.4266 -0.0568
vn 0.9029 0.4298 -0.0000
vn 0.9970 -0.0779 0.0000
vn 0.9026 0.4266 -0.0568
vn 0.5694 0.8163 -0.0972
vn 0.5698 0.8218 0.0000
vn 0.9029 0.4298 -0.0000
vn 0.5694 0.8163 -0.0972
vn 0.0866 0.9899 -0.1120
vn 0.0872 0.9962 0.0000
vn 0.5698 0.8218 0.0000
vn -0.0872 0.9962 0.0000
vn -0.5698 0.8218 0.0000
vn -0.5694 0.8163 0.0972
vn -0.0866 0.9899 0.1120
vn -0.5698 0.8218 0.0000
vn -0.9029 0.4298 0.0000
vn -0.9026 0.4266 0.0568
vn -0.5694 0.8163 0.0972
vn -0.9029 0.4298 0.0000
vn -0.9970 -0.0779 -0.0000
vn -0.9970 -0.0780 0.0010
vn -0.9026 0.4266 0.0568
vn -0.9970 -0.0779 -0.0000
vn -0.8237 -0.5670 -0.0000
vn -0.8240 -0.5639 -0.0552
vn -0.9970 -0.0780 0.0010
vn -0.8237 -0.5670 -0.0000
vn -0.4268 -0.9043 -0.0000
vn -0.4273 -0.8989 -0.0967
vn -0.8240 -0.5639 -0.0552
vn -0.4268 -0.9043 -0.0000
vn 0.0872 -0.9962 -0.0000
vn 0.0866 -0.9899 -0.1120
vn -0.4273 -0.8989 -0.0967
vn 0.0872 -0.9962 -0.0000
vn 0.5774 -0.8165 -0.0000
vn 0.5769 -0.8111 -0.0967
vn 0.0866 -0.9899 -0.1120
vn 0.5774 -0.8165 -0.0000
vn 0.9097 -0.4153 0.0000
vn 0.9094 -0.4122 -0.0552
vn 0.5769 -0.8111 -0.0967
vn 0.9097 -0.4153 0.0000
vn 0.9953 0.0964 0.0000
vn 0.9954 0.0963 0.0010
vn 0.9094 -0.4122 -0.0552
vn 0.9953 0.0964 0.0000
vn 0.8146 0.5801 0.0000
vn 0.8148 0.5769 0.0568
vn 0.9954 0.0963 0.0010
vn 0.8146 0.5801 0.0000
vn 0.4185 0.9082 0.0000
vn 0.4190 0.9028 0.0972
vn 0.8148 0.5769 0.0568
vn 0.4185 0.9082 0.0000
vn -0.0872 0.9962 0.0000
vn -0.0866 0.9899 0.1120
vn 0.4190 0.9028 0.0972
vn -0.0866 0.9899 0.1120
vn -0.5694 0.8163 0.0972
vn -0.5679 0.8001 0.1932
vn -0.0850 0.9712 0.2225
vn -0.5694 0.8163 0.0972
vn -0.9026 0.4266 0.0568
vn -0.9018 0.4172 0.1128
vn -0.5679 0.8001 0.1932
vn -0.9026 0.4266 0.0568
vn -0.9970 -0.0780 0.0010
vn -0.9969 -0.0782 0.0021
vn -0.9018 0.4172 0.1128
vn -0.9970 -0.0780 0.0010
vn -0.8240 -0.5639 -0.0552
vn -0.8248 -0.5546 -0.1097
vn -0.9969 -0.0782 0.0021
vn -0.8240 -0.5639 -0.0552
vn -0.4273 -0.8989 -0.0967
vn -0.4287 -0.8828 -0.1922
vn -0.8248 -0.5546 -0.1097
vn -0.4273 -0.8989 -0.0967
vn 0.0866 -0.9899 -0.1120
vn 0.0850 -0.9712 -0.2225
vn -0.4287 -0.8828 -0.1922
vn 0.0866 -0.9899 -0.1120
vn 0.5769 -0.8111 -0.0967
vn 0.5755 -0.7949 -0.1922
vn 0.0850 -0.9712 -0.2225
vn 0.5769 -0.8111 -0.0967
vn 0.9094 -0.4122 -0.0552
vn 0.9086 -0.4030 -0.1097
vn 0.5755 -0.7949 -0.1922
vn 0.9094 -0.4122 -0.0552
vn 0.9954 0.0963 0.0010
vn 0.9954 0.0961 0.0021
vn 0.9086 -0.4030 -0.1097
vn 0.9954 0.0963 0.0010
vn 0.8148 0.5769 0.0568
vn 0.8157 0.5674 0.1128
vn 0.9954 0.0961 0.0021
vn 0.8148 0.5769 0.0568
vn 0.4190 0.9028 0.0972
vn 0.4204 0.8865 0.1932
vn 0.8157 0.5674 0.1128
vn 0.4190 0.9028 0.0972
vn -0.0866 0.9899 0.1120
vn -0.0850 0.9712 0.2225
vn 0.4204 0.8865 0.1932
vn -0.0850 0.9712 0.2225
vn -0.5679 0.8001 0.1932
vn -0.5656 0.7732 0.2868
vn -0.0823 0.9403 0.3303
vn -0.5679 0.8001 0.1932
vn -0.9018 0.4172 0.1128
vn -0.9004 0.4015 0.1674
vn -0.5656 0.7732 0.2868
vn -0.9018 0.4172 0.1128
vn -0.9969 -0.0782 0.0021
vn -0.9969 -0.0785 0.0031
vn -0.9004 0.4015 0.1674
vn -0.9969 -0.0782 0.0021
vn -0.8248 -0.5546 -0.1097
vn -0.8262 -0.5394 -0.1628
vn -0.9969 -0.0785 0.0031
vn -0.8248 -0.5546 -0.1097
vn -0.4287 -0.8828 -0.1922
vn -0.4311 -0.8560 -0.2853
vn -0.8262 -0.5394 -0.1628
vn -0.4287 -0.8828 -0.1922
vn 0.0850 -0.9712 -0.2225
vn 0.0823 -0.9403 -0.3303
vn -0.4311 -0.8560 -0.2853
vn 0.0850 -0.9712 -0.2225
vn 0.5755 -0.7949 -0.1922
vn 0.5732 -0.7682 -0.2853
vn 0.0823 -0.9403 -0.3303
vn 0.5755 -0.7949 -0.1922
vn 0.9086 -0.4030 -0.1097
vn 0.9073 -0.3877 -0.1628
vn 0.5732 -0.7682 -0.2853
vn 0.9086 -0.4030 -0.1097
vn 0.9954 0.0961 0.0021
vn 0.9954 0.0958 0.0031
vn 0.9073 -0.3877 -0.1628
vn 0.9954 0.0961 0.0021
vn 0.8157 0.5674 0.1128
vn 0.8170 0.5517 0.1674
vn 0.9954 0.0958 0.0031
vn 0.8157 0.5674 0.1128
vn 0.4204 0.8865 0.1932
vn 0.4227 0.8597 0.2868
vn 0.8170 0.5517 0.1674
vn 0.4204 0.8865 0.1932
vn -0.0850 0.9712 0.2225
vn -0.0823 0.9403 0.3303
vn 0.4227 0.8597 0.2868
vn -0.0823 0.9403 0.3303
vn -0.5656 0.7732 0.2868
vn -0.5623 0.7361 0.3767
vn -0.0785 0.8975 0.4339
vn -0.5656 0.7732 0.2868
vn -0.9004 0.4015 0.1674
vn -0.8985 0.3798 0.2199
vn -0.5623 0.7361 0.3767
vn -0.9004 0.4015 0.1674
vn -0.9969 -0.0785 0.0031
vn -0.9969 -0.0789 0.0040
vn -0.8985 0.3798 0.2199
vn -0.9969 -0.0785 0.0031
vn -0.8262 -0.5394 -0.1628
vn -0.8280 -0.5183 -0.2139
vn -0.9969 -0.0789 0.0040
vn -0.8262 -0.5394 -0.1628
vn -0.4311 -0.8560 -0.2853
vn -0.4343 -0.8191 -0.3747
vn -0.8280 -0.5183 -0.2139
vn -0.4311 -0.8560 -0.2853
vn 0.0823 -0.9403 -0.3303
vn 0.0785 -0.8975 -0.4339
vn -0.4343 -0.8191 -0.3747
vn 0.0823 -0.9403 -0.3303
vn 0.5732 -0.7682 -0.2853
vn 0.5699 -0.7313 -0.3747
vn 0.0785 -0.8975 -0.4339
vn 0.5732 -0.7682 -0.2853
vn 0.9073 -0.3877 -0.1628
vn 0.9054 -0.3667 -0.2139
vn 0.5699 -0.7313 -0.3747
vn 0.9073 -0.3877 -0.1628
vn 0.9954 0.0958 0.0031
vn 0.9954 0.0954 0.0040
vn 0.9054 -0.3667 -0.2139
vn 0.9954 0.0958 0.0031
vn 0.8170 0.5517 0.1674
vn 0.8189 0.5301 0.2199
vn 0.9954 0.0954 0.0040
vn 0.8170 0.5517 0.1674
vn 0.4227 0.8597 0.2868
vn 0.4260 0.8226 0.3767
vn 0.8189 0.5301 0.2199
vn 0.4227 0.8597 0.2868
vn -0.0823 0.9403 0.3303
vn -0.0785 0.8975 0.4339
vn 0.4260 0.8226 0.3767
vn -0.0785 0.8975 0.4339
vn -0.5623 0.7361 0.3767
vn -0.5582 0.6892 0.4620
vn -0.0738 0.8435 0.5320
vn -0.5623 0.7361 0.3767
vn -0.8985 0.3798 0.2199
vn -0.8961 0.3524 0.2697
vn -0.5582 0.6892 0.4620
vn -0.8985 0.3798 0.2199
vn -0.9969 -0.0789 0.0040
vn -0.9968 -0.0794 0.0049
vn -0.8961 0.3524 0.2697
vn -0.9969 -0.0789 0.0040
vn -0.8280 -0.5183 -0.2139
vn -0.8303 -0.4917 -0.2623
vn -0.9968 -0.0794 0.0049
vn -0.8280 -0.5183 -0.2139
vn -0.4343 -0.8191 -0.3747
vn -0.4384 -0.7724 -0.4595
vn -0.8303 -0.4917 -0.2623
vn -0.4343 -0.8191 -0.3747
vn 0.0785 -0.8975 -0.4339
vn 0.0738 -0.8435 -0.5320
vn -0.4384 -0.7724 -0.4595
vn 0.0785 -0.8975 -0.4339
vn 0.5699 -0.7313 -0.3747
vn 0.5659 -0.6846 -0.4595
vn 0.0738 -0.8435 -0.5320
vn 0.5699 -0.7313 -0.3747
vn 0.9054 -0.3667 -0.2139
vn 0.9031 -0.3400 -0.2623
vn 0.5659 -0.6846 -0.4595
vn 0.9054 -0.3667 -0.2139
vn 0.9954 0.0954 0.0040
vn 0.9955 0.0949 0.0049
vn 0.9031 -0.3400 -0.2623
vn 0.9954 0.0954 0.0040
vn 0.8189 0.5301 0.2199
vn 0.8213 0.5027 0.2697
vn 0.9955 0.0949 0.0049
vn 0.8189 0.5301 0.2199
vn 0.4260 0.8226 0.3767
vn 0.4301 0.7756 0.4620
vn 0.8213 0.5027 0.2697
vn 0.4260 0.8226 0.3767
vn -0.0785 0.8975 0.4339
vn -0.0738 0.8435 0.5320
vn 0.4301 0.7756 0.4620
vn -0.0738 0.8435 0.5320
vn -0.5582 0.6892 0.4620
vn -0.5533 0.6330 0.5414
vn -0.0681 0.7789 0.6235
vn -0.5582 0.6892 0.4620
vn -0.8961 0.3524 0.2697
vn -0.8933 0.3196 0.3160
vn -0.5533 0.6330 0.5414
vn -0.8961 0.3524 0.2697
vn -0.9968 -0.0794 0.0049
vn -0.9968 -0.0800 0.0058
vn -0.8933 0.3196 0.3160
vn -0.9968 -0.0794 0.0049
vn -0.8303 -0.4917 -0.2623
vn -0.8331 -0.4598 -0.3074
vn -0.9968 -0.0800 0.0058
vn -0.8303 -0.4917 -0.2623
vn -0.4384 -0.7724 -0.4595
vn -0.4433 -0.7166 -0.5385
vn -0.8331 -0.4598 -0.3074
vn -0.4384 -0.7724 -0.4595
vn 0.0738 -0.8435 -0.5320
vn 0.0681 -0.7789 -0.6235
vn -0.4433 -0.7166 -0.5385
vn 0.0738 -0.8435 -0.5320
vn 0.5659 -0.6846 -0.4595
vn 0.5610 -0.6288 -0.5385
vn 0.0681 -0.7789 -0.6235
vn 0.5659 -0.6846 -0.4595
vn 0.9031 -0.3400 -0.2623
vn 0.9003 -0.3082 -0.3074
vn 0.5610 -0.6288 -0.5385
vn 0.9031 -0.3400 -0.2623
vn 0.9955 0.0949 0.0049
vn 0.9955 0.0944 0.0058
vn 0.9003 -0.3082 -0.3074
vn 0.9955 0.0949 0.0049
vn 0.8213 0.5027 0.2697
vn 0.8242 0.4699 0.3160
vn 0.9955 0.0944 0.0058
vn 0.8213 0.5027 0.2697
vn 0.4301 0.7756 0.4620
vn 0.4350 0.7195 0.5414
vn 0.8242 0.4699 0.3160
vn 0.4301 0.7756 0.4620
vn -0.0738 0.8435 0.5320
vn -0.0681 0.7789 0.6235
vn 0.4350 0.7195 0.5414
vn -0.0681 0.7789 0.6235
vn -0.5533 0.6330 0.5414
vn -0.5477 0.5684 0.6140
vn -0.0616 0.7044 0.7071
vn -0.5533 0.6330 0.5414
vn -0.8933 0.3196 0.3160
vn -0.8900 0.2819 0.3584
vn -0.5477 0.5684 0.6140
vn -0.8933 0.3196 0.3160
vn -0.9968 -0.0800 0.0058
vn -0.9967 -0.0806 0.0065
vn -0.8900 0.2819 0.3584
vn -0.9968 -0.0800 0.0058
vn -0.8331 -0.4598 -0.3074
vn -0.8363 -0.4231 -0.3486
vn -0.9967 -0.0806 0.0065
vn -0.8331 -0.4598 -0.3074
vn -0.4433 -0.7166 -0.5385
vn -0.4489 -0.6523 -0.6107
vn -0.8363 -0.4231 -0.3486
vn -0.4433 -0.7166 -0.5385
vn 0.0681 -0.7789 -0.6235
vn 0.0616 -0.7044 -0.7071
vn -0.4489 -0.6523 -0.6107
vn 0.0681 -0.7789 -0.6235
vn 0.5610 -0.6288 -0.5385
vn 0.5554 -0.5645 -0.6107
vn 0.0616 -0.7044 -0.7071
vn 0.5610 -0.6288 -0.5385
vn 0.9003 -0.3082 -0.3074
vn 0.8971 -0.2715 -0.3486
vn 0.5554 -0.5645 -0.6107
vn 0.9003 -0.3082 -0.3074
vn 0.9955 0.0944 0.0058
vn 0.9956 0.0937 0.0065
vn 0.8971 -0.2715 -0.3486
vn 0.9955 0.0944 0.0058
vn 0.8242 0.4699 0.3160
vn 0.8275 0.4322 0.3584
vn 0.9956 0.0937 0.0065
vn 0.8242 0.4699 0.3160
vn 0.4350 0.7195 0.5414
vn 0.4406 0.6549 0.6140
vn 0.8275 0.4322 0.3584
vn 0.4350 0.7195 0.5414
vn -0.0681 0.7789 0.6235
vn -0.0616 0.7044 0.7071
vn 0.4406 0.6549 0.6140
vn -0.0616 0.7044 0.7071
vn -0.5477 0.5684 0.6140
vn -0.5413 0.4961 0.6789
vn -0.0543 0.6211 0.7818
vn -0.5477 0.5684 0.6140
vn -0.8900 0.2819 0.3584
vn -0.8863 0.2397 0.3963
vn -0.5413 0.4961 0.6789
vn -0.8900 0.2819 0.3584
vn -0.9967 -0.0806 0.0065
vn -0.9967 -0.0814 0.0072
vn -0.8863 0.2397 0.3963
vn -0.9967 -0.0806 0.0065
vn -0.8363 -0.4231 -0.3486
vn -0.8399 -0.3820 -0.3854
vn -0.9967 -0.0814 0.0072
vn -0.8363 -0.4231 -0.3486
vn -0.4489 -0.6523 -0.6107
vn -0.4552 -0.5804 -0.6753
vn -0.8399 -0.3820 -0.3854
vn -0.4489 -0.6523 -0.6107
vn 0.0616 -0.7044 -0.7071
vn 0.0543 -0.6211 -0.7818
vn -0.4552 -0.5804 -0.6753
vn 0.0616 -0.7044 -0.7071
vn 0.5554 -0.5645 -0.6107
vn 0.5491 -0.4925 -0.6753
vn 0.0543 -0.6211 -0.7818
vn 0.5554 -0.5645 -0.6107
vn 0.8971 -0.2715 -0.3486
vn 0.8935 -0.2304 -0.3854
vn 0.5491 -0.4925 -0.6753
vn 0.8971 -0.2715 -0.3486
vn 0.9956 0.0937 0.0065
vn 0.9957 0.0929 0.0072
vn 0.8935 -0.2304 -0.3854
vn 0.9956 0.0937 0.0065
vn 0.8275 0.4322 0.3584
vn 0.8312 0.3900 0.3963
vn 0.9957 0.0929 0.0072
vn 0.8275 0.4322 0.3584
vn 0.4406 0.6549 0.6140
vn 0.4470 0.5825 0.6789
vn 0.8312 0.3900 0.3963
vn 0.4406 0.6549 0.6140
vn -0.0616 0.7044 0.7071
vn -0.0543 0.6211 0.7818
vn 0.4470 0.5825 0.6789
vn -0.0543 0.6211 0.7818
vn -0.5413 0.4961 0.6789
vn -0.5344 0.4170 0.7352
vn -0.0464 0.5300 0.8467
vn -0.5413 0.4961 0.6789
vn -0.8863 0.2397 0.3963
vn -0.8822 0.1935 0.4292
vn -0.5344 0.4170 0.7352
vn -0.8863 0.2397 0.3963
vn -0.9967 -0.0814 0.0072
vn -0.9966 -0.0823 0.0078
vn -0.8822 0.1935 0.4292
vn -0.9967 -0.0814 0.0072
vn -0.8399 -0.3820 -0.3854
vn -0.8439 -0.3371 -0.4174
vn -0.9966 -0.0823 0.0078
vn -0.8399 -0.3820 -0.3854
vn -0.4552 -0.5804 -0.6753
vn -0.4621 -0.5017 -0.7313
vn -0.8439 -0.3371 -0.4174
vn -0.4552 -0.5804 -0.6753
vn 0.0543 -0.6211 -0.7818
vn 0.0464 -0.5300 -0.8467
vn -0.4621 -0.5017 -0.7313
vn 0.0543 -0.6211 -0.7818
vn 0.5491 -0.4925 -0.6753
vn 0.5422 -0.4138 -0.7313
vn 0.0464 -0.5300 -0.8467
vn 0.5491 -0.4925 -0.6753
vn 0.8935 -0.2304 -0.3854
vn 0.8896 -0.1855 -0.4174
vn 0.5422 -0.4138 -0.7313
vn 0.8935 -0.2304 -0.3854
vn 0.9957 0.0929 0.0072
vn 0.9957 0.0920 0.0078
vn 0.8896 -0.1855 -0.4174
vn 0.9957 0.0929 0.0072
vn 0.8312 0.3900 0.3963
vn 0.8352 0.3438 0.4292
vn 0.9957 0.0920 0.0078
vn 0.8312 0.3900 0.3963
vn 0.4470 0.5825 0.6789
vn 0.4539 0.5034 0.7352
vn 0.8352 0.3438 0.4292
vn 0.4470 0.5825 0.6789
vn -0.0543 0.6211 0.7818
vn -0.0464 0.5300 0.8467
vn 0.4539 0.5034 0.7352
vn -0.0464 0.5300 0.8467
vn -0.5344 0.4170 0.7352
vn -0.5270 0.3321 0.7823
vn -0.0378 0.4322 0.9010
vn -0.5344 0.4170 0.7352
vn -0.8822 0.1935 0.4292
vn -0.8779 0.1440 0.4567
vn -0.5270 0.3321 0.7823
vn -0.8822 0.1935 0.4292
vn -0.9966 -0.0823 0.0078
vn -0.9965 -0.0832 0.0083
vn -0.8779 0.1440 0.4567
vn -0.9966 -0.0823 0.0078
vn -0.8439 -0.3371 -0.4174
vn -0.8481 -0.2889 -0.4442
vn -0.9965 -0.0832 0.0083
vn -0.8439 -0.3371 -0.4174
vn -0.4621 -0.5017 -0.7313
vn -0.4695 -0.4172 -0.7781
vn -0.8481 -0.2889 -0.4442
vn -0.4621 -0.5017 -0.7313
vn 0.0464 -0.5300 -0.8467
vn 0.0378 -0.4322 -0.9010
vn -0.4695 -0.4172 -0.7781
vn 0.0464 -0.5300 -0.8467
vn 0.5422 -0.4138 -0.7313
vn 0.5348 -0.3294 -0.7781
vn 0.0378 -0.4322 -0.9010
vn 0.5422 -0.4138 -0.7313
vn 0.8896 -0.1855 -0.4174
vn 0.8854 -0.1373 -0.4442
vn 0.5348 -0.3294 -0.7781
vn 0.8896 -0.1855 -0.4174
vn 0.9957 0.0920 0.0078
vn 0.9958 0.0911 0.0083
vn 0.8854 -0.1373 -0.4442
vn 0.9957 0.0920 0.0078
vn 0.8352 0.3438 0.4292
vn 0.8396 0.2942 0.4567
vn 0.9958 0.0911 0.0083
vn 0.8352 0.3438 0.4292
vn 0.4539 0.5034 0.7352
vn 0.4613 0.4185 0.7823
vn 0.8396 0.2942 0.4567
vn 0.4539 0.5034 0.7352
vn -0.0464 0.5300 0.8467
vn -0.0378 0.4322 0.9010
vn 0.4613 0.4185 0.7823
vn -0.0378 0.4322 0.9010
vn -0.5270 0.3321 0.7823
vn -0.5191 0.2425 0.8196
vn -0.0288 0.3290 0.9439
vn -0.5270 0.3321 0.7823
vn -0.8779 0.1440 0.4567
vn -0.8733 0.0916 0.4784
vn -0.5191 0.2425 0.8196
vn -0.8779 0.1440 0.4567
vn -0.9965 -0.0832 0.0083
vn -0.9964 -0.0841 0.0087
vn -0.8733 0.0916 0.4784
vn -0.9965 -0.0832 0.0083
vn -0.8481 -0.2889 -0.4442
vn -0.8525 -0.2380 -0.4653
vn -0.9964 -0.0841 0.0087
vn -0.8481 -0.2889 -0.4442
vn -0.4695 -0.4172 -0.7781
vn -0.4773 -0.3281 -0.8152
vn -0.8525 -0.2380 -0.4653
vn -0.4695 -0.4172 -0.7781
vn 0.0378 -0.4322 -0.9010
vn 0.0288 -0.3290 -0.9439
vn -0.4773 -0.3281 -0.8152
vn 0.0378 -0.4322 -0.9010
vn 0.5348 -0.3294 -0.7781
vn 0.5270 -0.2402 -0.8152
vn 0.0288 -0.3290 -0.9439
vn 0.5348 -0.3294 -0.7781
vn 0.8854 -0.1373 -0.4442
vn 0.8809 -0.0864 -0.4653
vn 0.5270 -0.2402 -0.8152
vn 0.8854 -0.1373 -0.4442
vn 0.9958 0.0911 0.0083
vn 0.9959 0.0902 0.0087
vn 0.8809 -0.0864 -0.4653
vn 0.9958 0.0911 0.0083
vn 0.8396 0.2942 0.4567
vn 0.8442 0.2419 0.4784
vn 0.9959 0.0902 0.0087
vn 0.8396 0.2942 0.4567
vn 0.4613 0.4185 0.7823
vn 0.4692 0.3289 0.8196
vn 0.8442 0.2419 0.4784
vn 0.4613 0.4185 0.7823
vn -0.0378 0.4322 0.9010
vn -0.0288 0.3290 0.9439
vn 0.4692 0.3289 0.8196
vn -0.0288 0.3290 0.9439
vn -0.5191 0.2425 0.8196
vn -0.5110 0.1492 0.8465
vn -0.0194 0.2217 0.9749
vn -0.5191 0.2425 0.8196
vn -0.8733 0.0916 0.4784
vn -0.8686 0.0372 0.4942
vn -0.5110 0.1492 0.8465
vn -0.8733 0.0916 0.4784
vn -0.9964 -0.0841 0.0087
vn -0.9963 -0.0851 0.0090
vn -0.8686 0.0372 0.4942
vn -0.9964 -0.0841 0.0087
vn -0.8525 -0.2380 -0.4653
vn -0.8572 -0.1851 -0.4806
vn -0.9963 -0.0851 0.0090
vn -0.8525 -0.2380 -0.4653
vn -0.4773 -0.3281 -0.8152
vn -0.4854 -0.2354 -0.8420
vn -0.8572 -0.1851 -0.4806
vn -0.4773 -0.3281 -0.8152
vn 0.0288 -0.3290 -0.9439
vn 0.0194 -0.2217 -0.9749
vn -0.4854 -0.2354 -0.8420
vn 0.0288 -0.3290 -0.9439
vn 0.5270 -0.2402 -0.8152
vn 0.5189 -0.1475 -0.8420
vn 0.0194 -0.2217 -0.9749
vn 0.5270 -0.2402 -0.8152
vn 0.8809 -0.0864 -0.4653
vn 0.8763 -0.0335 -0.4806
vn 0.5189 -0.1475 -0.8420
vn 0.8809 -0.0864 -0.4653
vn 0.9959 0.0902 0.0087
vn 0.9960 0.0892 0.0090
vn 0.8763 -0.0335 -0.4806
vn 0.9959 0.0902 0.0087
vn 0.8442 0.2419 0.4784
vn 0.8489 0.1875 0.4942
vn 0.9960 0.0892 0.0090
vn 0.8442 0.2419 0.4784
vn 0.4692 0.3289 0.8196
vn 0.4773 0.2357 0.8465
vn 0.8489 0.1875 0.4942
vn 0.4692 0.3289 0.8196
vn -0.0288 0.3290 0.9439
vn -0.0194 0.2217 0.9749
vn 0.4773 0.2357 0.8465
vn -0.0194 0.2217 0.9749
vn -0.5110 0.1492 0.8465
vn -0.5026 0.0536 0.8628
vn -0.0098 0.1115 0.9937
vn -0.5110 0.1492 0.8465
vn -0.8686 0.0372 0.4942
vn -0.8637 -0.0186 0.5037
vn -0.5026 0.0536 0.8628
vn -0.8686 0.0372 0.4942
vn -0.9963 -0.0851 0.0090
vn -0.9962 -0.0861 0.0092
vn -0.8637 -0.0186 0.5037
vn -0.9963 -0.0851 0.0090
vn -0.8572 -0.1851 -0.4806
vn -0.8619 -0.1308 -0.4899
vn -0.9962 -0.0861 0.0092
vn -0.8572 -0.1851 -0.4806
vn -0.4854 -0.2354 -0.8420
vn -0.4937 -0.1403 -0.8582
vn -0.8619 -0.1308 -0.4899
vn -0.4854 -0.2354 -0.8420
vn 0.0194 -0.2217 -0.9749
vn 0.0098 -0.1115 -0.9937
vn -0.4937 -0.1403 -0.8582
vn 0.0194 -0.2217 -0.9749
vn 0.5189 -0.1475 -0.8420
vn 0.5106 -0.0524 -0.8582
vn 0.0098 -0.1115 -0.9937
vn 0.5189 -0.1475 -0.8420
vn 0.8763 -0.0335 -0.4806
vn 0.8715 0.0208 -0.4899
vn 0.5106 -0.0524 -0.8582
vn 0.8763 -0.0335 -0.4806
vn 0.9960 0.0892 0.0090
vn 0.9961 0.0882 0.0092
vn 0.8715 0.0208 -0.4899
vn 0.9960 0.0892 0.0090
vn 0.8489 0.1875 0.4942
vn 0.8538 0.1317 0.5037
vn 0.9961 0.0882 0.0092
vn 0.8489 0.1875 0.4942
vn 0.4773 0.2357 0.8465
vn 0.4857 0.1401 0.8628
vn 0.8538 0.1317 0.5037
vn 0.4773 0.2357 0.8465
vn -0.0194 0.2217 0.9749
vn -0.0098 0.1115 0.9937
vn 0.4857 0.1401 0.8628
vn -0.0098 0.1115 0.9937
vn -0.5026 0.0536 0.8628
vn -0.4981 -0.0193 0.8669
vn -0.0024 0.0278 0.9996
vn -0.5026 0.0536 0.8628
vn -0.8637 -0.0186 0.5037
vn -0.8619 -0.0613 0.5034
vn -0.4981 -0.0193 0.8669
vn -0.8637 -0.0186 0.5037
vn -0.9962 -0.0861 0.0092
vn -0.9962 -0.0870 0.0046
vn -0.8619 -0.0613 0.5034
vn -0.9962 -0.0861 0.0092
vn -0.8619 -0.1308 -0.4899
vn -0.8634 -0.0895 -0.4964
vn -0.9962 -0.0870 0.0046
vn -0.8619 -0.1308 -0.4899
vn -0.4937 -0.1403 -0.8582
vn -0.4979 -0.0680 -0.8646
vn -0.8634 -0.0895 -0.4964
vn -0.4937 -0.1403 -0.8582
vn 0.0098 -0.1115 -0.9937
vn 0.0025 -0.0281 -0.9996
vn -0.4979 -0.0680 -0.8646
vn 0.0098 -0.1115 -0.9937
vn 0.5106 -0.0524 -0.8582
vn 0.5021 0.0195 -0.8646
vn 0.0025 -0.0281 -0.9996
vn 0.5106 -0.0524 -0.8582
vn 0.8715 0.0208 -0.4899
vn 0.8659 0.0617 -0.4964
vn 0.5021 0.0195 -0.8646
vn 0.8715 0.0208 -0.4899
vn 0.9961 0.0882 0.0092
vn 0.9962 0.0873 0.0046
vn 0.8659 0.0617 -0.4964
vn 0.9961 0.0882 0.0092
vn 0.8538 0.1317 0.5037
vn 0.8594 0.0894 0.5034
vn 0.9962 0.0873 0.0046
vn 0.8538 0.1317 0.5037
vn 0.4857 0.1401 0.8628
vn 0.4939 0.0675 0.8669
vn 0.8594 0.0894 0.5034
vn 0.4857 0.1401 0.8628
vn -0.0098 0.1115 0.9937
vn -0.0024 0.0278 0.9996
vn 0.4939 0.0675 0.8669
vn -0.0024 0.0278 -0.9996
vn -0.4981 -0.0192 -0.8669
vn -0.5026 0.0536 -0.8628
vn -0.0098 0.1115 -0.9937
vn -0.4981 -0.0192 -0.8669
vn -0.8619 -0.0612 -0.5034
vn -0.8637 -0.0186 -0.5037
vn -0.5026 0.0536 -0.8628
vn -0.8619 -0.0612 -0.5034
vn -0.9962 -0.0870 -0.0046
vn -0.9962 -0.0861 -0.0092
vn -0.8637 -0.0186 -0.5037
vn -0.9962 -0.0870 -0.0046
vn -0.8634 -0.0896 0.4964
vn -0.8619 -0.1308 0.4899
vn -0.9962 -0.0861 -0.0092
vn -0.8634 -0.0896 0.4964
vn -0.4979 -0.0680 0.8646
vn -0.4937 -0.1403 0.8582
vn -0.8619 -0.1308 0.4899
vn -0.4979 -0.0680 0.8646
vn 0.0025 -0.0281 0.9996
vn 0.0098 -0.1115 0.9937
vn -0.4937 -0.1403 0.8582
vn 0.0025 -0.0281 0.9996
vn 0.5021 0.0195 0.8646
vn 0.5106 -0.0524 0.8582
vn 0.0098 -0.1115 0.9937
vn 0.5021 0.0195 0.8646
vn 0.8659 0.0618 0.4964
vn 0.8715 0.0208 0.4899
vn 0.5106 -0.0524 0.8582
vn 0.8659 0.0618 0.4964
vn 0.9962 0.0873 -0.0046
vn 0.9961 0.0882 -0.0092
vn 0.8715 0.0208 0.4899
vn 0.9962 0.0873 -0.0046
vn 0.8594 0.0893 -0.5034
vn 0.8538 0.1317 -0.5037
vn 0.9961 0.0882 -0.0092
vn 0.8594 0.0893 -0.5034
vn 0.4939 0.0675 -0.8669
vn 0.4857 0.1401 -0.8628
vn 0.8538 0.1317 -0.5037
vn 0.4939 0.0675 -0.8669
vn -0.0024 0.0278 -0.9996
vn -0.0098 0.1115 -0.9937
vn 0.4857 0.1401 -0.8628
vn -0.0098 0.1115 -0.9937
vn -0.5026 0.0536 -0.8628
vn -0.5110 0.1492 -0.8465
vn -0.0194 0.2217 -0.9749
vn -0.5026 0.0536 -0.8628
vn -0.8637 -0.0186 -0.5037
vn -0.8686 0.0372 -0.4942
vn -0.5110 0.1492 -0.8465
vn -0.8637 -0.0186 -0.5037
vn -0.9962 -0.0861 -0.0092
vn -0.9963 -0.0851 -0.0090
vn -0.8686 0.0372 -0.4942
vn -0.9962 -0.0861 -0.0092
vn -0.8619 -0.1308 0.4899
vn -0.8572 -0.1851 0.4806
vn -0.9963 -0.0851 -0.0090
vn -0.8619 -0.1308 0.4899
vn -0.4937 -0.1403 0.8582
vn -0.4854 -0.2354 0.8420
vn -0.8572 -0.1851 0.4806
vn -0.4937 -0.1403 0.8582
vn 0.0098 -0.1115 0.9937
vn 0.0194 -0.2217 0.9749
vn -0.4854 -0.2354 0.8420
vn 0.0098 -0.1115 0.9937
vn 0.5106 -0.0524 0.8582
vn 0.5189 -0.1475 0.8420
vn 0.0194 -0.2217 0.9749
vn 0.5106 -0.0524 0.8582
vn 0.8715 0.0208 0.4899
vn 0.8763 -0.0335 0.4806
vn 0.5189 -0.1475 0.8420
vn 0.8715 0.0208 0.4899
vn 0.9961 0.0882 -0.0092
vn 0.9960 0.0892 -0.0090
vn 0.8763 -0.0335 0.4806
vn 0.9961 0.0882 -0.0092
vn 0.8538 0.1317 -0.5037
vn 0.8489 0.1875 -0.4942
vn 0.9960 0.0892 -0.0090
vn 0.8538 0.1317 -0.5037
vn 0.4857 0.1401 -0.8628
vn 0.4773 0.2357 -0.8465
vn 0.8489 0.1875 -0.4942
vn 0.4857 0.1401 -0.8628
vn -0.0098 0.1115 -0.9937
vn -0.0194 0.2217 -0.9749
vn 0.4773 0.2357 -0.8465
vn -0.0194 0.2217 -0.9749
vn -0.5110 0.1492 -0.8465
vn -0.5191 0.2425 -0.8196
vn -0.0288 0.3290 -0.9439
vn -0.5110 0.1492 -0.8465
vn -0.8686 0.0372 -0.4942
vn -0.8733 0.0916 -0.4784
vn -0.5191 0.2425 -0.8196
vn -0.8686 0.0372 -0.4942
vn -0.9963 -0.0851 -0.0090
vn -0.9964 -0.0841 -0.0087
vn -0.8733 0.0916 -0.4784
vn -0.9963 -0.0851 -0.0090
vn -0.8572 -0.1851 0.4806
vn -0.8525 -0.2380 0.4653
vn -0.9964 -0.0841 -0.0087
vn -0.8572 -0.1851 0.4806
vn -0.4854 -0.2354 0.8420
vn -0.4773 -0.3281 0.8152
vn -0.8525 -0.2380 0.4653
vn -0.4854 -0.2354 0.8420
vn 0.0194 -0.2217 0.9749
vn 0.0288 -0.3290 0.9439
vn -0.4773 -0.3281 0.8152
vn 0.0194 -0.2217 0.9749
vn 0.5189 -0.1475 0.8420
vn 0.5270 -0.2402 0.8152
vn 0.0288 -0.3290 0.9439
vn 0.5189 -0.1475 0.8420
vn 0.8763 -0.0335 0.4806
vn 0.8809 -0.0864 0.4653
vn 0.5270 -0.2402 0.8152
vn 0.8763 -0.0335 0.4806
vn 0.9960 0.0892 -0.0090
vn 0.9959 0.0902 -0.0087
vn 0.8809 -0.0864 0.4653
vn 0.9960 0.0892 -0.0090
vn 0.8489 0.1875 -0.4942
vn 0.8442 0.2419 -0.4784
vn 0.9959 0.0902 -0.0087
vn 0.8489 0.1875 -0.4942
vn 0.4773 0.2357 -0.8465
vn 0.4692 0.3289 -0.8196
vn 0.8442 0.2419 -0.4784
vn 0.4773 0.2357 -0.8465
vn -0.0194 0.2217 -0.9749
vn -0.0288 0.3290 -0.9439
vn 0.4692 0.3289 -0.8196
vn -0.0288 0.3290 -0.9439
vn -0.5191 0.2425 -0.8196
vn -0.5270 0.3321 -0.7823
vn -0.0378 0.4322 -0.9010
vn -0.5191 0.2425 -0.8196
vn -0.8733 0.0916 -0.4784
vn -0.8779 0.1440 -0.4567
vn -0.5270 0.3321 -0.7823
vn -0.8733 0.0916 -0.4784
vn -0.9964 -0.0841 -0.0087
vn -0.9965 -0.0832 -0.0083
vn -0.8779 0.1440 -0.4567
vn -0.9964 -0.0841 -0.0087
vn -0.8525 -0.2380 0.4653
vn -0.8481 -0.2889 0.4442
vn -0.9965 -0.0832 -0.0083
vn -0.8525 -0.2380 0.4653
vn -0.4773 -0.3281 0.8152
vn -0.4695 -0.4172 0.7781
vn -0.8481 -0.2889 0.4442
vn -0.4773 -0.3281 0.8152
vn 0.0288 -0.3290 0.9439
vn 0.0378 -0.4322 0.9010
vn -0.4695 -0.4172 0.7781
vn 0.0288 -0.3290 0.9439
vn 0.5270 -0.2402 0.8152
vn 0.5348 -0.3294 0.7781
vn 0.0378 -0.4322 0.9010
vn 0.5270 -0.2402 0.8152
vn 0.8809 -0.0864 0.4653
vn 0.8854 -0.1373 0.4442
vn 0.5348 -0.3294 0.7781
vn 0.8809 -0.0864 0.4653
vn 0.9959 0.0902 -0.0087
vn 0.9958 0.0911 -0.0083
vn 0.8854 -0.1373 0.4442
vn 0.9959 0.0902 -0.0087
vn 0.8442 0.2419 -0.4784
vn 0.8396 0.2942 -0.4567
vn 0.9958 0.0911 -0.0083
vn 0.8442 0.2419 -0.4784
vn 0.4692 0.3289 -0.8196
vn 0.4613 0.4185 -0.7823
vn 0.8396 0.2942 -0.4567
vn 0.4692 0.3289 -0.8196
vn -0.0288 0.3290 -0.9439
vn -0.0378 0.4322 -0.9010
vn 0.4613 0.4185 -0.7823
vn -0.0378 0.4322 -0.9010
vn -0.5270 0.3321 -0.7823
vn -0.5344 0.4170 -0.7352
vn -0.0464 0.5300 -0.8467
vn -0.5270 0.3321 -0.7823
vn -0.8779 0.1440 -0.4567
vn -0.8822 0.1935 -0.4292
vn -0.5344 0.4170 -0.7352
vn -0.8779 0.1440 -0.4567
vn -0.9965 -0.0832 -0.0083
vn -0.9966 -0.0823 -0.0078
vn -0.8822 0.1935 -0.4292
vn -0.9965 -0.0832 -0.0083
vn -0.8481 -0.2889 0.4442
vn -0.8439 -0.3371 0.4174
vn -0.9966 -0.0823 -0.0078
vn -0.8481 -0.2889 0.4442
vn -0.4695 -0.4172 0.7781
vn -0.4621 -0.5017 0.7313
vn -0.8439 -0.3371 0.4174
vn -0.4695 -0.4172 0.7781
vn 0.0378 -0.4322 0.9010
vn 0.0464 -0.5300 0.8467
vn -0.4621 -0.5017 0.7313
vn 0.0378 -0.4322 0.9010
vn 0.5348 -0.3294 0.7781
vn 0.5422 -0.4138 0.7313
vn 0.0464 -0.5300 0.8467
vn 0.5348 -0.3294 0.7781
vn 0.8854 -0.1373 0.4442
vn 0.8896 -0.1855 0.4174
vn 0.5422 -0.4138 0.7313
vn 0.8854 -0.1373 0.4442
vn 0.9958 0.0911 -0.0083
vn 0.9957 0.0921 -0.0078
vn 0.8896 -0.1855 0.4174
vn 0.9958 0.0911 -0.0083
vn 0.8396 0.2942 -0.4567
vn 0.8352 0.3438 -0.4292
vn 0.9957 0.0921 -0.0078
vn 0.8396 0.2942 -0.4567
vn 0.4613 0.4185 -0.7823
vn 0.4539 0.5034 -0.7352
vn 0.8352 0.3438 -0.4292
vn 0.4613 0.4185 -0.7823
vn -0.0378 0.4322 -0.9010
vn -0.0464 0.5300 -0.8467
vn 0.4539 0.5034 -0.7352
vn -0.0464 0.5300 -0.8467
vn -0.5344 0.4170 -0.7352
vn -0.5413 0.4961 -0.6789
vn -0.0543 0.6211 -0.7818
vn -0.5344 0.4170 -0.7352
vn -0.8822 0.1935 -0.4292
vn -0.8863 0.2397 -0.3963
vn -0.5413 0.4961 -0.6789
vn -0.8822 0.1935 -0.4292
vn -0.9966 -0.0823 -0.0078
vn -0.9967 -0.0814 -0.0072
vn -0.8863 0.2397 -0.3963
vn -0.9966 -0.0823 -0.0078
vn -0.8439 -0.3371 0.4174
vn -0.8399 -0.3820 0.3854
vn -0.9967 -0.0814 -0.0072
vn -0.8439 -0.3371 0.4174
vn -0.4621 -0.5017 0.7313
vn -0.4552 -0.5804 0.6753
vn -0.8399 -0.3820 0.3854
vn -0.4621 -0.5017 0.7313
vn 0.0464 -0.5300 0.8467
vn 0.0543 -0.6211 0.7818
vn -0.4552 -0.5804 0.6753
vn 0.0464 -0.5300 0.8467
vn 0.5422 -0.4138 0.7313
vn 0.5491 -0.4925 0.6753
vn 0.0543 -0.6211 0.7818
vn 0.5422 -0.4138 0.7313
vn 0.8896 -0.1855 0.4174
vn 0.8935 -0.2304 0.3855
vn 0.5491 -0.4925 0.6753
vn 0.8896 -0.1855 0.4174
vn 0.9957 0.0921 -0.0078
vn 0.9956 0.0929 -0.0072
vn 0.8935 -0.2304 0.3855
vn 0.9957 0.0921 -0.0078
vn 0.8352 0.3438 -0.4292
vn 0.8312 0.3900 -0.3963
vn 0.9956 0.0929 -0.0072
vn 0.8352 0.3438 -0.4292
vn 0.4539 0.5034 -0.7352
vn 0.4470 0.5825 -0.6789
vn 0.8312 0.3900 -0.3963
vn 0.4539 0.5034 -0.7352
vn -0.0464 0.5300 -0.8467
vn -0.0543 0.6211 -0.7818
vn 0.4470 0.5825 -0.6789
vn -0.0543 0.6211 -0.7818
vn -0.5413 0.4961 -0.6789
vn -0.5477 0.5684 -0.6140
vn -0.0616 0.7044 -0.7071
vn -0.5413 0.4961 -0.6789
vn -0.8863 0.2397 -0.3963
vn -0.8900 0.2819 -0.3584
vn -0.5477 0.5684 -0.6140
vn -0.8863 0.2397 -0.3963
vn -0.9967 -0.0814 -0.0072
vn -0.9967 -0.0806 -0.0065
vn -0.8900 0.2819 -0.3584
vn -0.9967 -0.0814 -0.0072
vn -0.8399 -0.3820 0.3854
vn -0.8363 -0.4231 0.3486
vn -0.9967 -0.0806 -0.0065
vn -0.8399 -0.3820 0.3854
vn -0.4552 -0.5804 0.6753
vn -0.4489 -0.6523 0.6107
vn -0.8363 -0.4231 0.3486
vn -0.4552 -0.5804 0.6753
vn 0.0543 -0.6211 0.7818
vn 0.0616 -0.7044 0.7071
vn -0.4489 -0.6523 0.6107
vn 0.0543 -0.6211 0.7818
vn 0.5491 -0.4925 0.6753
vn 0.5554 -0.5645 0.6107
vn 0.0616 -0.7044 0.7071
vn 0.5491 -0.4925 0.6753
vn 0.8935 -0.2304 0.3855
vn 0.8971 -0.2715 0.3486
vn 0.5554 -0.5645 0.6107
vn 0.8935 -0.2304 0.3855
vn 0.9956 0.0929 -0.0072
vn 0.9956 0.0937 -0.0065
vn 0.8971 -0.2715 0.3486
vn 0.9956 0.0929 -0.0072
vn 0.8312 0.3900 -0.3963
vn 0.8275 0.4322 -0.3584
vn 0.9956 0.0937 -0.0065
vn 0.8312 0.3900 -0.3963
vn 0.4470 0.5825 -0.6789
vn 0.4406 0.6549 -0.6140
vn 0.8275 0.4322 -0.3584
vn 0.4470 0.5825 -0.6789
vn -0.0543 0.6211 -0.7818
vn -0.0616 0.7044 -0.7071
vn 0.4406 0.6549 -0.6140
vn -0.0616 0.7044 -0.7071
vn -0.5477 0.5684 -0.6140
vn -0.5533 0.6330 -0.5414
vn -0.0681 0.7789 -0.6235
vn -0.5477 0.5684 -0.6140
vn -0.8900 0.2819 -0.3584
vn -0.8933 0.3196 -0.3160
vn -0.5533 0.6330 -0.5414
vn -0.8900 0.2819 -0.3584
vn -0.9967 -0.0806 -0.0065
vn -0.9968 -0.0800 -0.0058
vn -0.8933 0.3196 -0.3160
vn -0.9967 -0.0806 -0.0065
vn -0.8363 -0.4231 0.3486
vn -0.8331 -0.4598 0.3074
vn -0.9968 -0.0800 -0.0058
vn -0.8363 -0.4231 0.3486
vn -0.4489 -0.6523 0.6107
vn -0.4433 -0.7166 0.5385
vn -0.8331 -0.4598 0.3074
vn -0.4489 -0.6523 0.6107
vn 0.0616 -0.7044 0.7071
vn 0.0681 -0.7789 0.6235
vn -0.4433 -0.7166 0.5385
vn 0.0616 -0.7044 0.7071
vn 0.5554 -0.5645 0.6107
vn 0.5610 -0.6288 0.5385
vn 0.0681 -0.7789 0.6235
vn 0.5554 -0.5645 0.6107
vn 0.8971 -0.2715 0.3486
vn 0.9003 -0.3082 0.3074
vn 0.5610 -0.6288 0.5385
vn 0.8971 -0.2715 0.3486
vn 0.9956 0.0937 -0.0065
vn 0.9955 0.0944 -0.0058
vn 0.9003 -0.3082 0.3074
vn 0.9956 0.0937 -0.0065
vn 0.8275 0.4322 -0.3584
vn 0.8242 0.4699 -0.3160
vn 0.9955 0.0944 -0.0058
vn 0.8275 0.4322 -0.3584
vn 0.4406 0.6549 -0.6140
vn 0.4350 0.7195 -0.5414
vn 0.8242 0.4699 -0.3160
vn 0.4406 0.6549 -0.6140
vn -0.0616 0.7044 -0.7071
vn -0.0681 0.7789 -0.6235
vn 0.4350 0.7195 -0.5414
vn -0.0681 0.7789 -0.6235
vn -0.5533 0.6330 -0.5414
vn -0.5582 0.6892 -0.4620
vn -0.0738 0.8435 -0.5320
vn -0.5533 0.6330 -0.5414
vn -0.8933 0.3196 -0.3160
vn -0.8961 0.3524 -0.2697
vn -0.5582 0.6892 -0.4620
vn -0.8933 0.3196 -0.3160
vn -0.9968 -0.0800 -0.0058
vn -0.9968 -0.0794 -0.0049
vn -0.8961 0.3524 -0.2697
vn -0.9968 -0.0800 -0.0058
vn -0.8331 -0.4598 0.3074
vn -0.8303 -0.4917 0.2623
vn -0.9968 -0.0794 -0.0049
vn -0.8331 -0.4598 0.3074
vn -0.4433 -0.7166 0.5385
vn -0.4384 -0.7724 0.4595
vn -0.8303 -0.4917 0.2623
vn -0.4433 -0.7166 0.5385
vn 0.0681 -0.7789 0.6235
vn 0.0738 -0.8435 0.5320
vn -0.4384 -0.7724 0.4595
vn 0.0681 -0.7789 0.6235
vn 0.5610 -0.6288 0.5385
vn 0.5659 -0.6846 0.4595
vn 0.0738 -0.8435 0.5320
vn 0.5610 -0.6288 0.5385
vn 0.9003 -0.3082 0.3074
vn 0.9031 -0.3400 0.2623
vn 0.5659 -0.6846 0.4595
vn 0.9003 -0.3082 0.3074
vn 0.9955 0.0944 -0.0058
vn 0.9955 0.0949 -0.0049
vn 0.9031 -0.3400 0.2623
vn 0.9955 0.0944 -0.0058
vn 0.8242 0.4699 -0.3160
vn 0.8213 0.5027 -0.2697
vn 0.9955 0.0949 -0.0049
vn 0.8242 0.4699 -0.3160
vn 0.4350 0.7195 -0.5414
vn 0.4301 0.7756 -0.4620
vn 0.8213 0.5027 -0.2697
vn 0.4350 0.7195 -0.5414
vn -0.0681 0.7789 -0.6235
vn -0.0738 0.8435 -0.5320
vn 0.4301 0.7756 -0.4620
vn -0.0738 0.8435 -0.5320
vn -0.5582 0.6892 -0.4620
vn -0.5623 0.7361 -0.3767
vn -0.0785 0.8975 -0.4339
vn -0.5582 0.6892 -0.4620
vn -0.8961 0.3524 -0.2697
vn -0.8985 0.3798 -0.2199
vn -0.5623 0.7361 -0.3767
vn -0.8961 0.3524 -0.2697
vn -0.9968 -0.0794 -0.0049
vn -0.9969 -0.0789 -0.0040
vn -0.8985 0.3798 -0.2199
vn -0.9968 -0.0794 -0.0049
vn -0.8303 -0.4917 0.2623
vn -0.8280 -0.5183 0.2139
vn -0.9969 -0.0789 -0.0040
vn -0.8303 -0.4917 0.2623
vn -0.4384 -0.7724 0.4595
vn -0.4343 -0.8191 0.3747
vn -0.8280 -0.5183 0.2139
vn -0.4384 -0.7724 0.4595
vn 0.0738 -0.8435 0.5320
vn 0.0785 -0.8975 0.4339
vn -0.4343 -0.8191 0.3747
vn 0.0738 -0.8435 0.5320
vn 0.5659 -0.6846 0.4595
vn 0.5699 -0.7313 0.3747
vn 0.0785 -0.8975 0.4339
vn 0.5659 -0.6846 0.4595
vn 0.9031 -0.3400 0.2623
vn 0.9054 -0.3667 0.2139
vn 0.5699 -0.7313 0.3747
vn 0.9031 -0.3400 0.2623
vn 0.9955 0.0949 -0.0049
vn 0.9954 0.0954 -0.0040
vn 0.9054 -0.3667 0.2139
vn 0.9955 0.0949 -0.0049
vn 0.8213 0.5027 -0.2697
vn 0.8189 0.5301 -0.2199
vn 0.9954 0.0954 -0.0040
vn 0.8213 0.5027 -0.2697
vn 0.4301 0.7756 -0.4620
vn 0.4260 0.8226 -0.3767
vn 0.8189 0.5301 -0.2199
vn 0.4301 0.7756 -0.4620
vn -0.0738 0.8435 -0.5320
vn -0.0785 0.8975 -0.4339
vn 0.4260 0.8226 -0.3767
vn -0.0785 0.8975 -0.4339
vn -0.5623 0.7361 -0.3767
vn -0.5656 0.7732 -0.2868
vn -0.0823 0.9403 -0.3303
vn -0.5623 0.7361 -0.3767
vn -0.8985 0.3798 -0.2199
vn -0.9004 0.4015 -0.1674
vn -0.5656 0.7732 -0.2868
vn -0.8985 0.3798 -0.2199
vn -0.9969 -0.0789 -0.0040
vn -0.9969 -0.0785 -0.0031
vn -0.9004 0.4015 -0.1674
vn -0.9969 -0.0789 -0.0040
vn -0.8280 -0.5183 0.2139
vn -0.8262 -0.5394 0.1628
vn -0.9969 -0.0785 -0.0031
vn -0.8280 -0.5183 0.2139
vn -0.4343 -0.8191 0.3747
vn -0.4311 -0.8560 0.2853
vn -0.8262 -0.5394 0.1628
vn -0.4343 -0.8191 0.3747
vn 0.0785 -0.8975 0.4339
vn 0.0823 -0.9403 0.3303
vn -0.4311 -0.8560 0.2853
vn 0.0785 -0.8975 0.4339
vn 0.5699 -0.7313 0.3747
vn 0.5732 -0.7682 0.2853
vn 0.0823 -0.9403 0.3303
vn 0.5699 -0.7313 0.3747
vn 0.9054 -0.3667 0.2139
vn 0.9073 -0.3877 0.1628
vn 0.5732 -0.7682 0.2853
vn 0.9054 -0.3667 0.2139
vn 0.9954 0.0954 -0.0040
vn 0.9954 0.0958 -0.0031
vn 0.9073 -0.3877 0.1628
vn 0.9954 0.0954 -0.0040
vn 0.8189 0.5301 -0.2199
vn 0.8170 0.5517 -0.1674
vn 0.9954 0.0958 -0.0031
vn 0.8189 0.5301 -0.2199
vn 0.4260 0.8226 -0.3767
vn 0.4227 0.8597 -0.2868
vn 0.8170 0.5517 -0.1674
vn 0.4260 0.8226 -0.3767
vn -0.0785 0.8975 -0.4339
vn -0.0823 0.9403 -0.3303
vn 0.4227 0.8597 -0.2868
vn -0.0823 0.9403 -0.3303
vn -0.5656 0.7732 -0.2868
vn -0.5679 0.8001 -0.1932
vn -0.0850 0.9712 -0.2225
vn -0.5656 0.7732 -0.2868
vn -0.9004 0.4015 -0.1674
vn -0.9018 0.4171 -0.1128
vn -0.5679 0.8001 -0.1932
vn -0.9004 0.4015 -0.1674
vn -0.9969 -0.0785 -0.0031
vn -0.9969 -0.0782 -0.0021
vn -0.9018 0.4171 -0.1128
vn -0.9969 -0.0785 -0.0031
vn -0.8262 -0.5394 0.1628
vn -0.8248 -0.5546 0.1097
vn -0.9969 -0.0782 -0.0021
vn -0.8262 -0.5394 0.1628
vn -0.4311 -0.8560 0.2853
vn -0.4287 -0.8828 0.1922
vn -0.8248 -0.5546 0.1097
vn -0.4311 -0.8560 0.2853
vn 0.0823 -0.9403 0.3303
vn 0.0850 -0.9712 0.2225
vn -0.4287 -0.8828 0.1922
vn 0.0823 -0.9403 0.3303
vn 0.5732 -0.7682 0.2853
vn 0.5755 -0.7949 0.1922
vn 0.0850 -0.9712 0.2225
vn 0.5732 -0.7682 0.2853
vn 0.9073 -0.3877 0.1628
vn 0.9086 -0.4030 0.1097
vn 0.5755 -0.7949 0.1922
vn 0.9073 -0.3877 0.1628
vn 0.9954 0.0958 -0.0031
vn 0.9954 0.0961 -0.0021
vn 0.9086 -0.4030 0.1097
vn 0.9954 0.0958 -0.0031
vn 0.8170 0.5517 -0.1674
vn 0.8157 0.5674 -0.1128
vn 0.9954 0.0961 -0.0021
vn 0.8170 0.5517 -0.1674
vn 0.4227 0.8597 -0.2868
vn 0.4204 0.8865 -0.1932
vn 0.8157 0.5674 -0.1128
vn 0.4227 0.8597 -0.2868
vn -0.0823 0.9403 -0.3303
vn -0.0850 0.9712 -0.2225
vn 0.4204 0.8865 -0.1932
vn -0.0850 0.9712 -0.2225
vn -0.5679 0.8001 -0.1932
vn -0.5694 0.8163 -0.0972
vn -0.0866 0.9899 -0.1120
vn -0.5679 0.8001 -0.1932
vn -0.9018 0.4171 -0.1128
vn -0.9026 0.4266 -0.0568
vn -0.5694 0.8163 -0.0972
vn -0.9018 0.4171 -0.1128
vn -0.9969 -0.0782 -0.0021
vn -0.9970 -0.0780 -0.0010
vn -0.9026 0.4266 -0.0568
vn -0.9969 -0.0782 -0.0021
vn -0.8248 -0.5546 0.1097
vn -0.8240 -0.5639 0.0552
vn -0.9970 -0.0780 -0.0010
vn -0.8248 -0.5546 0.1097
vn -0.4287 -0.8828 0.1922
vn -0.4273 -0.8989 0.0967
vn -0.8240 -0.5639 0.0552
vn -0.4287 -0.8828 0.1922
vn 0.0850 -0.9712 0.2225
vn 0.0866 -0.9899 0.1120
vn -0.4273 -0.8989 0.0967
vn 0.0850 -0.9712 0.2225
vn 0.5755 -0.7949 0.1922
vn 0.5769 -0.8111 0.0967
vn 0.0866 -0.9899 0.1120
vn 0.5755 -0.7949 0.1922
vn 0.9086 -0.4030 0.1097
vn 0.9094 -0.4122 0.0552
vn 0.5769 -0.8111 0.0967
vn 0.9086 -0.4030 0.1097
vn 0.9954 0.0961 -0.0021
vn 0.9954 0.0963 -0.0010
vn 0.9094 -0.4122 0.0552
vn 0.9954 0.0961 -0.0021
vn 0.8157 0.5674 -0.1128
vn 0.8148 0.5769 -0.0568
vn 0.9954 0.0963 -0.0010
vn 0.8157 0.5674 -0.1128
vn 0.4204 0.8865 -0.1932
vn 0.4190 0.9028 -0.0972
vn 0.8148 0.5769 -0.0568
vn 0.4204 0.8865 -0.1932
vn -0.0850 0.9712 -0.2225
vn -0.0866 0.9899 -0.1120
vn 0.4190 0.9028 -0.0972
vn -0.0866 0.9899 -0.1120
vn -0.5694 0.8163 -0.0972
vn -0.5698 0.8218 0.0000
vn -0.0872 0.9962 0.0000
vn -0.5694 0.8163 -0.0972
vn -0.9026 0.4266 -0.0568
vn -0.9029 0.4298 0.0000
vn -0.5698 0.8218 0.0000
vn -0.9026 0.4266 -0.0568
vn -0.9970 -0.0780 -0.0010
vn -0.9970 -0.0779 -0.0000
vn -0.9029 0.4298 0.0000
vn -0.9970 -0.0780 -0.0010
vn -0.8240 -0.5639 0.0552
vn -0.8237 -0.5670 -0.0000
vn -0.9970 -0.0779 -0.0000
vn -0.8240 -0.5639 0.0552
vn -0.4273 -0.8989 0.0967
vn -0.4268 -0.9043 -0.0000
vn -0.8237 -0.5670 -0.0000
vn -0.4273 -0.8989 0.0967
vn 0.0866 -0.9899 0.1120
vn 0.0872 -0.9962 -0.0000
vn -0.4268 -0.9043 -0.0000
vn 0.0866 -0.9899 0.1120
vn 0.5769 -0.8111 0.0967
vn 0.5774 -0.8165 -0.0000
vn 0.0872 -0.9962 -0.0000
vn 0.5769 -0.8111 0.0967
vn 0.9094 -0.4122 0.0552
vn 0.9097 -0.4153 0.0000
vn 0.5774 -0.8165 -0.0000
vn 0.9094 -0.4122 0.0552
vn 0.9954 0.0963 -0.0010
vn 0.9953 0.0964 0.0000
vn 0.9097 -0.4153 0.0000
vn 0.9954 0.0963 -0.0010
vn 0.8148 0.5769 -0.0568
vn 0.8146 0.5801 0.0000
vn 0.9953 0.0964 0.0000
vn 0.8148 0.5769 -0.0568
vn 0.4190 0.9028 -0.0972
vn 0.4185 0.9082 0.0000
vn 0.8146 0.5801 0.0000
vn 0.4190 0.9028 -0.0972
vn -0.0866 0.9899 -0.1120
vn -0.0872 0.9962 0.0000
vn 0.4185 0.9082 0.0000
vn 0.0000 -1.0000 0.0000
vn 0.0000 -1.0000 0.0000
vn 0.0000 -1.0000 0.0000
vn 0.0000 -1.0000 0.0000
vn 0.0000 -1.0000 -0.0000
vn 0.0000 -1.0000 -0.0000
vn 0.0000 -1.0000 -0.0000
vn 0.0000 -1.0000 -0.0000
vn -0.0000 -1.0000 0.0000
vn -0.0000 -1.0000 0.0000
vn 0.0000 -1.0000 -0.0000
vn -0.0000 -1.0000 0.0000
vn 0.0000 -1.0000 0.0000
vn 0.0000 -1.0000 -0.0000
vn 0.0000 -1.0000 0.0000
vn -0.0000 -1.0000 -0.0000
vn 0.0024 0.0278 0.9996
vn -0.4939 0.0675 0.8669
vn -0.5101 0.0446 0.8590
vn -0.0144 0.0012 0.9999
vn -0.4939 0.0675 0.8669
vn -0.8594 0.0893 0.5034
vn -0.8670 0.0757 0.4925
vn -0.5101 0.0446 0.8590
vn -0.8594 0.0893 0.5034
vn -0.9962 0.0873 0.0046
vn -0.9962 0.0869 0.0000
vn -0.8670 0.0757 0.4925
vn -0.9962 0.0873 0.0046
vn -0.8659 0.0618 -0.4964
vn -0.8670 0.0757 -0.4925
vn -0.9962 0.0869 0.0000
vn -0.8659 0.0618 -0.4964
vn -0.5021 0.0195 -0.8646
vn -0.5101 0.0445 -0.8590
vn -0.8670 0.0757 -0.4925
vn -0.5021 0.0195 -0.8646
vn -0.0025 -0.0281 -0.9996
vn -0.0144 0.0012 -0.9999
vn -0.5101 0.0445 -0.8590
vn -0.0025 -0.0281 -0.9996
vn 0.4979 -0.0680 -0.8646
vn 0.4886 -0.0428 -0.8715
vn -0.0144 0.0012 -0.9999
vn 0.4979 -0.0680 -0.8646
vn 0.8634 -0.0896 -0.4964
vn 0.8599 -0.0754 -0.5049
vn 0.4886 -0.0428 -0.8715
vn 0.8634 -0.0896 -0.4964
vn 0.9962 -0.0870 0.0046
vn 0.9962 -0.0874 -0.0000
vn 0.8599 -0.0754 -0.5049
vn 0.9962 -0.0870 0.0046
vn 0.8619 -0.0612 0.5034
vn 0.8599 -0.0754 0.5049
vn 0.9962 -0.0874 -0.0000
vn 0.8619 -0.0612 0.5034
vn 0.4981 -0.0192 0.8669
vn 0.4886 -0.0428 0.8715
vn 0.8599 -0.0754 0.5049
vn 0.4981 -0.0192 0.8669
vn 0.0024 0.0278 0.9996
vn -0.0144 0.0012 0.9999
vn 0.4886 -0.0428 0.8715
vn -0.4939 0.0675 -0.8669
vn 0.0024 0.0278 -0.9996
vn -0.0144 0.0012 -0.9999
vn -0.5101 0.0445 -0.8590
vn 0.0024 0.0278 -0.9996
vn 0.4981 -0.0193 -0.8669
vn 0.4886 -0.0428 -0.8715
vn -0.0144 0.0012 -0.9999
vn 0.4981 -0.0193 -0.8669
vn 0.8619 -0.0613 -0.5034
vn 0.8599 -0.0754 -0.5049
vn 0.4886 -0.0428 -0.8715
vn 0.8619 -0.0613 -0.5034
vn 0.9962 -0.0870 -0.0046
vn 0.9962 -0.0874 -0.0000
vn 0.8599 -0.0754 -0.5049
vn 0.9962 -0.0870 -0.0046
vn 0.8634 -0.0895 0.4964
vn 0.8599 -0.0754 0.5049
vn 0.9962 -0.0874 -0.0000
vn 0.8634 -0.0895 0.4964
vn 0.4979 -0.0680 0.8646
vn 0.4886 -0.0428 0.8715
vn 0.8599 -0.0754 0.5049
vn 0.4979 -0.0680 0.8646
vn -0.0025 -0.0281 0.9996
vn -0.0144 0.0012 0.9999
vn 0.4886 -0.0428 0.8715
vn -0.0025 -0.0281 0.9996
vn -0.5021 0.0195 0.8646
vn -0.5101 0.0446 0.8590
vn -0.0144 0.0012 0.9999
vn -0.5021 0.0195 0.8646
vn -0.8659 0.0617 0.4964
vn -0.8670 0.0757 0.4925
vn -0.5101 0.0446 0.8590
vn -0.8659 0.0617 0.4964
vn -0.9962 0.0873 -0.0046
vn -0.9962 0.0869 0.0000
vn -0.8670 0.0757 0.4925
vn -0.9962 0.0873 -0.0046
vn -0.8594 0.0894 -0.5034
vn -0.8670 0.0757 -0.4925
vn -0.9962 0.0869 0.0000
vn -0.8594 0.0894 -0.5034
vn -0.4939 0.0675 -0.8669
vn -0.5101 0.0445 -0.8590
vn -0.8670 0.0757 -0.4925
vn -0.0024 0.0278 0.9996
vn -0.4981 -0.0193 0.8669
vn -0.4886 -0.0428 0.8715
vn 0.0144 0.0012 0.9999
vn -0.4981 -0.0193 0.8669
vn -0.8619 -0.0613 0.5034
vn -0.8599 -0.0754 0.5049
vn -0.4886 -0.0428 0.8715
vn -0.8619 -0.0613 0.5034
vn -0.9962 -0.0870 0.0046
vn -0.9962 -0.0874 0.0000
vn -0.8599 -0.0754 0.5049
vn -0.9962 -0.0870 0.0046
vn -0.8634 -0.0895 -0.4964
vn -0.8599 -0.0754 -0.5049
vn -0.9962 -0.0874 0.0000
vn -0.8634 -0.0895 -0.4964
vn -0.4979 -0.0680 -0.8646
vn -0.4886 -0.0428 -0.8715
vn -0.8599 -0.0754 -0.5049
vn -0.4979 -0.0680 -0.8646
vn 0.0025 -0.0281 -0.9996
vn 0.0144 0.0012 -0.9999
vn -0.4886 -0.0428 -0.8715
vn 0.0025 -0.0281 -0.9996
vn 0.5021 0.0195 -0.8646
vn 0.5101 0.0446 -0.8590
vn 0.0144 0.0012 -0.9999
vn 0.5021 0.0195 -0.8646
vn 0.8659 0.0617 -0.4964
vn 0.8670 0.0757 -0.4925
vn 0.5101 0.0446 -0.8590
vn 0.8659 0.0617 -0.4964
vn 0.9962 0.0873 0.0046
vn 0.9962 0.0869 -0.0000
vn 0.8670 0.0757 -0.4925
vn 0.9962 0.0873 0.0046
vn 0.8594 0.0894 0.5034
vn 0.8670 0.0757 0.4925
vn 0.9962 0.0869 -0.0000
vn 0.8594 0.0894 0.5034
vn 0.4939 0.0675 0.8669
vn 0.5101 0.0445 0.8590
vn 0.8670 0.0757 0.4925
vn 0.4939 0.0675 0.8669
vn -0.0024 0.0278 0.9996
vn 0.0144 0.0012 0.9999
vn 0.5101 0.0445 0.8590
vn -0.4981 -0.0192 -0.8669
vn -0.0024 0.0278 -0.9996
vn 0.0144 0.0012 -0.9999
vn -0.4886 -0.0428 -0.8715
vn -0.0024 0.0278 -0.9996
vn 0.4939 0.0675 -0.8669
vn 0.5101 0.0446 -0.8590
vn 0.0144 0.0012 -0.9999
vn 0.4939 0.0675 -0.8669
vn 0.8594 0.0893 -0.5034
vn 0.8670 0.0757 -0.4925
vn 0.5101 0.0446 -0.8590
vn 0.8594 0.0893 -0.5034
vn 0.9962 0.0873 -0.0046
vn 0.9962 0.0869 -0.0000
vn 0.8670 0.0757 -0.4925
vn 0.9962 0.0873 -0.0046
vn 0.8659 0.0618 0.4964
vn 0.8670 0.0757 0.4925
vn 0.9962 0.0869 -0.0000
vn 0.8659 0.0618 0.4964
vn 0.5021 0.0195 0.8646
vn 0.5101 0.0445 0.8590
vn 0.8670 0.0757 0.4925
vn 0.5021 0.0195 0.8646
vn 0.0025 -0.0281 0.9996
vn 0.0144 0.0012 0.9999
vn 0.5101 0.0445 0.8590
vn 0.0025 -0.0281 0.9996
vn -0.4979 -0.0680 0.8646
vn -0.4886 -0.0428 0.8715
vn 0.0144 0.0012 0.9999
vn -0.4979 -0.0680 0.8646
vn -0.8634 -0.0896 0.4964
vn -0.8599 -0.0754 0.5049
vn -0.4886 -0.0428 0.8715
vn -0.8634 -0.0896 0.4964
vn -0.9962 -0.0870 -0.0046
vn -0.9962 -0.0874 0.0000
vn -0.8599 -0.0754 0.5049
vn -0.9962 -0.0870 -0.0046
vn -0.8619 -0.0612 -0.5034
vn -0.8599 -0.0754 -0.5049
vn -0.9962 -0.0874 0.0000
vn -0.8619 -0.0612 -0.5034
vn -0.4981 -0.0192 -0.8669
vn -0.4886 -0.0428 -0.8715
vn -0.8599 -0.0754 -0.5049
vn 0.0872 0.9962 0.0000
vn -0.4185 0.9082 0.0000
vn -0.4190 0.9028 0.0972
vn 0.0866 0.9899 0.1120
vn -0.4185 0.9082 0.0000
vn -0.8146 0.5801 0.0000
vn -0.8148 0.5769 0.0568
vn -0.4190 0.9028 0.0972
vn -0.8146 0.5801 0.0000
vn -0.9953 0.0964 -0.0000
vn -0.9954 0.0963 0.0010
vn -0.8148 0.5769 0.0568
vn -0.9953 0.0964 -0.0000
vn -0.9097 -0.4153 -0.0000
vn -0.9094 -0.4122 -0.0552
vn -0.9954 0.0963 0.0010
vn -0.9097 -0.4153 -0.0000
vn -0.5774 -0.8165 -0.0000
vn -0.5769 -0.8111 -0.0967
vn -0.9094 -0.4122 -0.0552
vn -0.5774 -0.8165 -0.0000
vn -0.0872 -0.9962 -0.0000
vn -0.0866 -0.9899 -0.1120
vn -0.5769 -0.8111 -0.0967
vn -0.0872 -0.9962 -0.0000
vn 0.4269 -0.9043 -0.0000
vn 0.4273 -0.8989 -0.0967
vn -0.0866 -0.9899 -0.1120
vn 0.4269 -0.9043 -0.0000
vn 0.8237 -0.5670 -0.0000
vn 0.8240 -0.5639 -0.0552
vn 0.4273 -0.8989 -0.0967
vn 0.8237 -0.5670 -0.0000
vn 0.9970 -0.0779 0.0000
vn 0.9970 -0.0780 0.0010
vn 0.8240 -0.5639 -0.0552
vn 0.9970 -0.0779 0.0000
vn 0.9029 0.4298 0.0000
vn 0.9026 0.4266 0.0568
vn 0.9970 -0.0780 0.0010
vn 0.9029 0.4298 0.0000
vn 0.5698 0.8218 0.0000
vn 0.5694 0.8163 0.0972
vn 0.9026 0.4266 0.0568
vn 0.5698 0.8218 0.0000
vn 0.0872 0.9962 0.0000
vn 0.0866 0.9899 0.1120
vn 0.5694 0.8163 0.0972
vn 0.0866 0.9899 0.1120
vn -0.4190 0.9028 0.0972
vn -0.4204 0.8865 0.1932
vn 0.0850 0.9712 0.2225
vn -0.4190 0.9028 0.0972
vn -0.8148 0.5769 0.0568
vn -0.8157 0.5674 0.1128
vn -0.4204 0.8865 0.1932
vn -0.8148 0.5769 0.0568
vn -0.9954 0.0963 0.0010
vn -0.9954 0.0961 0.0021
vn -0.8157 0.5674 0.1128
vn -0.9954 0.0963 0.0010
vn -0.9094 -0.4122 -0.0552
vn -0.9086 -0.4030 -0.1097
vn -0.9954 0.0961 0.0021
vn -0.9094 -0.4122 -0.0552
vn -0.5769 -0.8111 -0.0967
vn -0.5755 -0.7949 -0.1922
vn -0.9086 -0.4030 -0.1097
vn -0.5769 -0.8111 -0.0967
vn -0.0866 -0.9899 -0.1120
vn -0.0850 -0.9712 -0.2225
vn -0.5755 -0.7949 -0.1922
vn -0.0866 -0.9899 -0.1120
vn 0.4273 -0.8989 -0.0967
vn 0.4287 -0.8827 -0.1922
vn -0.0850 -0.9712 -0.2225
vn 0.4273 -0.8989 -0.0967
vn 0.8240 -0.5639 -0.0552
vn 0.8248 -0.5546 -0.1097
vn 0.4287 -0.8827 -0.1922
vn 0.8240 -0.5639 -0.0552
vn 0.9970 -0.0780 0.0010
vn 0.9969 -0.0782 0.0021
vn 0.8248 -0.5546 -0.1097
vn 0.9970 -0.0780 0.0010
vn 0.9026 0.4266 0.0568
vn 0.9018 0.4172 0.1128
vn 0.9969 -0.0782 0.0021
vn 0.9026 0.4266 0.0568
vn 0.5694 0.8163 0.0972
vn 0.5679 0.8001 0.1932
vn 0.9018 0.4172 0.1128
vn 0.5694 0.8163 0.0972
vn 0.0866 0.9899 0.1120
vn 0.0850 0.9712 0.2225
vn 0.5679 0.8001 0.1932
vn 0.0850 0.9712 0.2225
vn -0.4204 0.8865 0.1932
vn -0.4227 0.8597 0.2868
vn 0.0823 0.9403 0.3303
vn -0.4204 0.8865 0.1932
vn -0.8157 0.5674 0.1128
vn -0.8170 0.5517 0.1674
vn -0.4227 0.8597 0.2868
vn -0.8157 0.5674 0.1128
vn -0.9954 0.0961 0.0021
vn -0.9954 0.0958 0.0031
vn -0.8170 0.5517 0.1674
vn -0.9954 0.0961 0.0021
vn -0.9086 -0.4030 -0.1097
vn -0.9073 -0.3877 -0.1628
vn -0.9954 0.0958 0.0031
vn -0.9086 -0.4030 -0.1097
vn -0.5755 -0.7949 -0.1922
vn -0.5732 -0.7682 -0.2853
vn -0.9073 -0.3877 -0.1628
vn -0.5755 -0.7949 -0.1922
vn -0.0850 -0.9712 -0.2225
vn -0.0823 -0.9403 -0.3303
vn -0.5732 -0.7682 -0.2853
vn -0.0850 -0.9712 -0.2225
vn 0.4287 -0.8827 -0.1922
vn 0.4311 -0.8560 -0.2853
vn -0.0823 -0.9403 -0.3303
vn 0.4287 -0.8827 -0.1922
vn 0.8248 -0.5546 -0.1097
vn 0.8262 -0.5394 -0.1628
vn 0.4311 -0.8560 -0.2853
vn 0.8248 -0.5546 -0.1097
vn 0.9969 -0.0782 0.0021
vn 0.9969 -0.0785 0.0031
vn 0.8262 -0.5394 -0.1628
vn 0.9969 -0.0782 0.0021
vn 0.9018 0.4172 0.1128
vn 0.9004 0.4015 0.1674
vn 0.9969 -0.0785 0.0031
vn 0.9018 0.4172 0.1128
vn 0.5679 0.8001 0.1932
vn 0.5656 0.7732 0.2868
vn 0.9004 0.4015 0.1674
vn 0.5679 0.8001 0.1932
vn 0.0850 0.9712 0.2225
vn 0.0823 0.9403 0.3303
vn 0.5656 0.7732 0.2868
vn 0.0823 0.9403 0.3303
vn -0.4227 0.8597 0.2868
vn -0.4260 0.8226 0.3767
vn 0.0785 0.8975 0.4339
vn -0.4227 0.8597 0.2868
vn -0.8170 0.5517 0.1674
vn -0.8189 0.5301 0.2199
vn -0.4260 0.8226 0.3767
vn -0.8170 0.5517 0.1674
vn -0.9954 0.0958 0.0031
vn -0.9954 0.0954 0.0040
vn -0.8189 0.5301 0.2199
vn -0.9954 0.0958 0.0031
vn -0.9073 -0.3877 -0.1628
vn -0.9054 -0.3667 -0.2139
vn -0.9954 0.0954 0.0040
vn -0.9073 -0.3877 -0.1628
vn -0.5732 -0.7682 -0.2853
vn -0.5699 -0.7313 -0.3747
vn -0.9054 -0.3667 -0.2139
vn -0.5732 -0.7682 -0.2853
vn -0.0823 -0.9403 -0.3303
vn -0.0785 -0.8975 -0.4339
vn -0.5699 -0.7313 -0.3747
vn -0.0823 -0.9403 -0.3303
vn 0.4311 -0.8560 -0.2853
vn 0.4343 -0.8191 -0.3747
vn -0.0785 -0.8975 -0.4339
vn 0.4311 -0.8560 -0.2853
vn 0.8262 -0.5394 -0.1628
vn 0.8280 -0.5183 -0.2139
vn 0.4343 -0.8191 -0.3747
vn 0.8262 -0.5394 -0.1628
vn 0.9969 -0.0785 0.0031
vn 0.9969 -0.0789 0.0040
vn 0.8280 -0.5183 -0.2139
vn 0.9969 -0.0785 0.0031
vn 0.9004 0.4015 0.1674
vn 0.8985 0.3798 0.2199
vn 0.9969 -0.0789 0.0040
vn 0.9004 0.4015 0.1674
vn 0.5656 0.7732 0.2868
vn 0.5623 0.7361 0.3767
vn 0.8985 0.3798 0.2199
vn 0.5656 0.7732 0.2868
vn 0.0823 0.9403 0.3303
vn 0.0785 0.8975 0.4339
vn 0.5623 0.7361 0.3767
vn 0.0785 0.8975 0.4339
vn -0.4260 0.8226 0.3767
vn -0.4301 0.7756 0.4620
vn 0.0738 0.8435 0.5320
vn -0.4260 0.8226 0.3767
vn -0.8189 0.5301 0.2199
vn -0.8213 0.5027 0.2697
vn -0.4301 0.7756 0.4620
vn -0.8189 0.5301 0.2199
vn -0.9954 0.0954 0.0040
vn -0.9955 0.0949 0.0049
vn -0.8213 0.5027 0.2697
vn -0.9954 0.0954 0.0040
vn -0.9054 -0.3667 -0.2139
vn -0.9031 -0.3400 -0.2623
vn -0.9955 0.0949 0.0049
vn -0.9054 -0.3667 -0.2139
vn -0.5699 -0.7313 -0.3747
vn -0.5659 -0.6846 -0.4595
vn -0.9031 -0.3400 -0.2623
vn -0.5699 -0.7313 -0.3747
vn -0.0785 -0.8975 -0.4339
vn -0.0738 -0.8435 -0.5320
vn -0.5659 -0.6846 -0.4595
vn -0.0785 -0.8975 -0.4339
vn 0.4343 -0.8191 -0.3747
vn 0.4384 -0.7724 -0.4595
vn -0.0738 -0.8435 -0.5320
vn 0.4343 -0.8191 -0.3747
vn 0.8280 -0.5183 -0.2139
vn 0.8303 -0.4917 -0.2623
vn 0.4384 -0.7724 -0.4595
vn 0.8280 -0.5183 -0.2139
vn 0.9969 -0.0789 0.0040
vn 0.9968 -0.0794 0.0049
vn 0.8303 -0.4917 -0.2623
vn 0.9969 -0.0789 0.0040
vn 0.8985 0.3798 0.2199
vn 0.8961 0.3524 0.2697
vn 0.9968 -0.0794 0.0049
vn 0.8985 0.3798 0.2199
vn 0.5623 0.7361 0.3767
vn 0.5582 0.6892 0.4620
vn 0.8961 0.3524 0.2697
vn 0.5623 0.7361 0.3767
vn 0.0785 0.8975 0.4339
vn 0.0738 0.8435 0.5320
vn 0.5582 0.6892 0.4620
vn 0.0738 0.8435 0.5320
vn -0.4301 0.7756 0.4620
vn -0.4350 0.7195 0.5414
vn 0.0681 0.7789 0.6235
vn -0.4301 0.7756 0.4620
vn -0.8213 0.5027 0.2697
vn -0.8242 0.4699 0.3160
vn -0.4350 0.7195 0.5414
vn -0.8213 0.5027 0.2697
vn -0.9955 0.0949 0.0049
vn -0.9955 0.0944 0.0058
vn -0.8242 0.4699 0.3160
vn -0.9955 0.0949 0.0049
vn -0.9031 -0.3400 -0.2623
vn -0.9003 -0.3082 -0.3074
vn -0.9955 0.0944 0.0058
vn -0.9031 -0.3400 -0.2623
vn -0.5659 -0.6846 -0.4595
vn -0.5610 -0.6288 -0.5385
vn -0.9003 -0.3082 -0.3074
vn -0.5659 -0.6846 -0.4595
vn -0.0738 -0.8435 -0.5320
vn -0.0681 -0.7789 -0.6235
vn -0.5610 -0.6288 -0.5385
vn -0.0738 -0.8435 -0.5320
vn 0.4384 -0.7724 -0.4595
vn 0.4433 -0.7166 -0.5385
vn -0.0681 -0.7789 -0.6235
vn 0.4384 -0.7724 -0.4595
vn 0.8303 -0.4917 -0.2623
vn 0.8331 -0.4598 -0.3074
vn 0.4433 -0.7166 -0.5385
vn 0.8303 -0.4917 -0.2623
vn 0.9968 -0.0794 0.0049
vn 0.9968 -0.0800 0.0058
vn 0.8331 -0.4598 -0.3074
vn 0.9968 -0.0794 0.0049
vn 0.8961 0.3524 0.2697
vn 0.8933 0.3196 0.3160
vn 0.9968 -0.0800 0.0058
vn 0.8961 0.3524 0.2697
vn 0.5582 0.6892 0.4620
vn 0.5533 0.6330 0.5414
vn 0.8933 0.3196 0.3160
vn 0.5582 0.6892 0.4620
vn 0.0738 0.8435 0.5320
vn 0.0681 0.7789 0.6235
vn 0.5533 0.6330 0.5414
vn 0.0681 0.7789 0.6235
vn -0.4350 0.7195 0.5414
vn -0.4406 0.6549 0.6140
vn 0.0616 0.7044 0.7071
vn -0.4350 0.7195 0.5414
vn -0.8242 0.4699 0.3160
vn -0.8275 0.4322 0.3584
vn -0.4406 0.6549 0.6140
vn -0.8242 0.4699 0.3160
vn -0.9955 0.0944 0.0058
vn -0.9956 0.0937 0.0065
vn -0.8275 0.4322 0.3584
vn -0.9955 0.0944 0.0058
vn -0.9003 -0.3082 -0.3074
vn -0.8971 -0.2715 -0.3486
vn -0.9956 0.0937 0.0065
vn -0.9003 -0.3082 -0.3074
vn -0.5610 -0.6288 -0.5385
vn -0.5554 -0.5645 -0.6107
vn -0.8971 -0.2715 -0.3486
vn -0.5610 -0.6288 -0.5385
vn -0.0681 -0.7789 -0.6235
vn -0.0616 -0.7044 -0.7071
vn -0.5554 -0.5645 -0.6107
vn -0.0681 -0.7789 -0.6235
vn 0.4433 -0.7166 -0.5385
vn 0.4489 -0.6523 -0.6107
vn -0.0616 -0.7044 -0.7071
vn 0.4433 -0.7166 -0.5385
vn 0.8331 -0.4598 -0.3074
vn 0.8363 -0.4231 -0.3486
vn 0.4489 -0.6523 -0.6107
vn 0.8331 -0.4598 -0.3074
vn 0.9968 -0.0800 0.0058
vn 0.9967 -0.0806 0.0065
vn 0.8363 -0.4231 -0.3486
vn 0.9968 -0.0800 0.0058
vn 0.8933 0.3196 0.3160
vn 0.8900 0.2819 0.3584
vn 0.9967 -0.0806 0.0065
vn 0.8933 0.3196 0.3160
vn 0.5533 0.6330 0.5414
vn 0.5477 0.5684 0.6140
vn 0.8900 0.2819 0.3584
vn 0.5533 0.6330 0.5414
vn 0.0681 0.7789 0.6235
vn 0.0616 0.7044 0.7071
vn 0.5477 0.5684 0.6140
vn 0.0616 0.7044 0.7071
vn -0.4406 0.6549 0.6140
vn -0.4470 0.5825 0.6789
vn 0.0543 0.6211 0.7818
vn -0.4406 0.6549 0.6140
vn -0.8275 0.4322 0.3584
vn -0.8312 0.3900 0.3963
vn -0.4470 0.5825 0.6789
vn -0.8275 0.4322 0.3584
vn -0.9956 0.0937 0.0065
vn -0.9956 0.0929 0.0072
vn -0.8312 0.3900 0.3963
vn -0.9956 0.0937 0.0065
vn -0.8971 -0.2715 -0.3486
vn -0.8935 -0.2304 -0.3854
vn -0.9956 0.0929 0.0072
vn -0.8971 -0.2715 -0.3486
vn -0.5554 -0.5645 -0.6107
vn -0.5491 -0.4925 -0.6753
vn -0.8935 -0.2304 -0.3854
vn -0.5554 -0.5645 -0.6107
vn -0.0616 -0.7044 -0.7071
vn -0.0543 -0.6211 -0.7818
vn -0.5491 -0.4925 -0.6753
vn -0.0616 -0.7044 -0.7071
vn 0.4489 -0.6523 -0.6107
vn 0.4552 -0.5804 -0.6753
vn -0.0543 -0.6211 -0.7818
vn 0.4489 -0.6523 -0.6107
vn 0.8363 -0.4231 -0.3486
vn 0.8399 -0.3820 -0.3854
vn 0.4552 -0.5804 -0.6753
vn 0.8363 -0.4231 -0.3486
vn 0.9967 -0.0806 0.0065
vn 0.9967 -0.0814 0.0072
vn 0.8399 -0.3820 -0.3854
vn 0.9967 -0.0806 0.0065
vn 0.8900 0.2819 0.3584
vn 0.8863 0.2397 0.3963
vn 0.9967 -0.0814 0.0072
vn 0.8900 0.2819 0.3584
vn 0.5477 0.5684 0.6140
vn 0.5413 0.4961 0.6789
vn 0.8863 0.2397 0.3963
vn 0.5477 0.5684 0.6140
vn 0.0616 0.7044 0.7071
vn 0.0543 0.6211 0.7818
vn 0.5413 0.4961 0.6789
vn 0.0543 0.6211 0.7818
vn -0.4470 0.5825 0.6789
vn -0.4539 0.5034 0.7352
vn 0.0464 0.5300 0.8467
vn -0.4470 0.5825 0.6789
vn -0.8312 0.3900 0.3963
vn -0.8352 0.3438 0.4292
vn -0.4539 0.5034 0.7352
vn -0.8312 0.3900 0.3963
vn -0.9956 0.0929 0.0072
vn -0.9957 0.0921 0.0078
vn -0.8352 0.3438 0.4292
vn -0.9956 0.0929 0.0072
vn -0.8935 -0.2304 -0.3854
vn -0.8896 -0.1855 -0.4174
vn -0.9957 0.0921 0.0078
vn -0.8935 -0.2304 -0.3854
vn -0.5491 -0.4925 -0.6753
vn -0.5422 -0.4138 -0.7313
vn -0.8896 -0.1855 -0.4174
vn -0.5491 -0.4925 -0.6753
vn -0.0543 -0.6211 -0.7818
vn -0.0464 -0.5300 -0.8467
vn -0.5422 -0.4138 -0.7313
vn -0.0543 -0.6211 -0.7818
vn 0.4552 -0.5804 -0.6753
vn 0.4621 -0.5017 -0.7313
vn -0.0464 -0.5300 -0.8467
vn 0.4552 -0.5804 -0.6753
vn 0.8399 -0.3820 -0.3854
vn 0.8439 -0.3371 -0.4174
vn 0.4621 -0.5017 -0.7313
vn 0.8399 -0.3820 -0.3854
vn 0.9967 -0.0814 0.0072
vn 0.9966 -0.0823 0.0078
vn 0.8439 -0.3371 -0.4174
vn 0.9967 -0.0814 0.0072
vn 0.8863 0.2397 0.3963
vn 0.8822 0.1935 0.4292
vn 0.9966 -0.0823 0.0078
vn 0.8863 0.2397 0.3963
vn 0.5413 0.4961 0.6789
vn 0.5344 0.4170 0.7352
vn 0.8822 0.1935 0.4292
vn 0.5413 0.4961 0.6789
vn 0.0543 0.6211 0.7818
vn 0.0464 0.5300 0.8467
vn 0.5344 0.4170 0.7352
vn 0.0464 0.5300 0.8467
vn -0.4539 0.5034 0.7352
vn -0.4613 0.4185 0.7823
vn 0.0378 0.4322 0.9010
vn -0.4539 0.5034 0.7352
vn -0.8352 0.3438 0.4292
vn -0.8396 0.2942 0.4567
vn -0.4613 0.4185 0.7823
vn -0.8352 0.3438 0.4292
vn -0.9957 0.0921 0.0078
vn -0.9958 0.0911 0.0083
vn -0.8396 0.2942 0.4567
vn -0.9957 0.0921 0.0078
vn -0.8896 -0.1855 -0.4174
vn -0.8854 -0.1373 -0.4442
vn -0.9958 0.0911 0.0083
vn -0.8896 -0.1855 -0.4174
vn -0.5422 -0.4138 -0.7313
vn -0.5348 -0.3294 -0.7781
vn -0.8854 -0.1373 -0.4442
vn -0.5422 -0.4138 -0.7313
vn -0.0464 -0.5300 -0.8467
vn -0.0378 -0.4322 -0.9010
vn -0.5348 -0.3294 -0.7781
vn -0.0464 -0.5300 -0.8467
vn 0.4621 -0.5017 -0.7313
vn 0.4695 -0.4172 -0.7781
vn -0.0378 -0.4322 -0.9010
vn 0.4621 -0.5017 -0.7313
vn 0.8439 -0.3371 -0.4174
vn 0.8481 -0.2889 -0.4442
vn 0.4695 -0.4172 -0.7781
vn 0.8439 -0.3371 -0.4174
vn 0.9966 -0.0823 0.0078
vn 0.9965 -0.0832 0.0083
vn 0.8481 -0.2889 -0.4442
vn 0.9966 -0.0823 0.0078
vn 0.8822 0.1935 0.4292
vn 0.8779 0.1440 0.4567
vn 0.9965 -0.0832 0.0083
vn 0.8822 0.1935 0.4292
vn 0.5344 0.4170 0.7352
vn 0.5270 0.3321 0.7823
vn 0.8779 0.1440 0.4567
vn 0.5344 0.4170 0.7352
vn 0.0464 0.5300 0.8467
vn 0.0378 0.4322 0.9010
vn 0.5270 0.3321 0.7823
vn 0.0378 0.4322 0.9010
vn -0.4613 0.4185 0.7823
vn -0.4692 0.3289 0.8196
vn 0.0288 0.3290 0.9439
vn -0.4613 0.4185 0.7823
vn -0.8396 0.2942 0.4567
vn -0.8442 0.2419 0.4784
vn -0.4692 0.3289 0.8196
vn -0.8396 0.2942 0.4567
vn -0.9958 0.0911 0.0083
vn -0.9959 0.0902 0.0087
vn -0.8442 0.2419 0.4784
vn -0.9958 0.0911 0.0083
vn -0.8854 -0.1373 -0.4442
vn -0.8809 -0.0864 -0.4653
vn -0.9959 0.0902 0.0087
vn -0.8854 -0.1373 -0.4442
vn -0.5348 -0.3294 -0.7781
vn -0.5270 -0.2402 -0.8152
vn -0.8809 -0.0864 -0.4653
vn -0.5348 -0.3294 -0.7781
vn -0.0378 -0.4322 -0.9010
vn -0.0288 -0.3290 -0.9439
vn -0.5270 -0.2402 -0.8152
vn -0.0378 -0.4322 -0.9010
vn 0.4695 -0.4172 -0.7781
vn 0.4773 -0.3281 -0.8152
vn -0.0288 -0.3290 -0.9439
vn 0.4695 -0.4172 -0.7781
vn 0.8481 -0.2889 -0.4442
vn 0.8525 -0.2380 -0.4653
vn 0.4773 -0.3281 -0.8152
vn 0.8481 -0.2889 -0.4442
vn 0.9965 -0.0832 0.0083
vn 0.9964 -0.0841 0.0087
vn 0.8525 -0.2380 -0.4653
vn 0.9965 -0.0832 0.0083
vn 0.8779 0.1440 0.4567
vn 0.8733 0.0916 0.4784
vn 0.9964 -0.0841 0.0087
vn 0.8779 0.1440 0.4567
vn 0.5270 0.3321 0.7823
vn 0.5191 0.2425 0.8196
vn 0.8733 0.0916 0.4784
vn 0.5270 0.3321 0.7823
vn 0.0378 0.4322 0.9010
vn 0.0288 0.3290 0.9439
vn 0.5191 0.2425 0.8196
vn 0.0288 0.3290 0.9439
vn -0.4692 0.3289 0.8196
vn -0.4773 0.2357 0.8465
vn 0.0194 0.2217 0.9749
vn -0.4692 0.3289 0.8196
vn -0.8442 0.2419 0.4784
vn -0.8489 0.1875 0.4942
vn -0.4773 0.2357 0.8465
vn -0.8442 0.2419 0.4784
vn -0.9959 0.0902 0.0087
vn -0.9960 0.0892 0.0090
vn -0.8489 0.1875 0.4942
vn -0.9959 0.0902 0.0087
vn -0.8809 -0.0864 -0.4653
vn -0.8763 -0.0335 -0.4806
vn -0.9960 0.0892 0.0090
vn -0.8809 -0.0864 -0.4653
vn -0.5270 -0.2402 -0.8152
vn -0.5189 -0.1475 -0.8420
vn -0.8763 -0.0335 -0.4806
vn -0.5270 -0.2402 -0.8152
vn -0.0288 -0.3290 -0.9439
vn -0.0194 -0.2217 -0.9749
vn -0.5189 -0.1475 -0.8420
vn -0.0288 -0.3290 -0.9439
vn 0.4773 -0.3281 -0.8152
vn 0.4854 -0.2354 -0.8420
vn -0.0194 -0.2217 -0.9749
vn 0.4773 -0.3281 -0.8152
vn 0.8525 -0.2380 -0.4653
vn 0.8572 -0.1851 -0.4806
vn 0.4854 -0.2354 -0.8420
vn 0.8525 -0.2380 -0.4653
vn 0.9964 -0.0841 0.0087
vn 0.9963 -0.0851 0.0090
vn 0.8572 -0.1851 -0.4806
vn 0.9964 -0.0841 0.0087
vn 0.8733 0.0916 0.4784
vn 0.8686 0.0372 0.4942
vn 0.9963 -0.0851 0.0090
vn 0.8733 0.0916 0.4784
vn 0.5191 0.2425 0.8196
vn 0.5110 0.1492 0.8465
vn 0.8686 0.0372 0.4942
vn 0.5191 0.2425 0.8196
vn 0.0288 0.3290 0.9439
vn 0.0194 0.2217 0.9749
vn 0.5110 0.1492 0.8465
vn 0.0194 0.2217 0.9749
vn -0.4773 0.2357 0.8465
vn -0.4857 0.1401 0.8628
vn 0.0098 0.1115 0.9937
vn -0.4773 0.2357 0.8465
vn -0.8489 0.1875 0.4942
vn -0.8538 0.1317 0.5037
vn -0.4857 0.1401 0.8628
vn -0.8489 0.1875 0.4942
vn -0.9960 0.0892 0.0090
vn -0.9961 0.0882 0.0092
vn -0.8538 0.1317 0.5037
vn -0.9960 0.0892 0.0090
vn -0.8763 -0.0335 -0.4806
vn -0.8715 0.0208 -0.4899
vn -0.9961 0.0882 0.0092
vn -0.8763 -0.0335 -0.4806
vn -0.5189 -0.1475 -0.8420
vn -0.5106 -0.0524 -0.8582
vn -0.8715 0.0208 -0.4899
vn -0.5189 -0.1475 -0.8420
vn -0.0194 -0.2217 -0.9749
vn -0.0098 -0.1115 -0.9937
vn -0.5106 -0.0524 -0.8582
vn -0.0194 -0.2217 -0.9749
vn 0.4854 -0.2354 -0.8420
vn 0.4937 -0.1403 -0.8582
vn -0.0098 -0.1115 -0.9937
vn 0.4854 -0.2354 -0.8420
vn 0.8572 -0.1851 -0.4806
vn 0.8619 -0.1308 -0.4899
vn 0.4937 -0.1403 -0.8582
vn 0.8572 -0.1851 -0.4806
vn 0.9963 -0.0851 0.0090
vn 0.9962 -0.0861 0.0092
vn 0.8619 -0.1308 -0.4899
vn 0.9963 -0.0851 0.0090
vn 0.8686 0.0372 0.4942
vn 0.8637 -0.0186 0.5037
vn 0.9962 -0.0861 0.0092
vn 0.8686 0.0372 0.4942
vn 0.5110 0.1492 0.8465
vn 0.5026 0.0536 0.8628
vn 0.8637 -0.0186 0.5037
vn 0.5110 0.1492 0.8465
vn 0.0194 0.2217 0.9749
vn 0.0098 0.1115 0.9937
vn 0.5026 0.0536 0.8628
vn 0.0098 0.1115 0.9937
vn -0.4857 0.1401 0.8628
vn -0.4939 0.0675 0.8669
vn 0.0024 0.0278 0.9996
vn -0.4857 0.1401 0.8628
vn -0.8538 0.1317 0.5037
vn -0.8594 0.0893 0.5034
vn -0.4939 0.0675 0.8669
vn -0.8538 0.1317 0.5037
vn -0.9961 0.0882 0.0092
vn -0.9962 0.0873 0.0046
vn -0.8594 0.0893 0.5034
vn -0.9961 0.0882 0.0092
vn -0.8715 0.0208 -0.4899
vn -0.8659 0.0618 -0.4964
vn -0.9962 0.0873 0.0046
vn -0.8715 0.0208 -0.4899
vn -0.5106 -0.0524 -0.8582
vn -0.5021 0.0195 -0.8646
vn -0.8659 0.0618 -0.4964
vn -0.5106 -0.0524 -0.8582
vn -0.0098 -0.1115 -0.9937
vn -0.0025 -0.0281 -0.9996
vn -0.5021 0.0195 -0.8646
vn -0.0098 -0.1115 -0.9937
vn 0.4937 -0.1403 -0.8582
vn 0.4979 -0.0680 -0.8646
vn -0.0025 -0.0281 -0.9996
vn 0.4937 -0.1403 -0.8582
vn 0.8619 -0.1308 -0.4899
vn 0.8634 -0.0896 -0.4964
vn 0.4979 -0.0680 -0.8646
vn 0.8619 -0.1308 -0.4899
vn 0.9962 -0.0861 0.0092
vn 0.9962 -0.0870 0.0046
vn 0.8634 -0.0896 -0.4964
vn 0.9962 -0.0861 0.0092
vn 0.8637 -0.0186 0.5037
vn 0.8619 -0.0612 0.5034
vn 0.9962 -0.0870 0.0046
vn 0.8637 -0.0186 0.5037
vn 0.5026 0.0536 0.8628
vn 0.4981 -0.0192 0.8669
vn 0.8619 -0.0612 0.5034
vn 0.5026 0.0536 0.8628
vn 0.0098 0.1115 0.9937
vn 0.0024 0.0278 0.9996
vn 0.4981 -0.0192 0.8669
vn 0.0024 0.0278 -0.9996
vn -0.4939 0.0675 -0.8669
vn -0.4857 0.1401 -0.8628
vn 0.0098 0.1115 -0.9937
vn -0.4939 0.0675 -0.8669
vn -0.8594 0.0894 -0.5034
vn -0.8538 0.1317 -0.5037
vn -0.4857 0.1401 -0.8628
vn -0.8594 0.0894 -0.5034
vn -0.9962 0.0873 -0.0046
vn -0.9961 0.0882 -0.0092
vn -0.8538 0.1317 -0.5037
vn -0.9962 0.0873 -0.0046
vn -0.8659 0.0617 0.4964
vn -0.8715 0.0208 0.4899
vn -0.9961 0.0882 -0.0092
vn -0.8659 0.0617 0.4964
vn -0.5021 0.0195 0.8646
vn -0.5106 -0.0524 0.8582
vn -0.8715 0.0208 0.4899
vn -0.5021 0.0195 0.8646
vn -0.0025 -0.0281 0.9996
vn -0.0098 -0.1115 0.9937
vn -0.5106 -0.0524 0.8582
vn -0.0025 -0.0281 0.9996
vn 0.4979 -0.0680 0.8646
vn 0.4937 -0.1403 0.8582
vn -0.0098 -0.1115 0.9937
vn 0.4979 -0.0680 0.8646
vn 0.8634 -0.0895 0.4964
vn 0.8619 -0.1308 0.4899
vn 0.4937 -0.1403 0.8582
vn 0.8634 -0.0895 0.4964
vn 0.9962 -0.0870 -0.0046
vn 0.9962 -0.0861 -0.0092
vn 0.8619 -0.1308 0.4899
vn 0.9962 -0.0870 -0.0046
vn 0.8619 -0.0613 -0.5034
vn 0.8637 -0.0186 -0.5037
vn 0.9962 -0.0861 -0.0092
vn 0.8619 -0.0613 -0.5034
vn 0.4981 -0.0193 -0.8669
vn 0.5026 0.0536 -0.8628
vn 0.8637 -0.0186 -0.5037
vn 0.4981 -0.0193 -0.8669
vn 0.0024 0.0278 -0.9996
vn 0.0098 0.1115 -0.9937
vn 0.5026 0.0536 -0.8628
vn 0.0098 0.1115 -0.9937
vn -0.4857 0.1401 -0.8628
vn -0.4773 0.2357 -0.8465
vn 0.0194 0.2217 -0.9749
vn -0.4857 0.1401 -0.8628
vn -0.8538 0.1317 -0.5037
vn -0.8489 0.1875 -0.4942
vn -0.4773 0.2357 -0.8465
vn -0.8538 0.1317 -0.5037
vn -0.9961 0.0882 -0.0092
vn -0.9960 0.0892 -0.0090
vn -0.8489 0.1875 -0.4942
vn -0.9961 0.0882 -0.0092
vn -0.8715 0.0208 0.4899
vn -0.8763 -0.0335 0.4806
vn -0.9960 0.0892 -0.0090
vn -0.8715 0.0208 0.4899
vn -0.5106 -0.0524 0.8582
vn -0.5189 -0.1475 0.8420
vn -0.8763 -0.0335 0.4806
vn -0.5106 -0.0524 0.8582
vn -0.0098 -0.1115 0.9937
vn -0.0194 -0.2217 0.9749
vn -0.5189 -0.1475 0.8420
vn -0.0098 -0.1115 0.9937
vn 0.4937 -0.1403 0.8582
vn 0.4854 -0.2354 0.8420
vn -0.0194 -0.2217 0.9749
vn 0.4937 -0.1403 0.8582
vn 0.8619 -0.1308 0.4899
vn 0.8572 -0.1851 0.4806
vn 0.4854 -0.2354 0.8420
vn 0.8619 -0.1308 0.4899
vn 0.9962 -0.0861 -0.0092
vn 0.9963 -0.0851 -0.0090
vn 0.8572 -0.1851 0.4806
vn 0.9962 -0.0861 -0.0092
vn 0.8637 -0.0186 -0.5037
vn 0.8686 0.0372 -0.4942
vn 0.9963 -0.0851 -0.0090
vn 0.8637 -0.0186 -0.5037
vn 0.5026 0.0536 -0.8628
vn 0.5110 0.1492 -0.8465
vn 0.8686 0.0372 -0.4942
vn 0.5026 0.0536 -0.8628
vn 0.0098 0.1115 -0.9937
vn 0.0194 0.2217 -0.9749
vn 0.5110 0.1492 -0.8465
vn 0.0194 0.2217 -0.9749
vn -0.4773 0.2357 -0.8465
vn -0.4692 0.3289 -0.8196
vn 0.0288 0.3290 -0.9439
vn -0.4773 0.2357 -0.8465
vn -0.8489 0.1875 -0.4942
vn -0.8442 0.2419 -0.4784
vn -0.4692 0.3289 -0.8196
vn -0.8489 0.1875 -0.4942
vn -0.9960 0.0892 -0.0090
vn -0.9959 0.0902 -0.0087
vn -0.8442 0.2419 -0.4784
vn -0.9960 0.0892 -0.0090
vn -0.8763 -0.0335 0.4806
vn -0.8809 -0.0864 0.4653
vn -0.9959 0.0902 -0.0087
vn -0.8763 -0.0335 0.4806
vn -0.5189 -0.1475 0.8420
vn -0.5270 -0.2402 0.8152
vn -0.8809 -0.0864 0.4653
vn -0.5189 -0.1475 0.8420
vn -0.0194 -0.2217 0.9749
vn -0.0288 -0.3290 0.9439
vn -0.5270 -0.2402 0.8152
vn -0.0194 -0.2217 0.9749
vn 0.4854 -0.2354 0.8420
vn 0.4773 -0.3281 0.8152
vn -0.0288 -0.3290 0.9439
vn 0.4854 -0.2354 0.8420
vn 0.8572 -0.1851 0.4806
vn 0.8525 -0.2380 0.4653
vn 0.4773 -0.3281 0.8152
vn 0.8572 -0.1851 0.4806
vn 0.9963 -0.0851 -0.0090
vn 0.9964 -0.0841 -0.0087
vn 0.8525 -0.2380 0.4653
vn 0.9963 -0.0851 -0.0090
vn 0.8686 0.0372 -0.4942
vn 0.8733 0.0916 -0.4784
vn 0.9964 -0.0841 -0.0087
vn 0.8686 0.0372 -0.4942
vn 0.5110 0.1492 -0.8465
vn 0.5191 0.2425 -0.8196
vn 0.8733 0.0916 -0.4784
vn 0.5110 0.1492 -0.8465
vn 0.0194 0.2217 -0.9749
vn 0.0288 0.3290 -0.9439
vn 0.5191 0.2425 -0.8196
vn 0.0288 0.3290 -0.9439
vn -0.4692 0.3289 -0.8196
vn -0.4613 0.4185 -0.7823
vn 0.0378 0.4322 -0.9010
vn -0.4692 0.3289 -0.8196
vn -0.8442 0.2419 -0.4784
vn -0.8396 0.2942 -0.4567
vn -0.4613 0.4185 -0.7823
vn -0.8442 0.2419 -0.4784
vn -0.9959 0.0902 -0.0087
vn -0.9958 0.0911 -0.0083
vn -0.8396 0.2942 -0.4567
vn -0.9959 0.0902 -0.0087
vn -0.8809 -0.0864 0.4653
vn -0.8854 -0.1373 0.4442
vn -0.9958 0.0911 -0.0083
vn -0.8809 -0.0864 0.4653
vn -0.5270 -0.2402 0.8152
vn -0.5348 -0.3294 0.7781
vn -0.8854 -0.1373 0.4442
vn -0.5270 -0.2402 0.8152
vn -0.0288 -0.3290 0.9439
vn -0.0378 -0.4322 0.9010
vn -0.5348 -0.3294 0.7781
vn -0.0288 -0.3290 0.9439
vn 0.4773 -0.3281 0.8152
vn 0.4695 -0.4172 0.7781
vn -0.0378 -0.4322 0.9010
vn 0.4773 -0.3281 0.8152
vn 0.8525 -0.2380 0.4653
vn 0.8481 -0.2889 0.4442
vn 0.4695 -0.4172 0.7781
vn 0.8525 -0.2380 0.4653
vn 0.9964 -0.0841 -0.0087
vn 0.9965 -0.0832 -0.0083
vn 0.8481 -0.2889 0.4442
vn 0.9964 -0.0841 -0.0087
vn 0.8733 0.0916 -0.4784
vn 0.8779 0.1440 -0.4567
vn 0.9965 -0.0832 -0.0083
vn 0.8733 0.0916 -0.4784
vn 0.5191 0.2425 -0.8196
vn 0.5270 0.3321 -0.7823
vn 0.8779 0.1440 -0.4567
vn 0.5191 0.2425 -0.8196
vn 0.0288 0.3290 -0.9439
vn 0.0378 0.4322 -0.9010
vn 0.5270 0.3321 -0.7823
vn 0.0378 0.4322 -0.9010
vn -0.4613 0.4185 -0.7823
vn -0.4539 0.5034 -0.7352
vn 0.0464 0.5300 -0.8467
vn -0.4613 0.4185 -0.7823
vn -0.8396 0.2942 -0.4567
vn -0.8352 0.3438 -0.4292
vn -0.4539 0.5034 -0.7352
vn -0.8396 0.2942 -0.4567
vn -0.9958 0.0911 -0.0083
vn -0.9957 0.0921 -0.0078
vn -0.8352 0.3438 -0.4292
vn -0.9958 0.0911 -0.0083
vn -0.8854 -0.1373 0.4442
vn -0.8896 -0.1855 0.4174
vn -0.9957 0.0921 -0.0078
vn -0.8854 -0.1373 0.4442
vn -0.5348 -0.3294 0.7781
vn -0.5422 -0.4138 0.7313
vn -0.8896 -0.1855 0.4174
vn -0.5348 -0.3294 0.7781
vn -0.0378 -0.4322 0.9010
vn -0.0464 -0.5300 0.8467
vn -0.5422 -0.4138 0.7313
vn -0.0378 -0.4322 0.9010
vn 0.4695 -0.4172 0.7781
vn 0.4621 -0.5017 0.7313
vn -0.0464 -0.5300 0.8467
vn 0.4695 -0.4172 0.7781
vn 0.8481 -0.2889 0.4442
vn 0.8439 -0.3371 0.4174
vn 0.4621 -0.5017 0.7313
vn 0.8481 -0.2889 0.4442
vn 0.9965 -0.0832 -0.0083
vn 0.9966 -0.0823 -0.0078
vn 0.8439 -0.3371 0.4174
vn 0.9965 -0.0832 -0.0083
vn 0.8779 0.1440 -0.4567
vn 0.8822 0.1935 -0.4292
vn 0.9966 -0.0823 -0.0078
vn 0.8779 0.1440 -0.4567
vn 0.5270 0.3321 -0.7823
vn 0.5344 0.4170 -0.7352
vn 0.8822 0.1935 -0.4292
vn 0.5270 0.3321 -0.7823
vn 0.0378 0.4322 -0.9010
vn 0.0464 0.5300 -0.8467
vn 0.5344 0.4170 -0.7352
vn 0.0464 0.5300 -0.8467
vn -0.4539 0.5034 -0.7352
vn -0.4470 0.5825 -0.6789
vn 0.0543 0.6211 -0.7818
vn -0.4539 0.5034 -0.7352
vn -0.8352 0.3438 -0.4292
vn -0.8312 0.3900 -0.3963
vn -0.4470 0.5825 -0.6789
vn -0.8352 0.3438 -0.4292
vn -0.9957 0.0921 -0.0078
vn -0.9956 0.0929 -0.0072
vn -0.8312 0.3900 -0.3963
vn -0.9957 0.0921 -0.0078
vn -0.8896 -0.1855 0.4174
vn -0.8935 -0.2304 0.3854
vn -0.9956 0.0929 -0.0072
vn -0.8896 -0.1855 0.4174
vn -0.5422 -0.4138 0.7313
vn -0.5491 -0.4925 0.6753
vn -0.8935 -0.2304 0.3854
vn -0.5422 -0.4138 0.7313
vn -0.0464 -0.5300 0.8467
vn -0.0543 -0.6211 0.7818
vn -0.5491 -0.4925 0.6753
vn -0.0464 -0.5300 0.8467
vn 0.4621 -0.5017 0.7313
vn 0.4552 -0.5804 0.6753
vn -0.0543 -0.6211 0.7818
vn 0.4621 -0.5017 0.7313
vn 0.8439 -0.3371 0.4174
vn 0.8399 -0.3820 0.3854
vn 0.4552 -0.5804 0.6753
vn 0.8439 -0.3371 0.4174
vn 0.9966 -0.0823 -0.0078
vn 0.9967 -0.0814 -0.0072
vn 0.8399 -0.3820 0.3854
vn 0.9966 -0.0823 -0.0078
vn 0.8822 0.1935 -0.4292
vn 0.8863 0.2397 -0.3963
vn 0.9967 -0.0814 -0.0072
vn 0.8822 0.1935 -0.4292
vn 0.5344 0.4170 -0.7352
vn 0.5413 0.4961 -0.6789
vn 0.8863 0.2397 -0.3963
vn 0.5344 0.4170 -0.7352
vn 0.0464 0.5300 -0.8467
vn 0.0543 0.6211 -0.7818
vn 0.5413 0.4961 -0.6789
vn 0.0543 0.6211 -0.7818
vn -0.4470 0.5825 -0.6789
vn -0.4406 0.6549 -0.6140
vn 0.0616 0.7044 -0.7071
vn -0.4470 0.5825 -0.6789
vn -0.8312 0.3900 -0.3963
vn -0.8275 0.4322 -0.3584
vn -0.4406 0.6549 -0.6140
vn -0.8312 0.3900 -0.3963
vn -0.9956 0.0929 -0.0072
vn -0.9956 0.0937 -0.0065
vn -0.8275 0.4322 -0.3584
vn -0.9956 0.0929 -0.0072
vn -0.8935 -0.2304 0.3854
vn -0.8971 -0.2715 0.3486
vn -0.9956 0.0937 -0.0065
vn -0.8935 -0.2304 0.3854
vn -0.5491 -0.4925 0.6753
vn -0.5554 -0.5645 0.6107
vn -0.8971 -0.2715 0.3486
vn -0.5491 -0.4925 0.6753
vn -0.0543 -0.6211 0.7818
vn -0.0616 -0.7044 0.7071
vn -0.5554 -0.5645 0.6107
vn -0.0543 -0.6211 0.7818
vn 0.4552 -0.5804 0.6753
vn 0.4489 -0.6523 0.6107
vn -0.0616 -0.7044 0.7071
vn 0.4552 -0.5804 0.6753
vn 0.8399 -0.3820 0.3854
vn 0.8363 -0.4231 0.3486
vn 0.4489 -0.6523 0.6107
vn 0.8399 -0.3820 0.3854
vn 0.9967 -0.0814 -0.0072
vn 0.9967 -0.0806 -0.0065
vn 0.8363 -0.4231 0.3486
vn 0.9967 -0.0814 -0.0072
vn 0.8863 0.2397 -0.3963
vn 0.8900 0.2819 -0.3584
vn 0.9967 -0.0806 -0.0065
vn 0.8863 0.2397 -0.3963
vn 0.5413 0.4961 -0.6789
vn 0.5477 0.5684 -0.6140
vn 0.8900 0.2819 -0.3584
vn 0.5413 0.4961 -0.6789
vn 0.0543 0.6211 -0.7818
vn 0.0616 0.7044 -0.7071
vn 0.5477 0.5684 -0.6140
vn 0.0616 0.7044 -0.7071
vn -0.4406 0.6549 -0.6140
vn -0.4350 0.7195 -0.5414
vn 0.0681 0.7789 -0.6235
vn -0.4406 0.6549 -0.6140
vn -0.8275 0.4322 -0.3584
vn -0.8242 0.4699 -0.3160
vn -0.4350 0.7195 -0.5414
vn -0.8275 0.4322 -0.3584
vn -0.9956 0.0937 -0.0065
vn -0.9955 0.0944 -0.0058
vn -0.8242 0.4699 -0.3160
vn -0.9956 0.0937 -0.0065
vn -0.8971 -0.2715 0.3486
vn -0.9003 -0.3082 0.3074
vn -0.9955 0.0944 -0.0058
vn -0.8971 -0.2715 0.3486
vn -0.5554 -0.5645 0.6107
vn -0.5610 -0.6288 0.5385
vn -0.9003 -0.3082 0.3074
vn -0.5554 -0.5645 0.6107
vn -0.0616 -0.7044 0.7071
vn -0.0681 -0.7789 0.6235
vn -0.5610 -0.6288 0.5385
vn -0.0616 -0.7044 0.7071
vn 0.4489 -0.6523 0.6107
vn 0.4433 -0.7166 0.5385
vn -0.0681 -0.7789 0.6235
vn 0.4489 -0.6523 0.6107
vn 0.8363 -0.4231 0.3486
vn 0.8331 -0.4598 0.3074
vn 0.4433 -0.7166 0.5385
vn 0.8363 -0.4231 0.3486
vn 0.9967 -0.0806 -0.0065
vn 0.9968 -0.0800 -0.0058
vn 0.8331 -0.4598 0.3074
vn 0.9967 -0.0806 -0.0065
vn 0.8900 0.2819 -0.3584
vn 0.8933 0.3196 -0.3160
vn 0.9968 -0.0800 -0.0058
vn 0.8900 0.2819 -0.3584
vn 0.5477 0.5684 -0.6140
vn 0.5533 0.6330 -0.5414
vn 0.8933 0.3196 -0.3160
vn 0.5477 0.5684 -0.6140
vn 0.0616 0.7044 -0.7071
vn 0.0681 0.7789 -0.6235
vn 0.5533 0.6330 -0.5414
vn 0.0681 0.7789 -0.6235
vn -0.4350 0.7195 -0.5414
vn -0.4301 0.7756 -0.4620
vn 0.0738 0.8435 -0.5320
vn -0.4350 0.7195 -0.5414
vn -0.8242 0.4699 -0.3160
vn -0.8213 0.5027 -0.2697
vn -0.4301 0.7756 -0.4620
vn -0.8242 0.4699 -0.3160
vn -0.9955 0.0944 -0.0058
vn -0.9955 0.0949 -0.0049
vn -0.8213 0.5027 -0.2697
vn -0.9955 0.0944 -0.0058
vn -0.9003 -0.3082 0.3074
vn -0.9031 -0.3400 0.2623
vn -0.9955 0.0949 -0.0049
vn -0.9003 -0.3082 0.3074
vn -0.5610 -0.6288 0.5385
vn -0.5659 -0.6846 0.4595
vn -0.9031 -0.3400 0.2623
vn -0.5610 -0.6288 0.5385
vn -0.0681 -0.7789 0.6235
vn -0.0738 -0.8435 0.5320
vn -0.5659 -0.6846 0.4595
vn -0.0681 -0.7789 0.6235
vn 0.4433 -0.7166 0.5385
vn 0.4384 -0.7724 0.4595
vn -0.0738 -0.8435 0.5320
vn 0.4433 -0.7166 0.5385
vn 0.8331 -0.4598 0.3074
vn 0.8303 -0.4917 0.2623
vn 0.4384 -0.7724 0.4595
vn 0.8331 -0.4598 0.3074
vn 0.9968 -0.0800 -0.0058
vn 0.9968 -0.0794 -0.0049
vn 0.8303 -0.4917 0.2623
vn 0.9968 -0.0800 -0.0058
vn 0.8933 0.3196 -0.3160
vn 0.8961 0.3524 -0.2697
vn 0.9968 -0.0794 -0.0049
vn 0.8933 0.3196 -0.3160
vn 0.5533 0.6330 -0.5414
vn 0.5582 0.6892 -0.4620
vn 0.8961 0.3524 -0.2697
vn 0.5533 0.6330 -0.5414
vn 0.0681 0.7789 -0.6235
vn 0.0738 0.8435 -0.5320
vn 0.5582 0.6892 -0.4620
vn 0.0738 0.8435 -0.5320
vn -0.4301 0.7756 -0.4620
vn -0.4260 0.8226 -0.3767
vn 0.0785 0.8975 -0.4339
vn -0.4301 0.7756 -0.4620
vn -0.8213 0.5027 -0.2697
vn -0.8189 0.5301 -0.2199
vn -0.4260 0.8226 -0.3767
vn -0.8213 0.5027 -0.2697
vn -0.9955 0.0949 -0.0049
vn -0.9954 0.0954 -0.0040
vn -0.8189 0.5301 -0.2199
vn -0.9955 0.0949 -0.0049
vn -0.9031 -0.3400 0.2623
vn -0.9054 -0.3667 0.2139
vn -0.9954 0.0954 -0.0040
vn -0.9031 -0.3400 0.2623
vn -0.5659 -0.6846 0.4595
vn -0.5699 -0.7313 0.3747
vn -0.9054 -0.3667 0.2139
vn -0.5659 -0.6846 0.4595
vn -0.0738 -0.8435 0.5320
vn -0.0785 -0.8975 0.4339
vn -0.5699 -0.7313 0.3747
vn -0.0738 -0.8435 0.5320
vn 0.4384 -0.7724 0.4595
vn 0.4343 -0.8191 0.3747
vn -0.0785 -0.8975 0.4339
vn 0.4384 -0.7724 0.4595
vn 0.8303 -0.4917 0.2623
vn 0.8280 -0.5183 0.2139
vn 0.4343 -0.8191 0.3747
vn 0.8303 -0.4917 0.2623
vn 0.9968 -0.0794 -0.0049
vn 0.9969 -0.0789 -0.0040
vn 0.8280 -0.5183 0.2139
vn 0.9968 -0.0794 -0.0049
vn 0.8961 0.3524 -0.2697
vn 0.8985 0.3798 -0.2199
vn 0.9969 -0.0789 -0.0040
vn 0.8961 0.3524 -0.2697
vn 0.5582 0.6892 -0.4620
vn 0.5623 0.7361 -0.3767
vn 0.8985 0.3798 -0.2199
vn 0.5582 0.6892 -0.4620
vn 0.0738 0.8435 -0.5320
vn 0.0785 0.8975 -0.4339
vn 0.5623 0.7361 -0.3767
vn 0.0785 0.8975 -0.4339
vn -0.4260 0.8226 -0.3767
vn -0.4227 0.8597 -0.2868
vn 0.0823 0.9403 -0.3303
vn -0.4260 0.8226 -0.3767
vn -0.8189 0.5301 -0.2199
vn -0.8170 0.5517 -0.1674
vn -0.4227 0.8597 -0.2868
vn -0.8189 0.5301 -0.2199
vn -0.9954 0.0954 -0.0040
vn -0.9954 0.0958 -0.0031
vn -0.8170 0.5517 -0.1674
vn -0.9954 0.0954 -0.0040
vn -0.9054 -0.3667 0.2139
vn -0.9073 -0.3877 0.1628
vn -0.9954 0.0958 -0.0031
vn -0.9054 -0.3667 0.2139
vn -0.5699 -0.7313 0.3747
vn -0.5732 -0.7682 0.2853
vn -0.9073 -0.3877 0.1628
vn -0.5699 -0.7313 0.3747
vn -0.0785 -0.8975 0.4339
vn -0.0823 -0.9403 0.3303
vn -0.5732 -0.7682 0.2853
vn -0.0785 -0.8975 0.4339
vn 0.4343 -0.8191 0.3747
vn 0.4311 -0.8560 0.2853
vn -0.0823 -0.9403 0.3303
vn 0.4343 -0.8191 0.3747
vn 0.8280 -0.5183 0.2139
vn 0.8262 -0.5394 0.1628
vn 0.4311 -0.8560 0.2853
vn 0.8280 -0.5183 0.2139
vn 0.9969 -0.0789 -0.0040
vn 0.9969 -0.0785 -0.0031
vn 0.8262 -0.5394 0.1628
vn 0.9969 -0.0789 -0.0040
vn 0.8985 0.3798 -0.2199
vn 0.9004 0.4015 -0.1674
vn 0.9969 -0.0785 -0.0031
vn 0.8985 0.3798 -0.2199
vn 0.5623 0.7361 -0.3767
vn 0.5656 0.7732 -0.2868
vn 0.9004 0.4015 -0.1674
vn 0.5623 0.7361 -0.3767
vn 0.0785 0.8975 -0.4339
vn 0.0823 0.9403 -0.3303
vn 0.5656 0.7732 -0.2868
vn 0.0823 0.9403 -0.3303
vn -0.4227 0.8597 -0.2868
vn -0.4204 0.8865 -0.1932
vn 0.0850 0.9712 -0.2225
vn -0.4227 0.8597 -0.2868
vn -0.8170 0.5517 -0.1674
vn -0.8157 0.5674 -0.1128
vn -0.4204 0.8865 -0.1932
vn -0.8170 0.5517 -0.1674
vn -0.9954 0.0958 -0.0031
vn -0.9954 0.0961 -0.0021
vn -0.8157 0.5674 -0.1128
vn -0.9954 0.0958 -0.0031
vn -0.9073 -0.3877 0.1628
vn -0.9086 -0.4030 0.1097
vn -0.9954 0.0961 -0.0021
vn -0.9073 -0.3877 0.1628
vn -0.5732 -0.7682 0.2853
vn -0.5755 -0.7949 0.1922
vn -0.9086 -0.4030 0.1097
vn -0.5732 -0.7682 0.2853
vn -0.0823 -0.9403 0.3303
vn -0.0850 -0.9712 0.2225
vn -0.5755 -0.7949 0.1922
vn -0.0823 -0.9403 0.3303
vn 0.4311 -0.8560 0.2853
vn 0.4287 -0.8828 0.1922
vn -0.0850 -0.9712 0.2225
vn 0.4311 -0.8560 0.2853
vn 0.8262 -0.5394 0.1628
vn 0.8248 -0.5546 0.1097
vn 0.4287 -0.8828 0.1922
vn 0.8262 -0.5394 0.1628
vn 0.9969 -0.0785 -0.0031
vn 0.9969 -0.0782 -0.0021
vn 0.8248 -0.5546 0.1097
vn 0.9969 -0.0785 -0.0031
vn 0.9004 0.4015 -0.1674
vn 0.9018 0.4171 -0.1128
vn 0.9969 -0.0782 -0.0021
vn 0.9004 0.4015 -0.1674
vn 0.5656 0.7732 -0.2868
vn 0.5679 0.8001 -0.1932
vn 0.9018 0.4171 -0.1128
vn 0.5656 0.7732 -0.2868
vn 0.0823 0.9403 -0.3303
vn 0.0850 0.9712 -0.2225
vn 0.5679 0.8001 -0.1932
vn 0.0850 0.9712 -0.2225
vn -0.4204 0.8865 -0.1932
vn -0.4190 0.9028 -0.0972
vn 0.0866 0.9899 -0.1120
vn -0.4204 0.8865 -0.1932
vn -0.8157 0.5674 -0.1128
vn -0.8148 0.5769 -0.0568
vn -0.4190 0.9028 -0.0972
vn -0.8157 0.5674 -0.1128
vn -0.9954 0.0961 -0.0021
vn -0.9954 0.0963 -0.0010
vn -0.8148 0.5769 -0.0568
vn -0.9954 0.0961 -0.0021
vn -0.9086 -0.4030 0.1097
vn -0.9094 -0.4122 0.0552
vn -0.9954 0.0963 -0.0010
vn -0.9086 -0.4030 0.1097
vn -0.5755 -0.7949 0.1922
vn -0.5769 -0.8111 0.0967
vn -0.9094 -0.4122 0.0552
vn -0.5755 -0.7949 0.1922
vn -0.0850 -0.9712 0.2225
vn -0.0866 -0.9899 0.1120
vn -0.5769 -0.8111 0.0967
vn -0.0850 -0.9712 0.2225
vn 0.4287 -0.8828 0.1922
vn 0.4273 -0.8989 0.0967
vn -0.0866 -0.9899 0.1120
vn 0.4287 -0.8828 0.1922
vn 0.8248 -0.5546 0.1097
vn 0.8240 -0.5639 0.0552
vn 0.4273 -0.8989 0.0967
vn 0.8248 -0.5546 0.1097
vn 0.9969 -0.0782 -0.0021
vn 0.9970 -0.0780 -0.0010
vn 0.8240 -0.5639 0.0552
vn 0.9969 -0.0782 -0.0021
vn 0.9018 0.4171 -0.1128
vn 0.9026 0.4266 -0.0568
vn 0.9970 -0.0780 -0.0010
vn 0.9018 0.4171 -0.1128
vn 0.5679 0.8001 -0.1932
vn 0.5694 0.8163 -0.0972
vn 0.9026 0.4266 -0.0568
vn 0.5679 0.8001 -0.1932
vn 0.0850 0.9712 -0.2225
vn 0.0866 0.9899 -0.1120
vn 0.5694 0.8163 -0.0972
vn 0.0866 0.9899 -0.1120
vn -0.4190 0.9028 -0.0972
vn -0.4185 0.9082 0.0000
vn 0.0872 0.9962 0.0000
vn -0.4190 0.9028 -0.0972
vn -0.8148 0.5769 -0.0568
vn -0.8146 0.5801 0.0000
vn -0.4185 0.9082 0.0000
vn -0.8148 0.5769 -0.0568
vn -0.9954 0.0963 -0.0010
vn -0.9953 0.0964 -0.0000
vn -0.8146 0.5801 0.0000
vn -0.9954 0.0963 -0.0010
vn -0.9094 -0.4122 0.0552
vn -0.9097 -0.4153 -0.0000
vn -0.9953 0.0964 -0.0000
vn -0.9094 -0.4122 0.0552
vn -0.5769 -0.8111 0.0967
vn -0.5774 -0.8165 -0.0000
vn -0.9097 -0.4153 -0.0000
vn -0.5769 -0.8111 0.0967
vn -0.0866 -0.9899 0.1120
vn -0.0872 -0.9962 -0.0000
vn -0.5774 -0.8165 -0.0000
vn -0.0866 -0.9899 0.1120
vn 0.4273 -0.8989 0.0967
vn 0.4269 -0.9043 -0.0000
vn -0.0872 -0.9962 -0.0000
vn 0.4273 -0.8989 0.0967
vn 0.8240 -0.5639 0.0552
vn 0.8237 -0.5670 -0.0000
vn 0.4269 -0.9043 -0.0000
vn 0.8240 -0.5639 0.0552
vn 0.9970 -0.0780 -0.0010
vn 0.9970 -0.0779 0.0000
vn 0.8237 -0.5670 -0.0000
vn 0.9970 -0.0780 -0.0010
vn 0.9026 0.4266 -0.0568
vn 0.9029 0.4298 0.0000
vn 0.9970 -0.0779 0.0000
vn 0.9026 0.4266 -0.0568
vn 0.5694 0.8163 -0.0972
vn 0.5698 0.8218 0.0000
vn 0.9029 0.4298 0.0000
vn 0.5694 0.8163 -0.0972
vn 0.0866 0.9899 -0.1120
vn 0.0872 0.9962 0.0000
vn 0.5698 0.8218 0.0000
vn -0.0872 0.9962 0.0000
vn -0.5698 0.8218 0.0000
vn -0.5694 0.8163 0.0972
vn -0.0866 0.9899 0.1120
vn -0.5698 0.8218 0.0000
vn -0.9029 0.4298 0.0000
vn -0.9026 0.4266 0.0568
vn -0.5694 0.8163 0.0972
vn -0.9029 0.4298 0.0000
vn -0.9970 -0.0779 -0.0000
vn -0.9970 -0.0780 0.0010
vn -0.9026 0.4266 0.0568
vn -0.9970 -0.0779 -0.0000
vn -0.8237 -0.5670 -0.0000
vn -0.8240 -0.5639 -0.0552
vn -0.9970 -0.0780 0.0010
vn -0.8237 -0.5670 -0.0000
vn -0.4269 -0.9043 -0.0000
vn -0.4273 -0.8989 -0.0967
vn -0.8240 -0.5639 -0.0552
vn -0.4269 -0.9043 -0.0000
vn 0.0872 -0.9962 -0.0000
vn 0.0866 -0.9899 -0.1120
vn -0.4273 -0.8989 -0.0967
vn 0.0872 -0.9962 -0.0000
vn 0.5774 -0.8165 -0.0000
vn 0.5769 -0.8111 -0.0967
vn 0.0866 -0.9899 -0.1120
vn 0.5774 -0.8165 -0.0000
vn 0.9097 -0.4153 0.0000
vn 0.9094 -0.4122 -0.0552
vn 0.5769 -0.8111 -0.0967
vn 0.9097 -0.4153 0.0000
vn 0.9953 0.0964 0.0000
vn 0.9954 0.0963 0.0010
vn 0.9094 -0.4122 -0.0552
vn 0.9953 0.0964 0.0000
vn 0.8146 0.5801 0.0000
vn 0.8148 0.5769 0.0568
vn 0.9954 0.0963 0.0010
vn 0.8146 0.5801 0.0000
vn 0.4185 0.9082 0.0000
vn 0.4190 0.9028 0.0972
vn 0.8148 0.5769 0.0568
vn 0.4185 0.9082 0.0000
vn -0.0872 0.9962 0.0000
vn -0.0866 0.9899 0.1120
vn 0.4190 0.9028 0.0972
vn -0.0866 0.9899 0.1120
vn -0.5694 0.8163 0.0972
vn -0.5679 0.8001 0.1932
vn -0.0850 0.9712 0.2225
vn -0.5694 0.8163 0.0972
vn -0.9026 0.4266 0.0568
vn -0.9018 0.4172 0.1128
vn -0.5679 0.8001 0.1932
vn -0.9026 0.4266 0.0568
vn -0.9970 -0.0780 0.0010
vn -0.9969 -0.0782 0.0021
vn -0.9018 0.4172 0.1128
vn -0.9970 -0.0780 0.0010
vn -0.8240 -0.5639 -0.0552
vn -0.8248 -0.5546 -0.1097
vn -0.9969 -0.0782 0.0021
vn -0.8240 -0.5639 -0.0552
vn -0.4273 -0.8989 -0.0967
vn -0.4287 -0.8827 -0.1922
vn -0.8248 -0.5546 -0.1097
vn -0.4273 -0.8989 -0.0967
vn 0.0866 -0.9899 -0.1120
vn 0.0850 -0.9712 -0.2225
vn -0.4287 -0.8827 -0.1922
vn 0.0866 -0.9899 -0.1120
vn 0.5769 -0.8111 -0.0967
vn 0.5755 -0.7949 -0.1922
vn 0.0850 -0.9712 -0.2225
vn 0.5769 -0.8111 -0.0967
vn 0.9094 -0.4122 -0.0552
vn 0.9086 -0.4030 -0.1097
vn 0.5755 -0.7949 -0.1922
vn 0.9094 -0.4122 -0.0552
vn 0.9954 0.0963 0.0010
vn 0.9954 0.0961 0.0021
vn 0.9086 -0.4030 -0.1097
vn 0.9954 0.0963 0.0010
vn 0.8148 0.5769 0.0568
vn 0.8157 0.5674 0.1128
vn 0.9954 0.0961 0.0021
vn 0.8148 0.5769 0.0568
vn 0.4190 0.9028 0.0972
vn 0.4204 0.8865 0.1932
vn 0.8157 0.5674 0.1128
vn 0.4190 0.9028 0.0972
vn -0.0866 0.9899 0.1120
vn -0.0850 0.9712 0.2225
vn 0.4204 0.8865 0.1932
vn -0.0850 0.9712 0.2225
vn -0.5679 0.8001 0.1932
vn -0.5656 0.7732 0.2868
vn -0.0823 0.9403 0.3303
vn -0.5679 0.8001 0.1932
vn -0.9018 0.4172 0.1128
vn -0.9004 0.4015 0.1674
vn -0.5656 0.7732 0.2868
vn -0.9018 0.4172 0.1128
vn -0.9969 -0.0782 0.0021
vn -0.9969 -0.0785 0.0031
vn -0.9004 0.4015 0.1674
vn -0.9969 -0.0782 0.0021
vn -0.8248 -0.5546 -0.1097
vn -0.8262 -0.5394 -0.1628
vn -0.9969 -0.0785 0.0031
vn -0.8248 -0.5546 -0.1097
vn -0.4287 -0.8827 -0.1922
vn -0.4311 -0.8560 -0.2853
vn -0.8262 -0.5394 -0.1628
vn -0.4287 -0.8827 -0.1922
vn 0.0850 -0.9712 -0.2225
vn 0.0823 -0.9403 -0.3303
vn -0.4311 -0.8560 -0.2853
vn 0.0850 -0.9712 -0.2225
vn 0.5755 -0.7949 -0.1922
vn 0.5732 -0.7682 -0.2853
vn 0.0823 -0.9403 -0.3303
vn 0.5755 -0.7949 -0.1922
vn 0.9086 -0.4030 -0.1097
vn 0.9073 -0.3877 -0.1628
vn 0.5732 -0.7682 -0.2853
vn 0.9086 -0.4030 -0.1097
vn 0.9954 0.0961 0.0021
vn 0.9954 0.0958 0.0031
vn 0.9073 -0.3877 -0.1628
vn 0.9954 0.0961 0.0021
vn 0.8157 0.5674 0.1128
vn 0.8170 0.5517 0.1674
vn 0.9954 0.0958 0.0031
vn 0.8157 0.5674 0.1128
vn 0.4204 0.8865 0.1932
vn 0.4227 0.8597 0.2868
vn 0.8170 0.5517 0.1674
vn 0.4204 0.8865 0.1932
vn -0.0850 0.9712 0.2225
vn -0.0823 0.9403 0.3303
vn 0.4227 0.8597 0.2868
vn -0.0823 0.9403 0.3303
vn -0.5656 0.7732 0.2868
vn -0.5623 0.7361 0.3767
vn -0.0785 0.8975 0.4339
vn -0.5656 0.7732 0.2868
vn -0.9004 0.4015 0.1674
vn -0.8985 0.3798 0.2199
vn -0.5623 0.7361 0.3767
vn -0.9004 0.4015 0.1674
vn -0.9969 -0.0785 0.0031
vn -0.9969 -0.0789 0.0040
vn -0.8985 0.3798 0.2199
vn -0.9969 -0.0785 0.0031
vn -0.8262 -0.5394 -0.1628
vn -0.8280 -0.5183 -0.2139
vn -0.9969 -0.0789 0.0040
vn -0.8262 -0.5394 -0.1628
vn -0.4311 -0.8560 -0.2853
vn -0.4343 -0.8191 -0.3747
vn -0.8280 -0.5183 -0.2139
vn -0.4311 -0.8560 -0.2853
vn 0.0823 -0.9403 -0.3303
vn 0.0785 -0.8975 -0.4339
vn -0.4343 -0.8191 -0.3747
vn 0.0823 -0.9403 -0.3303
vn 0.5732 -0.7682 -0.2853
vn 0.5699 -0.7313 -0.3747
vn 0.0785 -0.8975 -0.4339
vn 0.5732 -0.7682 -0.2853
vn 0.9073 -0.3877 -0.1628
vn 0.9054 -0.3667 -0.2139
vn 0.5699 -0.7313 -0.3747
vn 0.9073 -0.3877 -0.1628
vn 0.9954 0.0958 0.0031
vn 0.9954 0.0954 0.0040
vn 0.9054 -0.3667 -0.2139
vn 0.9954 0.0958 0.0031
vn 0.8170 0.5517 0.1674
vn 0.8189 0.5301 0.2199
vn 0.9954 0.0954 0.0040
vn 0.8170 0.5517 0.1674
vn 0.4227 0.8597 0.2868
vn 0.4260 0.8226 0.3767
vn 0.8189 0.5301 0.2199
vn 0.4227 0.8597 0.2868
vn -0.0823 0.9403 0.3303
vn -0.0785 0.8975 0.4339
vn 0.4260 0.8226 0.3767
vn -0.0785 0.8975 0.4339
vn -0.5623 0.7361 0.3767
vn -0.5582 0.6892 0.4620
vn -0.0738 0.8435 0.5320
vn -0.5623 0.7361 0.3767
vn -0.8985 0.3798 0.2199
vn -0.8961 0.3524 0.2697
vn -0.5582 0.6892 0.4620
vn -0.8985 0.3798 0.2199
vn -0.9969 -0.0789 0.0040
vn -0.9968 -0.0794 0.0049
vn -0.8961 0.3524 0.2697
vn -0.9969 -0.0789 0.0040
vn -0.8280 -0.5183 -0.2139
vn -0.8303 -0.4917 -0.2623
vn -0.9968 -0.0794 0.0049
vn -0.8280 -0.5183 -0.2139
vn -0.4343 -0.8191 -0.3747
vn -0.4384 -0.7724 -0.4595
vn -0.8303 -0.4917 -0.2623
vn -0.4343 -0.8191 -0.3747
vn 0.0785 -0.8975 -0.4339
vn 0.0738 -0.8435 -0.5320
vn -0.4384 -0.7724 -0.4595
vn 0.0785 -0.8975 -0.4339
vn 0.5699 -0.7313 -0.3747
vn 0.5659 -0.6846 -0.4595
vn 0.0738 -0.8435 -0.5320
vn 0.5699 -0.7313 -0.3747
vn 0.9054 -0.3667 -0.2139
vn 0.9031 -0.3400 -0.2623
vn 0.5659 -0.6846 -0.4595
vn 0.9054 -0.3667 -0.2139
vn 0.9954 0.0954 0.0040
vn 0.9955 0.0949 0.0049
vn 0.9031 -0.3400 -0.2623
vn 0.9954 0.0954 0.0040
vn 0.8189 0.5301 0.2199
vn 0.8213 0.5027 0.2697
vn 0.9955 0.0949 0.0049
vn 0.8189 0.5301 0.2199
vn 0.4260 0.8226 0.3767
vn 0.4301 0.7756 0.4620
vn 0.8213 0.5027 0.2697
vn 0.4260 0.8226 0.3767
vn -0.0785 0.8975 0.4339
vn -0.0738 0.8435 0.5320
vn 0.4301 0.7756 0.4620
vn -0.0738 0.8435 0.5320
vn -0.5582 0.6892 0.4620
vn -0.5533 0.6330 0.5414
vn -0.0681 0.7789 0.6235
vn -0.5582 0.6892 0.4620
vn -0.8961 0.3524 0.2697
vn -0.8933 0.3196 0.3160
vn -0.5533 0.6330 0.5414
vn -0.8961 0.3524 0.2697
vn -0.9968 -0.0794 0.0049
vn -0.9968 -0.0800 0.0058
vn -0.8933 0.3196 0.3160
vn -0.9968 -0.0794 0.0049
vn -0.8303 -0.4917 -0.2623
vn -0.8331 -0.4598 -0.3074
vn -0.9968 -0.0800 0.0058
vn -0.8303 -0.4917 -0.2623
vn -0.4384 -0.7724 -0.4595
vn -0.4433 -0.7166 -0.5385
vn -0.8331 -0.4598 -0.3074
vn -0.4384 -0.7724 -0.4595
vn 0.0738 -0.8435 -0.5320
vn 0.0681 -0.7789 -0.6235
vn -0.4433 -0.7166 -0.5385
vn 0.0738 -0.8435 -0.5320
vn 0.5659 -0.6846 -0.4595
vn 0.5610 -0.6288 -0.5385
vn 0.0681 -0.7789 -0.6235
vn 0.5659 -0.6846 -0.4595
vn 0.9031 -0.3400 -0.2623
vn 0.9003 -0.3082 -0.3074
vn 0.5610 -0.6288 -0.5385
vn 0.9031 -0.3400 -0.2623
vn 0.9955 0.0949 0.0049
vn 0.9955 0.0944 0.0058
vn 0.9003 -0.3082 -0.3074
vn 0.9955 0.0949 0.0049
vn 0.8213 0.5027 0.2697
vn 0.8242 0.4699 0.3160
vn 0.9955 0.0944 0.0058
vn 0.8213 0.5027 0.2697
vn 0.4301 0.7756 0.4620
vn 0.4350 0.7195 0.5414
vn 0.8242 0.4699 0.3160
vn 0.4301 0.7756 0.4620
vn -0.0738 0.8435 0.5320
vn -0.0681 0.7789 0.6235
vn 0.4350 0.7195 0.5414
vn -0.0681 0.7789 0.6235
vn -0.5533 0.6330 0.5414
vn -0.5477 0.5684 0.6140
vn -0.0616 0.7044 0.7071
vn -0.5533 0.6330 0.5414
vn -0.8933 0.3196 0.3160
vn -0.8900 0.2819 0.3584
vn -0.5477 0.5684 0.6140
vn -0.8933 0.3196 0.3160
vn -0.9968 -0.0800 0.0058
vn -0.9967 -0.0806 0.0065
vn -0.8900 0.2819 0.3584
vn -0.9968 -0.0800 0.0058
vn -0.8331 -0.4598 -0.3074
vn -0.8363 -0.4231 -0.3486
vn -0.9967 -0.0806 0.0065
vn -0.8331 -0.4598 -0.3074
vn -0.4433 -0.7166 -0.5385
vn -0.4489 -0.6523 -0.6107
vn -0.8363 -0.4231 -0.3486
vn -0.4433 -0.7166 -0.5385
vn 0.0681 -0.7789 -0.6235
vn 0.0616 -0.7044 -0.7071
vn -0.4489 -0.6523 -0.6107
vn 0.0681 -0.7789 -0.6235
vn 0.5610 -0.6288 -0.5385
vn 0.5554 -0.5645 -0.6107
vn 0.0616 -0.7044 -0.7071
vn 0.5610 -0.6288 -0.5385
vn 0.9003 -0.3082 -0.3074
vn 0.8971 -0.2715 -0.3486
vn 0.5554 -0.5645 -0.6107
vn 0.9003 -0.3082 -0.3074
vn 0.9955 0.0944 0.0058
vn 0.9956 0.0937 0.0065
vn 0.8971 -0.2715 -0.3486
vn 0.9955 0.0944 0.0058
vn 0.8242 0.4699 0.3160
vn 0.8275 0.4322 0.3584
vn 0.9956 0.0937 0.0065
vn 0.8242 0.4699 0.3160
vn 0.4350 0.7195 0.5414
vn 0.4406 0.6549 0.6140
vn 0.8275 0.4322 0.3584
vn 0.4350 0.7195 0.5414
vn -0.0681 0.7789 0.6235
vn -0.0616 0.7044 0.7071
vn 0.4406 0.6549 0.6140
vn -0.0616 0.7044 0.7071
vn -0.5477 0.5684 0.6140
vn -0.5413 0.4961 0.6789
vn -0.0543 0.6211 0.7818
vn -0.5477 0.5684 0.6140
vn -0.8900 0.2819 0.3584
vn -0.8863 0.2397 0.3963
vn -0.5413 0.4961 0.6789
vn -0.8900 0.2819 0.3584
vn -0.9967 -0.0806 0.0065
vn -0.9967 -0.0814 0.0072
vn -0.8863 0.2397 0.3963
vn -0.9967 -0.0806 0.0065
vn -0.8363 -0.4231 -0.3486
vn -0.8399 -0.3820 -0.3854
vn -0.9967 -0.0814 0.0072
vn -0.8363 -0.4231 -0.3486
vn -0.4489 -0.6523 -0.6107
vn -0.4552 -0.5804 -0.6753
vn -0.8399 -0.3820 -0.3854
vn -0.4489 -0.6523 -0.6107
vn 0.0616 -0.7044 -0.7071
vn 0.0543 -0.6211 -0.7818
vn -0.4552 -0.5804 -0.6753
vn 0.0616 -0.7044 -0.7071
vn 0.5554 -0.5645 -0.6107
vn 0.5491 -0.4925 -0.6753
vn 0.0543 -0.6211 -0.7818
vn 0.5554 -0.5645 -0.6107
vn 0.8971 -0.2715 -0.3486
vn 0.8935 -0.2304 -0.3854
vn 0.5491 -0.4925 -0.6753
vn 0.8971 -0.2715 -0.3486
vn 0.9956 0.0937 0.0065
vn 0.9956 0.0929 0.0072
vn 0.8935 -0.2304 -0.3854
vn 0.9956 0.0937 0.0065
vn 0.8275 0.4322 0.3584
vn 0.8312 0.3900 0.3963
vn 0.9956 0.0929 0.0072
vn 0.8275 0.4322 0.3584
vn 0.4406 0.6549 0.6140
vn 0.4470 0.5825 0.6789
vn 0.8312 0.3900 0.3963
vn 0.4406 0.6549 0.6140
vn -0.0616 0.7044 0.7071
vn -0.0543 0.6211 0.7818
vn 0.4470 0.5825 0.6789
vn -0.0543 0.6211 0.7818
vn -0.5413 0.4961 0.6789
vn -0.5344 0.4170 0.7352
vn -0.0464 0.5300 0.8467
vn -0.5413 0.4961 0.6789
vn -0.8863 0.2397 0.3963
vn -0.8822 0.1935 0.4292
vn -0.5344 0.4170 0.7352
vn -0.8863 0.2397 0.3963
vn -0.9967 -0.0814 0.0072
vn -0.9966 -0.0823 0.0078
vn -0.8822 0.1935 0.4292
vn -0.9967 -0.0814 0.0072
vn -0.8399 -0.3820 -0.3854
vn -0.8439 -0.3371 -0.4174
vn -0.9966 -0.0823 0.0078
vn -0.8399 -0.3820 -0.3854
vn -0.4552 -0.5804 -0.6753
vn -0.4621 -0.5017 -0.7313
vn -0.8439 -0.3371 -0.4174
vn -0.4552 -0.5804 -0.6753
vn 0.0543 -0.6211 -0.7818
vn 0.0464 -0.5300 -0.8467
vn -0.4621 -0.5017 -0.7313
vn 0.0543 -0.6211 -0.7818
vn 0.5491 -0.4925 -0.6753
vn 0.5422 -0.4138 -0.7313
vn 0.0464 -0.5300 -0.8467
vn 0.5491 -0.4925 -0.6753
vn 0.8935 -0.2304 -0.3854
vn 0.8896 -0.1855 -0.4174
vn 0.5422 -0.4138 -0.7313
vn 0.8935 -0.2304 -0.3854
vn 0.9956 0.0929 0.0072
vn 0.9957 0.0920 0.0078
vn 0.8896 -0.1855 -0.4174
vn 0.9956 0.0929 0.0072
vn 0.8312 0.3900 0.3963
vn 0.8352 0.3438 0.4292
vn 0.9957 0.0920 0.0078
vn 0.8312 0.3900 0.3963
vn 0.4470 0.5825 0.6789
vn 0.4539 0.5034 0.7352
vn 0.8352 0.3438 0.4292
vn 0.4470 0.5825 0.6789
vn -0.0543 0.6211 0.7818
vn -0.0464 0.5300 0.8467
vn 0.4539 0.5034 0.7352
vn -0.0464 0.5300 0.8467
vn -0.5344 0.4170 0.7352
vn -0.5270 0.3321 0.7823
vn -0.0378 0.4322 0.9010
vn -0.5344 0.4170 0.7352
vn -0.8822 0.1935 0.4292
vn -0.8779 0.1440 0.4567
vn -0.5270 0.3321 0.7823
vn -0.8822 0.1935 0.4292
vn -0.9966 -0.0823 0.0078
vn -0.9965 -0.0832 0.0083
vn -0.8779 0.1440 0.4567
vn -0.9966 -0.0823 0.0078
vn -0.8439 -0.3371 -0.4174
vn -0.8481 -0.2889 -0.4442
vn -0.9965 -0.0832 0.0083
vn -0.8439 -0.3371 -0.4174
vn -0.4621 -0.5017 -0.7313
vn -0.4695 -0.4172 -0.7781
vn -0.8481 -0.2889 -0.4442
vn -0.4621 -0.5017 -0.7313
vn 0.0464 -0.5300 -0.8467
vn 0.0378 -0.4322 -0.9010
vn -0.4695 -0.4172 -0.7781
vn 0.0464 -0.5300 -0.8467
vn 0.5422 -0.4138 -0.7313
vn 0.5348 -0.3294 -0.7781
vn 0.0378 -0.4322 -0.9010
vn 0.5422 -0.4138 -0.7313
vn 0.8896 -0.1855 -0.4174
vn 0.8854 -0.1373 -0.4442
vn 0.5348 -0.3294 -0.7781
vn 0.8896 -0.1855 -0.4174
vn 0.9957 0.0920 0.0078
vn 0.9958 0.0911 0.0083
vn 0.8854 -0.1373 -0.4442
vn 0.9957 0.0920 0.0078
vn 0.8352 0.3438 0.4292
vn 0.8396 0.2942 0.4567
vn 0.9958 0.0911 0.0083
vn 0.8352 0.3438 0.4292
vn 0.4539 0.5034 0.7352
vn 0.4613 0.4185 0.7823
vn 0.8396 0.2942 0.4567
vn 0.4539 0.5034 0.7352
vn -0.0464 0.5300 0.8467
vn -0.0378 0.4322 0.9010
vn 0.4613 0.4185 0.7823
vn -0.0378 0.4322 0.9010
vn -0.5270 0.3321 0.7823
vn -0.5191 0.2425 0.8196
vn -0.0288 0.3290 0.9439
vn -0.5270 0.3321 0.7823
vn -0.8779 0.1440 0.4567
vn -0.8733 0.0916 0.4784
vn -0.5191 0.2425 0.8196
vn -0.8779 0.1440 0.4567
vn -0.9965 -0.0832 0.0083
vn -0.9964 -0.0841 0.0087
vn -0.8733 0.0916 0.4784
vn -0.9965 -0.0832 0.0083
vn -0.8481 -0.2889 -0.4442
vn -0.8525 -0.2380 -0.4653
vn -0.9964 -0.0841 0.0087
vn -0.8481 -0.2889 -0.4442
vn -0.4695 -0.4172 -0.7781
vn -0.4773 -0.3281 -0.8152
vn -0.8525 -0.2380 -0.4653
vn -0.4695 -0.4172 -0.7781
vn 0.0378 -0.4322 -0.9010
vn 0.0288 -0.3290 -0.9439
vn -0.4773 -0.3281 -0.8152
vn 0.0378 -0.4322 -0.9010
vn 0.5348 -0.3294 -0.7781
vn 0.5270 -0.2402 -0.8152
vn 0.0288 -0.3290 -0.9439
vn 0.5348 -0.3294 -0.7781
vn 0.8854 -0.1373 -0.4442
vn 0.8809 -0.0864 -0.4653
vn 0.5270 -0.2402 -0.8152
vn 0.8854 -0.1373 -0.4442
vn 0.9958 0.0911 0.0083
vn 0.9959 0.0902 0.0087
vn 0.8809 -0.0864 -0.4653
vn 0.9958 0.0911 0.0083
vn 0.8396 0.2942 0.4567
vn 0.8442 0.2419 0.4784
vn 0.9959 0.0902 0.0087
vn 0.8396 0.2942 0.4567
vn 0.4613 0.4185 0.7823
vn 0.4692 0.3289 0.8196
vn 0.8442 0.2419 0.4784
vn 0.4613 0.4185 0.7823
vn -0.0378 0.4322 0.9010
vn -0.0288 0.3290 0.9439
vn 0.4692 0.3289 0.8196
vn -0.0288 0.3290 0.9439
vn -0.5191 0.2425 0.8196
vn -0.5110 0.1492 0.8465
vn -0.0194 0.2217 0.9749
vn -0.5191 0.2425 0.8196
vn -0.8733 0.0916 0.4784
vn -0.8686 0.0372 0.4942
vn -0.5110 0.1492 0.8465
vn -0.8733 0.0916 0.4784
vn -0.9964 -0.0841 0.0087
vn -0.9963 -0.0851 0.0090
vn -0.8686 0.0372 0.4942
vn -0.9964 -0.0841 0.0087
vn -0.8525 -0.2380 -0.4653
vn -0.8572 -0.1851 -0.4806
vn -0.9963 -0.0851 0.0090
vn -0.8525 -0.2380 -0.4653
vn -0.4773 -0.3281 -0.8152
vn -0.4854 -0.2354 -0.8420
vn -0.8572 -0.1851 -0.4806
vn -0.4773 -0.3281 -0.8152
vn 0.0288 -0.3290 -0.9439
vn 0.0194 -0.2217 -0.9749
vn -0.4854 -0.2354 -0.8420
vn 0.0288 -0.3290 -0.9439
vn 0.5270 -0.2402 -0.8152
vn 0.5189 -0.1475 -0.8420
vn 0.0194 -0.2217 -0.9749
vn 0.5270 -0.2402 -0.8152
vn 0.8809 -0.0864 -0.4653
vn 0.8763 -0.0335 -0.4806
vn 0.5189 -0.1475 -0.8420
vn 0.8809 -0.0864 -0.4653
vn 0.9959 0.0902 0.0087
vn 0.9960 0.0892 0.0090
vn 0.8763 -0.0335 -0.4806
vn 0.9959 0.0902 0.0087
vn 0.8442 0.2419 0.4784
vn 0.8489 0.1875 0.4942
vn 0.9960 0.0892 0.0090
vn 0.8442 0.2419 0.4784
vn 0.4692 0.3289 0.8196
vn 0.4773 0.2357 0.8465
vn 0.8489 0.1875 0.4942
vn 0.4692 0.3289 0.8196
vn -0.0288 0.3290 0.9439
vn -0.0194 0.2217 0.9749
vn 0.4773 0.2357 0.8465
vn -0.0194 0.2217 0.9749
vn -0.5110 0.1492 0.8465
vn -0.5026 0.0536 0.8628
vn -0.0098 0.1115 0.9937
vn -0.5110 0.1492 0.8465
vn -0.8686 0.0372 0.4942
vn -0.8637 -0.0186 0.5037
vn -0.5026 0.0536 0.8628
vn -0.8686 0.0372 0.4942
vn -0.9963 -0.0851 0.0090
vn -0.9962 -0.0861 0.0092
vn -0.8637 -0.0186 0.5037
vn -0.9963 -0.0851 0.0090
vn -0.8572 -0.1851 -0.4806
vn -0.8619 -0.1308 -0.4899
vn -0.9962 -0.0861 0.0092
vn -0.8572 -0.1851 -0.4806
vn -0.4854 -0.2354 -0.8420
vn -0.4937 -0.1403 -0.8582
vn -0.8619 -0.1308 -0.4899
vn -0.4854 -0.2354 -0.8420
vn 0.0194 -0.2217 -0.9749
vn 0.0098 -0.1115 -0.9937
vn -0.4937 -0.1403 -0.8582
vn 0.0194 -0.2217 -0.9749
vn 0.5189 -0.1475 -0.8420
vn 0.5106 -0.0524 -0.8582
vn 0.0098 -0.1115 -0.9937
vn 0.5189 -0.1475 -0.8420
vn 0.8763 -0.0335 -0.4806
vn 0.8715 0.0208 -0.4899
vn 0.5106 -0.0524 -0.8582
vn 0.8763 -0.0335 -0.4806
vn 0.9960 0.0892 0.0090
vn 0.9961 0.0882 0.0092
vn 0.8715 0.0208 -0.4899
vn 0.9960 0.0892 0.0090
vn 0.8489 0.1875 0.4942
vn 0.8538 0.1317 0.5037
vn 0.9961 0.0882 0.0092
vn 0.8489 0.1875 0.4942
vn 0.4773 0.2357 0.8465
vn 0.4857 0.1401 0.8628
vn 0.8538 0.1317 0.5037
vn 0.4773 0.2357 0.8465
vn -0.0194 0.2217 0.9749
vn -0.0098 0.1115 0.9937
vn 0.4857 0.1401 0.8628
vn -0.0098 0.1115 0.9937
vn -0.5026 0.0536 0.8628
vn -0.4981 -0.0193 0.8669
vn -0.0024 0.0278 0.9996
vn -0.5026 0.0536 0.8628
vn -0.8637 -0.0186 0.5037
vn -0.8619 -0.0613 0.5034
vn -0.4981 -0.0193 0.8669
vn -0.8637 -0.0186 0.5037
vn -0.9962 -0.0861 0.0092
vn -0.9962 -0.0870 0.0046
vn -0.8619 -0.0613 0.5034
vn -0.9962 -0.0861 0.0092
vn -0.8619 -0.1308 -0.4899
vn -0.8634 -0.0895 -0.4964
vn -0.9962 -0.0870 0.0046
vn -0.8619 -0.1308 -0.4899
vn -0.4937 -0.1403 -0.8582
vn -0.4979 -0.0680 -0.8646
vn -0.8634 -0.0895 -0.4964
vn -0.4937 -0.1403 -0.8582
vn 0.0098 -0.1115 -0.9937
vn 0.0025 -0.0281 -0.9996
vn -0.4979 -0.0680 -0.8646
vn 0.0098 -0.1115 -0.9937
vn 0.5106 -0.0524 -0.8582
vn 0.5021 0.0195 -0.8646
vn 0.0025 -0.0281 -0.9996
vn 0.5106 -0.0524 -0.8582
vn 0.8715 0.0208 -0.4899
vn 0.8659 0.0617 -0.4964
vn 0.5021 0.0195 -0.8646
vn 0.8715 0.0208 -0.4899
vn 0.9961 0.0882 0.0092
vn 0.9962 0.0873 0.0046
vn 0.8659 0.0617 -0.4964
vn 0.9961 0.0882 0.0092
vn 0.8538 0.1317 0.5037
vn 0.8594 0.0894 0.5034
vn 0.9962 0.0873 0.0046
vn 0.8538 0.1317 0.5037
vn 0.4857 0.1401 0.8628
vn 0.4939 0.0675 0.8669
vn 0.8594 0.0894 0.5034
vn 0.4857 0.1401 0.8628
vn -0.0098 0.1115 0.9937
vn -0.0024 0.0278 0.9996
vn 0.4939 0.0675 0.8669
vn -0.0024 0.0278 -0.9996
vn -0.4981 -0.0192 -0.8669
vn -0.5026 0.0536 -0.8628
vn -0.0098 0.1115 -0.9937
vn -0.4981 -0.0192 -0.8669
vn -0.8619 -0.0612 -0.5034
vn -0.8637 -0.0186 -0.5037
vn -0.5026 0.0536 -0.8628
vn -0.8619 -0.0612 -0.5034
vn -0.9962 -0.0870 -0.0046
vn -0.9962 -0.0861 -0.0092
vn -0.8637 -0.0186 -0.5037
vn -0.9962 -0.0870 -0.0046
vn -0.8634 -0.0896 0.4964
vn -0.8619 -0.1308 0.4899
vn -0.9962 -0.0861 -0.0092
vn -0.8634 -0.0896 0.4964
vn -0.4979 -0.0680 0.8646
vn -0.4937 -0.1403 0.8582
vn -0.8619 -0.1308 0.4899
vn -0.4979 -0.0680 0.8646
vn 0.0025 -0.0281 0.9996
vn 0.0098 -0.1115 0.9937
vn -0.4937 -0.1403 0.8582
vn 0.0025 -0.0281 0.9996
vn 0.5021 0.0195 0.8646
vn 0.5106 -0.0524 0.8582
vn 0.0098 -0.1115 0.9937
vn 0.5021 0.0195 0.8646
vn 0.8659 0.0618 0.4964
vn 0.8715 0.0208 0.4899
vn 0.5106 -0.0524 0.8582
vn 0.8659 0.0618 0.4964
vn 0.9962 0.0873 -0.0046
vn 0.9961 0.0882 -0.0092
vn 0.8715 0.0208 0.4899
vn 0.9962 0.0873 -0.0046
vn 0.8594 0.0893 -0.5034
vn 0.8538 0.1317 -0.5037
vn 0.9961 0.0882 -0.0092
vn 0.8594 0.0893 -0.5034
vn 0.4939 0.0675 -0.8669
vn 0.4857 0.1401 -0.8628
vn 0.8538 0.1317 -0.5037
vn 0.4939 0.0675 -0.8669
vn -0.0024 0.0278 -0.9996
vn -0.0098 0.1115 -0.9937
vn 0.4857 0.1401 -0.8628
vn -0.0098 0.1115 -0.9937
vn -0.5026 0.0536 -0.8628
vn -0.5110 0.1492 -0.8465
vn -0.0194 0.2217 -0.9749
vn -0.5026 0.0536 -0.8628
vn -0.8637 -0.0186 -0.5037
vn -0.8686 0.0372 -0.4942
vn -0.5110 0.1492 -0.8465
vn -0.8637 -0.0186 -0.5037
vn -0.9962 -0.0861 -0.0092
vn -0.9963 -0.0851 -0.0090
vn -0.8686 0.0372 -0.4942
vn -0.9962 -0.0861 -0.0092
vn -0.8619 -0.1308 0.4899
vn -0.8572 -0.1851 0.4806
vn -0.9963 -0.0851 -0.0090
vn -0.8619 -0.1308 0.4899
vn -0.4937 -0.1403 0.8582
vn -0.4854 -0.2354 0.8420
vn -0.8572 -0.1851 0.4806
vn -0.4937 -0.1403 0.8582
vn 0.0098 -0.1115 0.9937
vn 0.0194 -0.2217 0.9749
vn -0.4854 -0.2354 0.8420
vn 0.0098 -0.1115 0.9937
vn 0.5106 -0.0524 0.8582
vn 0.5189 -0.1475 0.8420
vn 0.0194 -0.2217 0.9749
vn 0.5106 -0.0524 0.8582
vn 0.8715 0.0208 0.4899
vn 0.8763 -0.0335 0.4806
vn 0.5189 -0.1475 0.8420
vn 0.8715 0.0208 0.4899
vn 0.9961 0.0882 -0.0092
vn 0.9960 0.0892 -0.0090
vn 0.8763 -0.0335 0.4806
vn 0.9961 0.0882 -0.0092
vn 0.8538 0.1317 -0.5037
vn 0.8489 0.1875 -0.4942
vn 0.9960 0.0892 -0.0090
vn 0.8538 0.1317 -0.5037
vn 0.4857 0.1401 -0.8628
vn 0.4773 0.2357 -0.8465
vn 0.8489 0.1875 -0.4942
vn 0.4857 0.1401 -0.8628
vn -0.0098 0.1115 -0.9937
vn -0.0194 0.2217 -0.9749
vn 0.4773 0.2357 -0.8465
vn -0.0194 0.2217 -0.9749
vn -0.5110 0.1492 -0.8465
vn -0.5191 0.2425 -0.8196
vn -0.0288 0.3290 -0.9439
vn -0.5110 0.1492 -0.8465
vn -0.8686 0.0372 -0.4942
vn -0.8733 0.0916 -0.4784
vn -0.5191 0.2425 -0.8196
vn -0.8686 0.0372 -0.4942
vn -0.9963 -0.0851 -0.0090
vn -0.9964 -0.0841 -0.0087
vn -0.8733 0.0916 -0.4784
vn -0.9963 -0.0851 -0.0090
vn -0.8572 -0.1851 0.4806
vn -0.8525 -0.2380 0.4653
vn -0.9964 -0.0841 -0.0087
vn -0.8572 -0.1851 0.4806
vn -0.4854 -0.2354 0.8420
vn -0.4773 -0.3281 0.8152
vn -0.8525 -0.2380 0.4653
vn -0.4854 -0.2354 0.8420
vn 0.0194 -0.2217 0.9749
vn 0.0288 -0.3290 0.9439
vn -0.4773 -0.3281 0.8152
vn 0.0194 -0.2217 0.9749
vn 0.5189 -0.1475 0.8420
vn 0.5270 -0.2402 0.8152
vn 0.0288 -0.3290 0.9439
vn 0.5189 -0.1475 0.8420
vn 0.8763 -0.0335 0.4806
vn 0.8809 -0.0864 0.4653
vn 0.5270 -0.2402 0.8152
vn 0.8763 -0.0335 0.4806
vn 0.9960 0.0892 -0.0090
vn 0.9959 0.0902 -0.0087
vn 0.8809 -0.0864 0.4653
vn 0.9960 0.0892 -0.0090
vn 0.8489 0.1875 -0.4942
vn 0.8442 0.2419 -0.4784
vn 0.9959 0.0902 -0.0087
vn 0.8489 0.1875 -0.4942
vn 0.4773 0.2357 -0.8465
vn 0.4692 0.3289 -0.8196
vn 0.8442 0.2419 -0.4784
vn 0.4773 0.2357 -0.8465
vn -0.0194 0.2217 -0.9749
vn -0.0288 0.3290 -0.9439
vn 0.4692 0.3289 -0.8196
vn -0.0288 0.3290 -0.9439
vn -0.5191 0.2425 -0.8196
vn -0.5270 0.3321 -0.7823
vn -0.0378 0.4322 -0.9010
vn -0.5191 0.2425 -0.8196
vn -0.8733 0.0916 -0.4784
vn -0.8779 0.1440 -0.4567
vn -0.5270 0.3321 -0.7823
vn -0.8733 0.0916 -0.4784
vn -0.9964 -0.0841 -0.0087
vn -0.9965 -0.0832 -0.0083
vn -0.8779 0.1440 -0.4567
vn -0.9964 -0.0841 -0.0087
vn -0.8525 -0.2380 0.4653
vn -0.8481 -0.2889 0.4442
vn -0.9965 -0.0832 -0.0083
vn -0.8525 -0.2380 0.4653
vn -0.4773 -0.3281 0.8152
vn -0.4695 -0.4172 0.7781
vn -0.8481 -0.2889 0.4442
vn -0.4773 -0.3281 0.8152
vn 0.0288 -0.3290 0.9439
vn 0.0378 -0.4322 0.9010
vn -0.4695 -0.4172 0.7781
vn 0.0288 -0.3290 0.9439
vn 0.5270 -0.2402 0.8152
vn 0.5348 -0.3294 0.7781
vn 0.0378 -0.4322 0.9010
vn 0.5270 -0.2402 0.8152
vn 0.8809 -0.0864 0.4653
vn 0.8854 -0.1373 0.4442
vn 0.5348 -0.3294 0.7781
vn 0.8809 -0.0864 0.4653
vn 0.9959 0.0902 -0.0087
vn 0.9958 0.0911 -0.0083
vn 0.8854 -0.1373 0.4442
vn 0.9959 0.0902 -0.0087
vn 0.8442 0.2419 -0.4784
vn 0.8396 0.2942 -0.4567
vn 0.9958 0.0911 -0.0083
vn 0.8442 0.2419 -0.4784
vn 0.4692 0.3289 -0.8196
vn 0.4613 0.4185 -0.7823
vn 0.8396 0.2942 -0.4567
vn 0.4692 0.3289 -0.8196
vn -0.0288 0.3290 -0.9439
vn -0.0378 0.4322 -0.9010
vn 0.4613 0.4185 -0.7823
vn -0.0378 0.4322 -0.9010
vn -0.5270 0.3321 -0.7823
vn -0.5344 0.4170 -0.7352
vn -0.0464 0.5300 -0.8467
vn -0.5270 0.3321 -0.7823
vn -0.8779 0.1440 -0.4567
vn -0.8822 0.1935 -0.4292
vn -0.5344 0.4170 -0.7352
vn -0.8779 0.1440 -0.4567
vn -0.9965 -0.0832 -0.0083
vn -0.9966 -0.0823 -0.0078
vn -0.8822 0.1935 -0.4292
vn -0.9965 -0.0832 -0.0083
vn -0.8481 -0.2889 0.4442
vn -0.8439 -0.3371 0.4174
vn -0.9966 -0.0823 -0.0078
vn -0.8481 -0.2889 0.4442
vn -0.4695 -0.4172 0.7781
vn -0.4621 -0.5017 0.7313
vn -0.8439 -0.3371 0.4174
vn -0.4695 -0.4172 0.7781
vn 0.0378 -0.4322 0.9010
vn 0.0464 -0.5300 0.8467
vn -0.4621 -0.5017 0.7313
vn 0.0378 -0.4322 0.9010
vn 0.5348 -0.3294 0.7781
vn 0.5422 -0.4138 0.7313
vn 0.0464 -0.5300 0.8467
vn 0.5348 -0.3294 0.7781
vn 0.8854 -0.1373 0.4442
vn 0.8896 -0.1855 0.4174
vn 0.5422 -0.4138 0.7313
vn 0.8854 -0.1373 0.4442
vn 0.9958 0.0911 -0.0083
vn 0.9957 0.0921 -0.0078
vn 0.8896 -0.1855 0.4174
vn 0.9958 0.0911 -0.0083
vn 0.8396 0.2942 -0.4567
vn 0.8352 0.3438 -0.4292
vn 0.9957 0.0921 -0.0078
vn 0.8396 0.2942 -0.4567
vn 0.4613 0.4185 -0.7823
vn 0.4539 0.5034 -0.7352
vn 0.8352 0.3438 -0.4292
vn 0.4613 0.4185 -0.7823
vn -0.0378 0.4322 -0.9010
vn -0.0464 0.5300 -0.8467
vn 0.4539 0.5034 -0.7352
vn -0.0464 0.5300 -0.8467
vn -0.5344 0.4170 -0.7352
vn -0.5413 0.4961 -0.6789
vn -0.0543 0.6211 -0.7818
vn -0.5344 0.4170 -0.7352
vn -0.8822 0.1935 -0.4292
vn -0.8863 0.2397 -0.3963
vn -0.5413 0.4961 -0.6789
vn -0.8822 0.1935 -0.4292
vn -0.9966 -0.0823 -0.0078
vn -0.9967 -0.0814 -0.0072
vn -0.8863 0.2397 -0.3963
vn -0.9966 -0.0823 -0.0078
vn -0.8439 -0.3371 0.4174
vn -0.8399 -0.3820 0.3854
vn -0.9967 -0.0814 -0.0072
vn -0.8439 -0.3371 0.4174
vn -0.4621 -0.5017 0.7313
vn -0.4552 -0.5804 0.6753
vn -0.8399 -0.3820 0.3854
vn -0.4621 -0.5017 0.7313
vn 0.0464 -0.5300 0.8467
vn 0.0543 -0.6211 0.7818
vn -0.4552 -0.5804 0.6753
vn 0.0464 -0.5300 0.8467
vn 0.5422 -0.4138 0.7313
vn 0.5491 -0.4925 0.6753
vn 0.0543 -0.6211 0.7818
vn 0.5422 -0.4138 0.7313
vn 0.8896 -0.1855 0.4174
vn 0.8935 -0.2304 0.3854
vn 0.5491 -0.4925 0.6753
vn 0.8896 -0.1855 0.4174
vn 0.9957 0.0921 -0.0078
vn 0.9956 0.0929 -0.0072
vn 0.8935 -0.2304 0.3854
vn 0.9957 0.0921 -0.0078
vn 0.8352 0.3438 -0.4292
vn 0.8312 0.3900 -0.3963
vn 0.9956 0.0929 -0.0072
vn 0.8352 0.3438 -0.4292
vn 0.4539 0.5034 -0.7352
vn 0.4470 0.5825 -0.6789
vn 0.8312 0.3900 -0.3963
vn 0.4539 0.5034 -0.7352
vn -0.0464 0.5300 -0.8467
vn -0.0543 0.6211 -0.7818
vn 0.4470 0.5825 -0.6789
vn -0.0543 0.6211 -0.7818
vn -0.5413 0.4961 -0.6789
vn -0.5477 0.5684 -0.6140
vn -0.0616 0.7044 -0.7071
vn -0.5413 0.4961 -0.6789
vn -0.8863 0.2397 -0.3963
vn -0.8900 0.2819 -0.3584
vn -0.5477 0.5684 -0.6140
vn -0.8863 0.2397 -0.3963
vn -0.9967 -0.0814 -0.0072
vn -0.9967 -0.0806 -0.0065
vn -0.8900 0.2819 -0.3584
vn -0.9967 -0.0814 -0.0072
vn -0.8399 -0.3820 0.3854
vn -0.8363 -0.4231 0.3486
vn -0.9967 -0.0806 -0.0065
vn -0.8399 -0.3820 0.3854
vn -0.4552 -0.5804 0.6753
vn -0.4489 -0.6523 0.6107
vn -0.8363 -0.4231 0.3486
vn -0.4552 -0.5804 0.6753
vn 0.0543 -0.6211 0.7818
vn 0.0616 -0.7044 0.7071
vn -0.4489 -0.6523 0.6107
vn 0.0543 -0.6211 0.7818
vn 0.5491 -0.4925 0.6753
vn 0.5554 -0.5645 0.6107
vn 0.0616 -0.7044 0.7071
vn 0.5491 -0.4925 0.6753
vn 0.8935 -0.2304 0.3854
vn 0.8971 -0.2715 0.3486
vn 0.5554 -0.5645 0.6107
vn 0.8935 -0.2304 0.3854
vn 0.9956 0.0929 -0.0072
vn 0.9956 0.0937 -0.0065
vn 0.8971 -0.2715 0.3486
vn 0.9956 0.0929 -0.0072
vn 0.8312 0.3900 -0.3963
vn 0.8275 0.4322 -0.3584
vn 0.9956 0.0937 -0.0065
vn 0.8312 0.3900 -0.3963
vn 0.4470 0.5825 -0.6789
vn 0.4406 0.6549 -0.6140
vn 0.8275 0.4322 -0.3584
vn 0.4470 0.5825 -0.6789
vn -0.0543 0.6211 -0.7818
vn -0.0616 0.7044 -0.7071
vn 0.4406 0.6549 -0.6140
vn -0.0616 0.7044 -0.7071
vn -0.5477 0.5684 -0.6140
vn -0.5533 0.6330 -0.5414
vn -0.0681 0.7789 -0.6235
vn -0.5477 0.5684 -0.6140
vn -0.8900 0.2819 -0.3584
vn -0.8933 0.3196 -0.3160
vn -0.5533 0.6330 -0.5414
vn -0.8900 0.2819 -0.3584
vn -0.9967 -0.0806 -0.0065
vn -0.9968 -0.0800 -0.0058
vn -0.8933 0.3196 -0.3160
vn -0.9967 -0.0806 -0.0065
vn -0.8363 -0.4231 0.3486
vn -0.8331 -0.4598 0.3074
vn -0.9968 -0.0800 -0.0058
vn -0.8363 -0.4231 0.3486
vn -0.4489 -0.6523 0.6107
vn -0.4433 -0.7166 0.5385
vn -0.8331 -0.4598 0.3074
vn -0.4489 -0.6523 0.6107
vn 0.0616 -0.7044 0.7071
vn 0.0681 -0.7789 0.6235
vn -0.4433 -0.7166 0.5385
vn 0.0616 -0.7044 0.7071
vn 0.5554 -0.5645 0.6107
vn 0.5610 -0.6288 0.5385
vn 0.0681 -0.7789 0.6235
vn 0.5554 -0.5645 0.6107
vn 0.8971 -0.2715 0.3486
vn 0.9003 -0.3082 0.3074
vn 0.5610 -0.6288 0.5385
vn 0.8971 -0.2715 0.3486
vn 0.9956 0.0937 -0.0065
vn 0.9955 0.0944 -0.0058
vn 0.9003 -0.3082 0.3074
vn 0.9956 0.0937 -0.0065
vn 0.8275 0.4322 -0.3584
vn 0.8242 0.4699 -0.3160
vn 0.9955 0.0944 -0.0058
vn 0.8275 0.4322 -0.3584
vn 0.4406 0.6549 -0.6140
vn 0.4350 0.7195 -0.5414
vn 0.8242 0.4699 -0.3160
vn 0.4406 0.6549 -0.6140
vn -0.0616 0.7044 -0.7071
vn -0.0681 0.7789 -0.6235
vn 0.4350 0.7195 -0.5414
vn -0.0681 0.7789 -0.6235
vn -0.5533 0.6330 -0.5414
vn -0.5582 0.6892 -0.4620
vn -0.0738 0.8435 -0.5320
vn -0.5533 0.6330 -0.5414
vn -0.8933 0.3196 -0.3160
vn -0.8961 0.3524 -0.2697
vn -0.5582 0.6892 -0.4620
vn -0.8933 0.3196 -0.3160
vn -0.9968 -0.0800 -0.0058
vn -0.9968 -0.0794 -0.0049
vn -0.8961 0.3524 -0.2697
vn -0.9968 -0.0800 -0.0058
vn -0.8331 -0.4598 0.3074
vn -0.8303 -0.4917 0.2623
vn -0.9968 -0.0794 -0.0049
vn -0.8331 -0.4598 0.3074
vn -0.4433 -0.7166 0.5385
vn -0.4384 -0.7724 0.4595
vn -0.8303 -0.4917 0.2623
vn -0.4433 -0.7166 0.5385
vn 0.0681 -0.7789 0.6235
vn 0.0738 -0.8435 0.5320
vn -0.4384 -0.7724 0.4595
vn 0.0681 -0.7789 0.6235
vn 0.5610 -0.6288 0.5385
vn 0.5659 -0.6846 0.4595
vn 0.0738 -0.8435 0.5320
vn 0.5610 -0.6288 0.5385
vn 0.9003 -0.3082 0.3074
vn 0.9031 -0.3400 0.2623
vn 0.5659 -0.6846 0.4595
vn 0.9003 -0.3082 0.3074
vn 0.9955 0.0944 -0.0058
vn 0.9955 0.0949 -0.0049
vn 0.9031 -0.3400 0.2623
vn 0.9955 0.0944 -0.0058
vn 0.8242 0.4699 -0.3160
vn 0.8213 0.5027 -0.2697
vn 0.9955 0.0949 -0.0049
vn 0.8242 0.4699 -0.3160
vn 0.4350 0.7195 -0.5414
vn 0.4301 0.7756 -0.4620
vn 0.8213 0.5027 -0.2697
vn 0.4350 0.7195 -0.5414
vn -0.0681 0.7789 -0.6235
vn -0.0738 0.8435 -0.5320
vn 0.4301 0.7756 -0.4620
vn -0.0738 0.8435 -0.5320
vn -0.5582 0.6892 -0.4620
vn -0.5623 0.7361 -0.3767
vn -0.0785 0.8975 -0.4339
vn -0.5582 0.6892 -0.4620
vn -0.8961 0.3524 -0.2697
vn -0.8985 0.3798 -0.2199
vn -0.5623 0.7361 -0.3767
vn -0.8961 0.3524 -0.2697
vn -0.9968 -0.0794 -0.0049
vn -0.9969 -0.0789 -0.0040
vn -0.8985 0.3798 -0.2199
vn -0.9968 -0.0794 -0.0049
vn -0.8303 -0.4917 0.2623
vn -0.8280 -0.5183 0.2139
vn -0.9969 -0.0789 -0.0040
vn -0.8303 -0.4917 0.2623
vn -0.4384 -0.7724 0.4595
vn -0.4343 -0.8191 0.3747
vn -0.8280 -0.5183 0.2139
vn -0.4384 -0.7724 0.4595
vn 0.0738 -0.8435 0.5320
vn 0.0785 -0.8975 0.4339
vn -0.4343 -0.8191 0.3747
vn 0.0738 -0.8435 0.5320
vn 0.5659 -0.6846 0.4595
vn 0.5699 -0.7313 0.3747
vn 0.0785 -0.8975 0.4339
vn 0.5659 -0.6846 0.4595
vn 0.9031 -0.3400 0.2623
vn 0.9054 -0.3667 0.2139
vn 0.5699 -0.7313 0.3747
vn 0.9031 -0.3400 0.2623
vn 0.9955 0.0949 -0.0049
vn 0.9954 0.0954 -0.0040
vn 0.9054 -0.3667 0.2139
vn 0.9955 0.0949 -0.0049
vn 0.8213 0.5027 -0.2697
vn 0.8189 0.5301 -0.2199
vn 0.9954 0.0954 -0.0040
vn 0.8213 0.5027 -0.2697
vn 0.4301 0.7756 -0.4620
vn 0.4260 0.8226 -0.3767
vn 0.8189 0.5301 -0.2199
vn 0.4301 0.7756 -0.4620
vn -0.0738 0.8435 -0.5320
vn -0.0785 0.8975 -0.4339
vn 0.4260 0.8226 -0.3767
vn -0.0785 0.8975 -0.4339
vn -0.5623 0.7361 -0.3767
vn -0.5656 0.7732 -0.2868
vn -0.0823 0.9403 -0.3303
vn -0.5623 0.7361 -0.3767
vn -0.8985 0.3798 -0.2199
vn -0.9004 0.4015 -0.1674
vn -0.5656 0.7732 -0.2868
vn -0.8985 0.3798 -0.2199
vn -0.9969 -0.0789 -0.0040
vn -0.9969 -0.0785 -0.0031
vn -0.9004 0.4015 -0.1674
vn -0.9969 -0.0789 -0.0040
vn -0.8280 -0.5183 0.2139
vn -0.8262 -0.5394 0.1628
vn -0.9969 -0.0785 -0.0031
vn -0.8280 -0.5183 0.2139
vn -0.4343 -0.8191 0.3747
vn -0.4311 -0.8560 0.2853
vn -0.8262 -0.5394 0.1628
vn -0.4343 -0.8191 0.3747
vn 0.0785 -0.8975 0.4339
vn 0.0823 -0.9403 0.3303
vn -0.4311 -0.8560 0.2853
vn 0.0785 -0.8975 0.4339
vn 0.5699 -0.7313 0.3747
vn 0.5732 -0.7682 0.2853
vn 0.0823 -0.9403 0.3303
vn 0.5699 -0.7313 0.3747
vn 0.9054 -0.3667 0.2139
vn 0.9073 -0.3877 0.1628
vn 0.5732 -0.7682 0.2853
vn 0.9054 -0.3667 0.2139
vn 0.9954 0.0954 -0.0040
vn 0.9954 0.0958 -0.0031
vn 0.9073 -0.3877 0.1628
vn 0.9954 0.0954 -0.0040
vn 0.8189 0.5301 -0.2199
vn 0.8170 0.5517 -0.1674
vn 0.9954 0.0958 -0.0031
vn 0.8189 0.5301 -0.2199
vn 0.4260 0.8226 -0.3767
vn 0.4227 0.8597 -0.2868
vn 0.8170 0.5517 -0.1674
vn 0.4260 0.8226 -0.3767
vn -0.0785 0.8975 -0.4339
vn -0.0823 0.9403 -0.3303
vn 0.4227 0.8597 -0.2868
vn -0.0823 0.9403 -0.3303
vn -0.5656 0.7732 -0.2868
vn -0.5679 0.8001 -0.1932
vn -0.0850 0.9712 -0.2225
vn -0.5656 0.7732 -0.2868
vn -0.9004 0.4015 -0.1674
vn -0.9018 0.4172 -0.1128
vn -0.5679 0.8001 -0.1932
vn -0.9004 0.4015 -0.1674
vn -0.9969 -0.0785 -0.0031
vn -0.9969 -0.0782 -0.0021
vn -0.9018 0.4172 -0.1128
vn -0.9969 -0.0785 -0.0031
vn -0.8262 -0.5394 0.1628
vn -0.8248 -0.5546 0.1097
vn -0.9969 -0.0782 -0.0021
vn -0.8262 -0.5394 0.1628
vn -0.4311 -0.8560 0.2853
vn -0.4287 -0.8828 0.1922
vn -0.8248 -0.5546 0.1097
vn -0.4311 -0.8560 0.2853
vn 0.0823 -0.9403 0.3303
vn 0.0850 -0.9712 0.2225
vn -0.4287 -0.8828 0.1922
vn 0.0823 -0.9403 0.3303
vn 0.5732 -0.7682 0.2853
vn 0.5755 -0.7949 0.1922
vn 0.0850 -0.9712 0.2225
vn 0.5732 -0.7682 0.2853
vn 0.9073 -0.3877 0.1628
vn 0.9086 -0.4030 0.1097
vn 0.5755 -0.7949 0.1922
vn 0.9073 -0.3877 0.1628
vn 0.9954 0.0958 -0.0031
vn 0.9954 0.0961 -0.0021
vn 0.9086 -0.4030 0.1097
vn 0.9954 0.0958 -0.0031
vn 0.8170 0.5517 -0.1674
vn 0.8157 0.5674 -0.1128
vn 0.9954 0.0961 -0.0021
vn 0.8170 0.5517 -0.1674
vn 0.4227 0.8597 -0.2868
vn 0.4204 0.8865 -0.1932
vn 0.8157 0.5674 -0.1128
vn 0.4227 0.8597 -0.2868
vn -0.0823 0.9403 -0.3303
vn -0.0850 0.9712 -0.2225
vn 0.4204 0.8865 -0.1932
vn -0.0850 0.9712 -0.2225
vn -0.5679 0.8001 -0.1932
vn -0.5694 0.8163 -0.0972
vn -0.0866 0.9899 -0.1120
vn -0.5679 0.8001 -0.1932
vn -0.9018 0.4172 -0.1128
vn -0.9026 0.4266 -0.0568
vn -0.5694 0.8163 -0.0972
vn -0.9018 0.4172 -0.1128
vn -0.9969 -0.0782 -0.0021
vn -0.9970 -0.0780 -0.0010
vn -0.9026 0.4266 -0.0568
vn -0.9969 -0.0782 -0.0021
vn -0.8248 -0.5546 0.1097
vn -0.8240 -0.5639 0.0552
vn -0.9970 -0.0780 -0.0010
vn -0.8248 -0.5546 0.1097
vn -0.4287 -0.8828 0.1922
vn -0.4273 -0.8989 0.0967
vn -0.8240 -0.5639 0.0552
vn -0.4287 -0.8828 0.1922
vn 0.0850 -0.9712 0.2225
vn 0.0866 -0.9899 0.1120
vn -0.4273 -0.8989 0.0967
vn 0.0850 -0.9712 0.2225
vn 0.5755 -0.7949 0.1922
vn 0.5769 -0.8111 0.0967
vn 0.0866 -0.9899 0.1120
vn 0.5755 -0.7949 0.1922
vn 0.9086 -0.4030 0.1097
vn 0.9094 -0.4122 0.0552
vn 0.5769 -0.8111 0.0967
vn 0.9086 -0.4030 0.1097
vn 0.9954 0.0961 -0.0021
vn 0.9954 0.0963 -0.0010
vn 0.9094 -0.4122 0.0552
vn 0.9954 0.0961 -0.0021
vn 0.8157 0.5674 -0.1128
vn 0.8148 0.5769 -0.0568
vn 0.9954 0.0963 -0.0010
vn 0.8157 0.5674 -0.1128
vn 0.4204 0.8865 -0.1932
vn 0.4190 0.9028 -0.0972
vn 0.8148 0.5769 -0.0568
vn 0.4204 0.8865 -0.1932
vn -0.0850 0.9712 -0.2225
vn -0.0866 0.9899 -0.1120
vn 0.4190 0.9028 -0.0972
vn -0.0866 0.9899 -0.1120
vn -0.5694 0.8163 -0.0972
vn -0.5698 0.8218 0.0000
vn -0.0872 0.9962 0.0000
vn -0.5694 0.8163 -0.0972
vn -0.9026 0.4266 -0.0568
vn -0.9029 0.4298 0.0000
vn -0.5698 0.8218 0.0000
vn -0.9026 0.4266 -0.0568
vn -0.9970 -0.0780 -0.0010
vn -0.9970 -0.0779 -0.0000
vn -0.9029 0.4298 0.0000
vn -0.9970 -0.0780 -0.0010
vn -0.8240 -0.5639 0.0552
vn -0.8237 -0.5670 -0.0000
vn -0.9970 -0.0779 -0.0000
vn -0.8240 -0.5639 0.0552
vn -0.4273 -0.8989 0.0967
vn -0.4269 -0.9043 -0.0000
vn -0.8237 -0.5670 -0.0000
vn -0.4273 -0.8989 0.0967
vn 0.0866 -0.9899 0.1120
vn 0.0872 -0.9962 -0.0000
vn -0.4269 -0.9043 -0.0000
vn 0.0866 -0.9899 0.1120
vn 0.5769 -0.8111 0.0967
vn 0.5774 -0.8165 -0.0000
vn 0.0872 -0.9962 -0.0000
vn 0.5769 -0.8111 0.0967
vn 0.9094 -0.4122 0.0552
vn 0.9097 -0.4153 0.0000
vn 0.5774 -0.8165 -0.0000
vn 0.9094 -0.4122 0.0552
vn 0.9954 0.0963 -0.0010
vn 0.9953 0.0964 0.0000
vn 0.9097 -0.4153 0.0000
vn 0.9954 0.0963 -0.0010
vn 0.8148 0.5769 -0.0568
vn 0.8146 0.5801 0.0000
vn 0.9953 0.0964 0.0000
vn 0.8148 0.5769 -0.0568
vn 0.4190 0.9028 -0.0972
vn 0.4185 0.9082 0.0000
vn 0.8146 0.5801 0.0000
vn 0.4190 0.9028 -0.0972
vn -0.0866 0.9899 -0.1120
vn -0.0872 0.9962 0.0000
vn 0.4185 0.9082 0.0000
vn 0.0000 -1.0000 0.0000
vn 0.0000 -1.0000 0.0000
vn 0.0000 -1.0000 0.0000
vn 0.0000 -1.0000 0.0000
vn 0.0000 -1.0000 -0.0000
vn 0.0000 -1.0000 -0.0000
vn 0.0000 -1.0000 -0.0000
vn 0.0000 -1.0000 -0.0000
vn -0.0000 -1.0000 0.0000
vn -0.0000 -1.0000 0.0000
vn 0.0000 -1.0000 -0.0000
vn -0.0000 -1.0000 0.0000
vn 0.0000 -1.0000 0.0000
vn 0.0000 -1.0000 -0.0000
vn 0.0000 -1.0000 0.0000
vn -0.0000 -1.0000 -0.0000
vn 0.0024 0.0278 0.9996
vn -0.4939 0.0675 0.8669
vn -0.5101 0.0446 0.8590
vn -0.0144 0.0012 0.9999
vn -0.4939 0.0675 0.8669
vn -0.8594 0.0893 0.5034
vn -0.8670 0.0757 0.4925
vn -0.5101 0.0446 0.8590
vn -0.8594 0.0893 0.5034
vn -0.9962 0.0873 0.0046
vn -0.9962 0.0869 0.0000
vn -0.8670 0.0757 0.4925
vn -0.9962 0.0873 0.0046
vn -0.8659 0.0618 -0.4964
vn -0.8670 0.0757 -0.4925
vn -0.9962 0.0869 0.0000
vn -0.8659 0.0618 -0.4964
vn -0.5021 0.0195 -0.8646
vn -0.5101 0.0445 -0.8590
vn -0.8670 0.0757 -0.4925
vn -0.5021 0.0195 -0.8646
vn -0.0025 -0.0281 -0.9996
vn -0.0144 0.0012 -0.9999
vn -0.5101 0.0445 -0.8590
vn -0.0025 -0.0281 -0.9996
vn 0.4979 -0.0680 -0.8646
vn 0.4886 -0.0428 -0.8715
vn -0.0144 0.0012 -0.9999
vn 0.4979 -0.0680 -0.8646
vn 0.8634 -0.0896 -0.4964
vn 0.8599 -0.0754 -0.5049
vn 0.4886 -0.0428 -0.8715
vn 0.8634 -0.0896 -0.4964
vn 0.9962 -0.0870 0.0046
vn 0.9962 -0.0874 -0.0000
vn 0.8599 -0.0754 -0.5049
vn 0.9962 -0.0870 0.0046
vn 0.8619 -0.0612 0.5034
vn 0.8599 -0.0754 0.5049
vn 0.9962 -0.0874 -0.0000
vn 0.8619 -0.0612 0.5034
vn 0.4981 -0.0192 0.8669
vn 0.4886 -0.0428 0.8715
vn 0.8599 -0.0754 0.5049
vn 0.4981 -0.0192 0.8669
vn 0.0024 0.0278 0.9996
vn -0.0144 0.0012 0.9999
vn 0.4886 -0.0428 0.8715
vn -0.4939 0.0675 -0.8669
vn 0.0024 0.0278 -0.9996
vn -0.0144 0.0012 -0.9999
vn -0.5101 0.0445 -0.8590
vn 0.0024 0.0278 -0.9996
vn 0.4981 -0.0193 -0.8669
vn 0.4886 -0.0428 -0.8715
vn -0.0144 0.0012 -0.9999
vn 0.4981 -0.0193 -0.8669
vn 0.8619 -0.0613 -0.5034
vn 0.8599 -0.0754 -0.5049
vn 0.4886 -0.0428 -0.8715
vn 0.8619 -0.0613 -0.5034
vn 0.9962 -0.0870 -0.0046
vn 0.9962 -0.0874 -0.0000
vn 0.8599 -0.0754 -0.5049
vn 0.9962 -0.0870 -0.0046
vn 0.8634 -0.0895 0.4964
vn 0.8599 -0.0754 0.5049
vn 0.9962 -0.0874 -0.0000
vn 0.8634 -0.0895 0.4964
vn 0.4979 -0.0680 0.8646
vn 0.4886 -0.0428 0.8715
vn 0.8599 -0.0754 0.5049
vn 0.4979 -0.0680 0.8646
vn -0.0025 -0.0281 0.9996
vn -0.0144 0.0012 0.9999
vn 0.4886 -0.0428 0.8715
vn -0.0025 -0.0281 0.9996
vn -0.5021 0.0195 0.8646
vn -0.5101 0.0446 0.8590
vn -0.0144 0.0012 0.9999
vn -0.5021 0.0195 0.8646
vn -0.8659 0.0617 0.4964
vn -0.8670 0.0757 0.4925
vn -0.5101 0.0446 0.8590
vn -0.8659 0.0617 0.4964
vn -0.9962 0.0873 -0.0046
vn -0.9962 0.0869 0.0000
vn -0.8670 0.0757 0.4925
vn -0.9962 0.0873 -0.0046
vn -0.8594 0.0894 -0.5034
vn -0.8670 0.0757 -0.4925
vn -0.9962 0.0869 0.0000
vn -0.8594 0.0894 -0.5034
vn -0.4939 0.0675 -0.8669
vn -0.5101 0.0445 -0.8590
vn -0.8670 0.0757 -0.4925
vn -0.0024 0.0278 0.9996
vn -0.4981 -0.0193 0.8669
vn -0.4886 -0.0428 0.8715
vn 0.0144 0.0012 0.9999
vn -0.4981 -0.0193 0.8669
vn -0.8619 -0.0613 0.5034
vn -0.8599 -0.0754 0.5049
vn -0.4886 -0.0428 0.8715
vn -0.8619 -0.0613 0.5034
vn -0.9962 -0.0870 0.0046
vn -0.9962 -0.0874 0.0000
vn -0.8599 -0.0754 0.5049
vn -0.9962 -0.0870 0.0046
vn -0.8634 -0.0895 -0.4964
vn -0.8599 -0.0754 -0.5049
vn -0.9962 -0.0874 0.0000
vn -0.8634 -0.0895 -0.4964
vn -0.4979 -0.0680 -0.8646
vn -0.4886 -0.0428 -0.8715
vn -0.8599 -0.0754 -0.5049
vn -0.4979 -0.0680 -0.8646
vn 0.0025 -0.0281 -0.9996
vn 0.0144 0.0012 -0.9999
vn -0.4886 -0.0428 -0.8715
vn 0.0025 -0.0281 -0.9996
vn 0.5021 0.0195 -0.8646
vn 0.5101 0.0446 -0.8590
vn 0.0144 0.0012 -0.9999
vn 0.5021 0.0195 -0.8646
vn 0.8659 0.0617 -0.4964
vn 0.8670 0.0757 -0.4925
vn 0.5101 0.0446 -0.8590
vn 0.8659 0.0617 -0.4964
vn 0.9962 0.0873 0.0046
vn 0.9962 0.0869 -0.0000
vn 0.8670 0.0757 -0.4925
vn 0.9962 0.0873 0.0046
vn 0.8594 0.0894 0.5034
vn 0.8670 0.0757 0.4925
vn 0.9962 0.0869 -0.0000
vn 0.8594 0.0894 0.5034
vn 0.4939 0.0675 0.8669
vn 0.5101 0.0445 0.8590
vn 0.8670 0.0757 0.4925
vn 0.4939 0.0675 0.8669
vn -0.0024 0.0278 0.9996
vn 0.0144 0.0012 0.9999
vn 0.5101 0.0445 0.8590
vn -0.4981 -0.0192 -0.8669
vn -0.0024 0.0278 -0.9996
vn 0.0144 0.0012 -0.9999
vn -0.4886 -0.0428 -0.8715
vn -0.0024 0.0278 -0.9996
vn 0.4939 0.0675 -0.8669
vn 0.5101 0.0446 -0.8590
vn 0.0144 0.0012 -0.9999
vn 0.4939 0.0675 -0.8669
vn 0.8594 0.0893 -0.5034
vn 0.8670 0.0757 -0.4925
vn 0.5101 0.0446 -0.8590
vn 0.8594 0.0893 -0.5034
vn 0.9962 0.0873 -0.0046
vn 0.9962 0.0869 -0.0000
vn 0.8670 0.0757 -0.4925
vn 0.9962 0.0873 -0.0046
vn 0.8659 0.0618 0.4964
vn 0.8670 0.0757 0.4925
vn 0.9962 0.0869 -0.0000
vn 0.8659 0.0618 0.4964
vn 0.5021 0.0195 0.8646
vn 0.5101 0.0445 0.8590
vn 0.8670 0.0757 0.4925
vn 0.5021 0.0195 0.8646
vn 0.0025 -0.0281 0.9996
vn 0.0144 0.0012 0.9999
vn 0.5101 0.0445 0.8590
vn 0.0025 -0.0281 0.9996
vn -0.4979 -0.0680 0.8646
vn -0.4886 -0.0428 0.8715
vn 0.0144 0.0012 0.9999
vn -0.4979 -0.0680 0.8646
vn -0.8634 -0.0896 0.4964
vn -0.8599 -0.0754 0.5049
vn -0.4886 -0.0428 0.8715
vn -0.8634 -0.0896 0.4964
vn -0.9962 -0.0870 -0.0046
vn -0.9962 -0.0874 0.0000
vn -0.8599 -0.0754 0.5049
vn -0.9962 -0.0870 -0.0046
vn -0.8619 -0.0612 -0.5034
vn -0.8599 -0.0754 -0.5049
vn -0.9962 -0.0874 0.0000
vn -0.8619 -0.0612 -0.5034
vn -0.4981 -0.0192 -0.8669
vn -0.4886 -0.0428 -0.8715
vn -0.8599 -0.0754 -0.5049
vn 0.0872 0.9962 0.0000
vn -0.4185 0.9082 0.0000
vn -0.4190 0.9028 0.0972
vn 0.0866 0.9899 0.1120
vn -0.4185 0.9082 0.0000
vn -0.8146 0.5801 0.0000
vn -0.8148 0.5769 0.0568
vn -0.4190 0.9028 0.0972
vn -0.8146 0.5801 0.0000
vn -0.9953 0.0964 -0.0000
vn -0.9954 0.0963 0.0010
vn -0.8148 0.5769 0.0568
vn -0.9953 0.0964 -0.0000
vn -0.9097 -0.4153 -0.0000
vn -0.9094 -0.4122 -0.0552
vn -0.9954 0.0963 0.0010
vn -0.9097 -0.4153 -0.0000
vn -0.5774 -0.8165 -0.0000
vn -0.5769 -0.8111 -0.0967
vn -0.9094 -0.4122 -0.0552
vn -0.5774 -0.8165 -0.0000
vn -0.0872 -0.9962 -0.0000
vn -0.0866 -0.9899 -0.1120
vn -0.5769 -0.8111 -0.0967
vn -0.0872 -0.9962 -0.0000
vn 0.4269 -0.9043 -0.0000
vn 0.4273 -0.8989 -0.0967
vn -0.0866 -0.9899 -0.1120
vn 0.4269 -0.9043 -0.0000
vn 0.8237 -0.5670 0.0000
vn 0.8240 -0.5639 -0.0552
vn 0.4273 -0.8989 -0.0967
vn 0.8237 -0.5670 0.0000
vn 0.9970 -0.0779 0.0000
vn 0.9970 -0.0780 0.0010
vn 0.8240 -0.5639 -0.0552
vn 0.9970 -0.0779 0.0000
vn 0.9029 0.4298 -0.0000
vn 0.9026 0.4266 0.0568
vn 0.9970 -0.0780 0.0010
vn 0.9029 0.4298 -0.0000
vn 0.5698 0.8218 0.0000
vn 0.5694 0.8163 0.0972
vn 0.9026 0.4266 0.0568
vn 0.5698 0.8218 0.0000
vn 0.0872 0.9962 0.0000
vn 0.0866 0.9899 0.1120
vn 0.5694 0.8163 0.0972
vn 0.0866 0.9899 0.1120
vn -0.4190 0.9028 0.0972
vn -0.4204 0.8865 0.1932
vn 0.0850 0.9712 0.2225
vn -0.4190 0.9028 0.0972
vn -0.8148 0.5769 0.0568
vn -0.8157 0.5674 0.1128
vn -0.4204 0.8865 0.1932
vn -0.8148 0.5769 0.0568
vn -0.9954 0.0963 0.0010
vn -0.9954 0.0961 0.0021
vn -0.8157 0.5674 0.1128
vn -0.9954 0.0963 0.0010
vn -0.9094 -0.4122 -0.0552
vn -0.9086 -0.4030 -0.1097
vn -0.9954 0.0961 0.0021
vn -0.9094 -0.4122 -0.0552
vn -0.5769 -0.8111 -0.0967
vn -0.5755 -0.7949 -0.1922
vn -0.9086 -0.4030 -0.1097
vn -0.5769 -0.8111 -0.0967
vn -0.0866 -0.9899 -0.1120
vn -0.0850 -0.9712 -0.2225
vn -0.5755 -0.7949 -0.1922
vn -0.0866 -0.9899 -0.1120
vn 0.4273 -0.8989 -0.0967
vn 0.4287 -0.8827 -0.1922
vn -0.0850 -0.9712 -0.2225
vn 0.4273 -0.8989 -0.0967
vn 0.8240 -0.5639 -0.0552
vn 0.8248 -0.5546 -0.1097
vn 0.4287 -0.8827 -0.1922
vn 0.8240 -0.5639 -0.0552
vn 0.9970 -0.0780 0.0010
vn 0.9969 -0.0782 0.0021
vn 0.8248 -0.5546 -0.1097
vn 0.9970 -0.0780 0.0010
vn 0.9026 0.4266 0.0568
vn 0.9018 0.4172 0.1128
vn 0.9969 -0.0782 0.0021
vn 0.9026 0.4266 0.0568
vn 0.5694 0.8163 0.0972
vn 0.5679 0.8001 0.1932
vn 0.9018 0.4172 0.1128
vn 0.5694 0.8163 0.0972
vn 0.0866 0.9899 0.1120
vn 0.0850 0.9712 0.2225
vn 0.5679 0.8001 0.1932
vn 0.0850 0.9712 0.2225
vn -0.4204 0.8865 0.1932
vn -0.4227 0.8597 0.2868
vn 0.0823 0.9403 0.3303
vn -0.4204 0.8865 0.1932
vn -0.8157 0.5674 0.1128
vn -0.8170 0.5517 0.1674
vn -0.4227 0.8597 0.2868
vn -0.8157 0.5674 0.1128
vn -0.9954 0.0961 0.0021
vn -0.9954 0.0958 0.0031
vn -0.8170 0.5517 0.1674
vn -0.9954 0.0961 0.0021
vn -0.9086 -0.4030 -0.1097
vn -0.9073 -0.3877 -0.1628
vn -0.9954 0.0958 0.0031
vn -0.9086 -0.4030 -0.1097
vn -0.5755 -0.7949 -0.1922
vn -0.5732 -0.7682 -0.2853
vn -0.9073 -0.3877 -0.1628
vn -0.5755 -0.7949 -0.1922
vn -0.0850 -0.9712 -0.2225
vn -0.0823 -0.9403 -0.3303
vn -0.5732 -0.7682 -0.2853
vn -0.0850 -0.9712 -0.2225
vn 0.4287 -0.8827 -0.1922
vn 0.4311 -0.8560 -0.2853
vn -0.0823 -0.9403 -0.3303
vn 0.4287 -0.8827 -0.1922
vn 0.8248 -0.5546 -0.1097
vn 0.8262 -0.5394 -0.1628
vn 0.4311 -0.8560 -0.2853
vn 0.8248 -0.5546 -0.1097
vn 0.9969 -0.0782 0.0021
vn 0.9969 -0.0785 0.0031
vn 0.8262 -0.5394 -0.1628
vn 0.9969 -0.0782 0.0021
vn 0.9018 0.4172 0.1128
vn 0.9004 0.4015 0.1674
vn 0.9969 -0.0785 0.0031
vn 0.9018 0.4172 0.1128
vn 0.5679 0.8001 0.1932
vn 0.5656 0.7732 0.2868
vn 0.9004 0.4015 0.1674
vn 0.5679 0.8001 0.1932
vn 0.0850 0.9712 0.2225
vn 0.0823 0.9403 0.3303
vn 0.5656 0.7732 0.2868
vn 0.0823 0.9403 0.3303
vn -0.4227 0.8597 0.2868
vn -0.4260 0.8226 0.3767
vn 0.0785 0.8975 0.4339
vn -0.4227 0.8597 0.2868
vn -0.8170 0.5517 0.1674
vn -0.8189 0.5301 0.2199
vn -0.4260 0.8226 0.3767
vn -0.8170 0.5517 0.1674
vn -0.9954 0.0958 0.0031
vn -0.9954 0.0954 0.0040
vn -0.8189 0.5301 0.2199
vn -0.9954 0.0958 0.0031
vn -0.9073 -0.3877 -0.1628
vn -0.9054 -0.3667 -0.2139
vn -0.9954 0.0954 0.0040
vn -0.9073 -0.3877 -0.1628
vn -0.5732 -0.7682 -0.2853
vn -0.5699 -0.7313 -0.3747
vn -0.9054 -0.3667 -0.2139
vn -0.5732 -0.7682 -0.2853
vn -0.0823 -0.9403 -0.3303
vn -0.0785 -0.8975 -0.4339
vn -0.5699 -0.7313 -0.3747
vn -0.0823 -0.9403 -0.3303
vn 0.4311 -0.8560 -0.2853
vn 0.4343 -0.8191 -0.3747
vn -0.0785 -0.8975 -0.4339
vn 0.4311 -0.8560 -0.2853
vn 0.8262 -0.5394 -0.1628
vn 0.8280 -0.5183 -0.2139
vn 0.4343 -0.8191 -0.3747
vn 0.8262 -0.5394 -0.1628
vn 0.9969 -0.0785 0.0031
vn 0.9969 -0.0789 0.0040
vn 0.8280 -0.5183 -0.2139
vn 0.9969 -0.0785 0.0031
vn 0.9004 0.4015 0.1674
vn 0.8985 0.3798 0.2199
vn 0.9969 -0.0789 0.0040
vn 0.9004 0.4015 0.1674
vn 0.5656 0.7732 0.2868
vn 0.5623 0.7361 0.3767
vn 0.8985 0.3798 0.2199
vn 0.5656 0.7732 0.2868
vn 0.0823 0.9403 0.3303
vn 0.0785 0.8975 0.4339
vn 0.5623 0.7361 0.3767
vn 0.0785 0.8975 0.4339
vn -0.4260 0.8226 0.3767
vn -0.4301 0.7756 0.4620
vn 0.0738 0.8435 0.5320
vn -0.4260 0.8226 0.3767
vn -0.8189 0.5301 0.2199
vn -0.8213 0.5027 0.2697
vn -0.4301 0.7756 0.4620
vn -0.8189 0.5301 0.2199
vn -0.9954 0.0954 0.0040
vn -0.9955 0.0950 0.0049
vn -0.8213 0.5027 0.2697
vn -0.9954 0.0954 0.0040
vn -0.9054 -0.3667 -0.2139
vn -0.9031 -0.3400 -0.2623
vn -0.9955 0.0950 0.0049
vn -0.9054 -0.3667 -0.2139
vn -0.5699 -0.7313 -0.3747
vn -0.5659 -0.6846 -0.4595
vn -0.9031 -0.3400 -0.2623
vn -0.5699 -0.7313 -0.3747
vn -0.0785 -0.8975 -0.4339
vn -0.0738 -0.8435 -0.5320
vn -0.5659 -0.6846 -0.4595
vn -0.0785 -0.8975 -0.4339
vn 0.4343 -0.8191 -0.3747
vn 0.4384 -0.7724 -0.4595
vn -0.0738 -0.8435 -0.5320
vn 0.4343 -0.8191 -0.3747
vn 0.8280 -0.5183 -0.2139
vn 0.8303 -0.4917 -0.2623
vn 0.4384 -0.7724 -0.4595
vn 0.8280 -0.5183 -0.2139
vn 0.9969 -0.0789 0.0040
vn 0.9968 -0.0794 0.0049
vn 0.8303 -0.4917 -0.2623
vn 0.9969 -0.0789 0.0040
vn 0.8985 0.3798 0.2199
vn 0.8961 0.3524 0.2697
vn 0.9968 -0.0794 0.0049
vn 0.8985 0.3798 0.2199
vn 0.5623 0.7361 0.3767
vn 0.5582 0.6892 0.4620
vn 0.8961 0.3524 0.2697
vn 0.5623 0.7361 0.3767
vn 0.0785 0.8975 0.4339
vn 0.0738 0.8435 0.5320
vn 0.5582 0.6892 0.4620
vn 0.0738 0.8435 0.5320
vn -0.4301 0.7756 0.4620
vn -0.4350 0.7195 0.5414
vn 0.0681 0.7789 0.6235
vn -0.4301 0.7756 0.4620
vn -0.8213 0.5027 0.2697
vn -0.8242 0.4699 0.3160
vn -0.4350 0.7195 0.5414
vn -0.8213 0.5027 0.2697
vn -0.9955 0.0950 0.0049
vn -0.9955 0.0944 0.0058
vn -0.8242 0.4699 0.3160
vn -0.9955 0.0950 0.0049
vn -0.9031 -0.3400 -0.2623
vn -0.9003 -0.3082 -0.3074
vn -0.9955 0.0944 0.0058
vn -0.9031 -0.3400 -0.2623
vn -0.5659 -0.6846 -0.4595
vn -0.5610 -0.6288 -0.5385
vn -0.9003 -0.3082 -0.3074
vn -0.5659 -0.6846 -0.4595
vn -0.0738 -0.8435 -0.5320
vn -0.0681 -0.7789 -0.6235
vn -0.5610 -0.6288 -0.5385
vn -0.0738 -0.8435 -0.5320
vn 0.4384 -0.7724 -0.4595
vn 0.4433 -0.7166 -0.5385
vn -0.0681 -0.7789 -0.6235
vn 0.4384 -0.7724 -0.4595
vn 0.8303 -0.4917 -0.2623
vn 0.8331 -0.4598 -0.3074
vn 0.4433 -0.7166 -0.5385
vn 0.8303 -0.4917 -0.2623
vn 0.9968 -0.0794 0.0049
vn 0.9968 -0.0800 0.0058
vn 0.8331 -0.4598 -0.3074
vn 0.9968 -0.0794 0.0049
vn 0.8961 0.3524 0.2697
vn 0.8933 0.3196 0.3160
vn 0.9968 -0.0800 0.0058
vn 0.8961 0.3524 0.2697
vn 0.5582 0.6892 0.4620
vn 0.5533 0.6330 0.5414
vn 0.8933 0.3196 0.3160
vn 0.5582 0.6892 0.4620
vn 0.0738 0.8435 0.5320
vn 0.0681 0.7789 0.6235
vn 0.5533 0.6330 0.5414
vn 0.0681 0.7789 0.6235
vn -0.4350 0.7195 0.5414
vn -0.4406 0.6549 0.6140
vn 0.0616 0.7044 0.7071
vn -0.4350 0.7195 0.5414
vn -0.8242 0.4699 0.3160
vn -0.8275 0.4322 0.3584
vn -0.4406 0.6549 0.6140
vn -0.8242 0.4699 0.3160
vn -0.9955 0.0944 0.0058
vn -0.9956 0.0937 0.0065
vn -0.8275 0.4322 0.3584
vn -0.9955 0.0944 0.0058
vn -0.9003 -0.3082 -0.3074
vn -0.8971 -0.2715 -0.3486
vn -0.9956 0.0937 0.0065
vn -0.9003 -0.3082 -0.3074
vn -0.5610 -0.6288 -0.5385
vn -0.5554 -0.5645 -0.6107
vn -0.8971 -0.2715 -0.3486
vn -0.5610 -0.6288 -0.5385
vn -0.0681 -0.7789 -0.6235
vn -0.0616 -0.7044 -0.7071
vn -0.5554 -0.5645 -0.6107
vn -0.0681 -0.7789 -0.6235
vn 0.4433 -0.7166 -0.5385
vn 0.4489 -0.6523 -0.6107
vn -0.0616 -0.7044 -0.7071
vn 0.4433 -0.7166 -0.5385
vn 0.8331 -0.4598 -0.3074
vn 0.8363 -0.4231 -0.3486
vn 0.4489 -0.6523 -0.6107
vn 0.8331 -0.4598 -0.3074
vn 0.9968 -0.0800 0.0058
vn 0.9967 -0.0806 0.0065
vn 0.8363 -0.4231 -0.3486
vn 0.9968 -0.0800 0.0058
vn 0.8933 0.3196 0.3160
vn 0.8900 0.2819 0.3584
vn 0.9967 -0.0806 0.0065
vn 0.8933 0.3196 0.3160
vn 0.5533 0.6330 0.5414
vn 0.5477 0.5684 0.6140
vn 0.8900 0.2819 0.3584
vn 0.5533 0.6330 0.5414
vn 0.0681 0.7789 0.6235
vn 0.0616 0.7044 0.7071
vn 0.5477 0.5684 0.6140
vn 0.0616 0.7044 0.7071
vn -0.4406 0.6549 0.6140
vn -0.4470 0.5825 0.6789
vn 0.0543 0.6211 0.7818
vn -0.4406 0.6549 0.6140
vn -0.8275 0.4322 0.3584
vn -0.8312 0.3900 0.3963
vn -0.4470 0.5825 0.6789
vn -0.8275 0.4322 0.3584
vn -0.9956 0.0937 0.0065
vn -0.9956 0.0929 0.0072
vn -0.8312 0.3900 0.3963
vn -0.9956 0.0937 0.0065
vn -0.8971 -0.2715 -0.3486
vn -0.8935 -0.2304 -0.3854
vn -0.9956 0.0929 0.0072
vn -0.8971 -0.2715 -0.3486
vn -0.5554 -0.5645 -0.6107
vn -0.5491 -0.4925 -0.6753
vn -0.8935 -0.2304 -0.3854
vn -0.5554 -0.5645 -0.6107
vn -0.0616 -0.7044 -0.7071
vn -0.0543 -0.6211 -0.7818
vn -0.5491 -0.4925 -0.6753
vn -0.0616 -0.7044 -0.7071
vn 0.4489 -0.6523 -0.6107
vn 0.4552 -0.5804 -0.6753
vn -0.0543 -0.6211 -0.7818
vn 0.4489 -0.6523 -0.6107
vn 0.8363 -0.4231 -0.3486
vn 0.8399 -0.3820 -0.3854
vn 0.4552 -0.5804 -0.6753
vn 0.8363 -0.4231 -0.3486
vn 0.9967 -0.0806 0.0065
vn 0.9967 -0.0814 0.0072
vn 0.8399 -0.3820 -0.3854
vn 0.9967 -0.0806 0.0065
vn 0.8900 0.2819 0.3584
vn 0.8863 0.2397 0.3963
vn 0.9967 -0.0814 0.0072
vn 0.8900 0.2819 0.3584
vn 0.5477 0.5684 0.6140
vn 0.5413 0.4961 0.6789
vn 0.8863 0.2397 0.3963
vn 0.5477 0.5684 0.6140
vn 0.0616 0.7044 0.7071
vn 0.0543 0.6211 0.7818
vn 0.5413 0.4961 0.6789
vn 0.0543 0.6211 0.7818
vn -0.4470 0.5825 0.6789
vn -0.4539 0.5034 0.7352
vn 0.0464 0.5300 0.8467
vn -0.4470 0.5825 0.6789
vn -0.8312 0.3900 0.3963
vn -0.8352 0.3438 0.4292
vn -0.4539 0.5034 0.7352
vn -0.8312 0.3900 0.3963
vn -0.9956 0.0929 0.0072
vn -0.9957 0.0921 0.0078
vn -0.8352 0.3438 0.4292
vn -0.9956 0.0929 0.0072
vn -0.8935 -0.2304 -0.3854
vn -0.8896 -0.1855 -0.4174
vn -0.9957 0.0921 0.0078
vn -0.8935 -0.2304 -0.3854
vn -0.5491 -0.4925 -0.6753
vn -0.5422 -0.4138 -0.7313
vn -0.8896 -0.1855 -0.4174
vn -0.5491 -0.4925 -0.6753
vn -0.0543 -0.6211 -0.7818
vn -0.0464 -0.5300 -0.8467
vn -0.5422 -0.4138 -0.7313
vn -0.0543 -0.6211 -0.7818
vn 0.4552 -0.5804 -0.6753
vn 0.4621 -0.5017 -0.7313
vn -0.0464 -0.5300 -0.8467
vn 0.4552 -0.5804 -0.6753
vn 0.8399 -0.3820 -0.3854
vn 0.8439 -0.3371 -0.4174
vn 0.4621 -0.5017 -0.7313
vn 0.8399 -0.3820 -0.3854
vn 0.9967 -0.0814 0.0072
vn 0.9966 -0.0823 0.0078
vn 0.8439 -0.3371 -0.4174
vn 0.9967 -0.0814 0.0072
vn 0.8863 0.2397 0.3963
vn 0.8822 0.1935 0.4292
vn 0.9966 -0.0823 0.0078
vn 0.8863 0.2397 0.3963
vn 0.5413 0.4961 0.6789
vn 0.5344 0.4170 0.7352
vn 0.8822 0.1935 0.4292
vn 0.5413 0.4961 0.6789
vn 0.0543 0.6211 0.7818
vn 0.0464 0.5300 0.8467
vn 0.5344 0.4170 0.7352
vn 0.0464 0.5300 0.8467
vn -0.4539 0.5034 0.7352
vn -0.4613 0.4185 0.7823
vn 0.0378 0.4322 0.9010
vn -0.4539 0.5034 0.7352
vn -0.8352 0.3438 0.4292
vn -0.8396 0.2942 0.4567
vn -0.4613 0.4185 0.7823
vn -0.8352 0.3438 0.4292
vn -0.9957 0.0921 0.0078
vn -0.9958 0.0911 0.0083
vn -0.8396 0.2942 0.4567
vn -0.9957 0.0921 0.0078
vn -0.8896 -0.1855 -0.4174
vn -0.8854 -0.1373 -0.4442
vn -0.9958 0.0911 0.0083
vn -0.8896 -0.1855 -0.4174
vn -0.5422 -0.4138 -0.7313
vn -0.5348 -0.3294 -0.7781
vn -0.8854 -0.1373 -0.4442
vn -0.5422 -0.4138 -0.7313
vn -0.0464 -0.5300 -0.8467
vn -0.0378 -0.4322 -0.9010
vn -0.5348 -0.3294 -0.7781
vn -0.0464 -0.5300 -0.8467
vn 0.4621 -0.5017 -0.7313
vn 0.4695 -0.4172 -0.7781
vn -0.0378 -0.4322 -0.9010
vn 0.4621 -0.5017 -0.7313
vn 0.8439 -0.3371 -0.4174
vn 0.8481 -0.2889 -0.4442
vn 0.4695 -0.4172 -0.7781
vn 0.8439 -0.3371 -0.4174
vn 0.9966 -0.0823 0.0078
vn 0.9965 -0.0832 0.0083
vn 0.8481 -0.2889 -0.4442
vn 0.9966 -0.0823 0.0078
vn 0.8822 0.1935 0.4292
vn 0.8779 0.1440 0.4567
vn 0.9965 -0.0832 0.0083
vn 0.8822 0.1935 0.4292
vn 0.5344 0.4170 0.7352
vn 0.5270 0.3321 0.7823
vn 0.8779 0.1440 0.4567
vn 0.5344 0.4170 0.7352
vn 0.0464 0.5300 0.8467
vn 0.0378 0.4322 0.9010
vn 0.5270 0.3321 0.7823
vn 0.0378 0.4322 0.9010
vn -0.4613 0.4185 0.7823
vn -0.4692 0.3289 0.8196
vn 0.0288 0.3290 0.9439
vn -0.4613 0.4185 0.7823
vn -0.8396 0.2942 0.4567
vn -0.8442 0.2419 0.4784
vn -0.4692 0.3289 0.8196
vn -0.8396 0.2942 0.4567
vn -0.9958 0.0911 0.0083
vn -0.9959 0.0902 0.0087
vn -0.8442 0.2419 0.4784
vn -0.9958 0.0911 0.0083
vn -0.8854 -0.1373 -0.4442
vn -0.8809 -0.0864 -0.4653
vn -0.9959 0.0902 0.0087
vn -0.8854 -0.1373 -0.4442
vn -0.5348 -0.3294 -0.7781
vn -0.5270 -0.2402 -0.8152
vn -0.8809 -0.0864 -0.4653
vn -0.5348 -0.3294 -0.7781
vn -0.0378 -0.4322 -0.9010
vn -0.0288 -0.3290 -0.9439
vn -0.5270 -0.2402 -0.8152
vn -0.0378 -0.4322 -0.9010
vn 0.4695 -0.4172 -0.7781
vn 0.4773 -0.3281 -0.8152
vn -0.0288 -0.3290 -0.9439
vn 0.4695 -0.4172 -0.7781
vn 0.8481 -0.2889 -0.4442
vn 0.8525 -0.2380 -0.4653
vn 0.4773 -0.3281 -0.8152
vn 0.8481 -0.2889 -0.4442
vn 0.9965 -0.0832 0.0083
vn 0.9964 -0.0841 0.0087
vn 0.8525 -0.2380 -0.4653
vn 0.9965 -0.0832 0.0083
vn 0.8779 0.1440 0.4567
vn 0.8733 0.0916 0.4784
vn 0.9964 -0.0841 0.0087
vn 0.8779 0.1440 0.4567
vn 0.5270 0.3321 0.7823
vn 0.5191 0.2425 0.8196
vn 0.8733 0.0916 0.4784
vn 0.5270 0.3321 0.7823
vn 0.0378 0.4322 0.9010
vn 0.0288 0.3290 0.9439
vn 0.5191 0.2425 0.8196
vn 0.0288 0.3290 0.9439
vn -0.4692 0.3289 0.8196
vn -0.4773 0.2357 0.8465
vn 0.0194 0.2217 0.9749
vn -0.4692 0.3289 0.8196
vn -0.8442 0.2419 0.4784
vn -0.8489 0.1875 0.4942
vn -0.4773 0.2357 0.8465
vn -0.8442 0.2419 0.4784
vn -0.9959 0.0902 0.0087
vn -0.9960 0.0892 0.0090
vn -0.8489 0.1875 0.4942
vn -0.9959 0.0902 0.0087
vn -0.8809 -0.0864 -0.4653
vn -0.8763 -0.0335 -0.4806
vn -0.9960 0.0892 0.0090
vn -0.8809 -0.0864 -0.4653
vn -0.5270 -0.2402 -0.8152
vn -0.5189 -0.1475 -0.8420
vn -0.8763 -0.0335 -0.4806
vn -0.5270 -0.2402 -0.8152
vn -0.0288 -0.3290 -0.9439
vn -0.0194 -0.2217 -0.9749
vn -0.5189 -0.1475 -0.8420
vn -0.0288 -0.3290 -0.9439
vn 0.4773 -0.3281 -0.8152
vn 0.4854 -0.2354 -0.8420
vn -0.0194 -0.2217 -0.9749
vn 0.4773 -0.3281 -0.8152
vn 0.8525 -0.2380 -0.4653
vn 0.8572 -0.1851 -0.4806
vn 0.4854 -0.2354 -0.8420
vn 0.8525 -0.2380 -0.4653
vn 0.9964 -0.0841 0.0087
vn 0.9963 -0.0851 0.0090
vn 0.8572 -0.1851 -0.4806
vn 0.9964 -0.0841 0.0087
vn 0.8733 0.0916 0.4784
vn 0.8686 0.0372 0.4942
vn 0.9963 -0.0851 0.0090
vn 0.8733 0.0916 0.4784
vn 0.5191 0.2425 0.8196
vn 0.5110 0.1492 0.8465
vn 0.8686 0.0372 0.4942
vn 0.5191 0.2425 0.8196
vn 0.0288 0.3290 0.9439
vn 0.0194 0.2217 0.9749
vn 0.5110 0.1492 0.8465
vn 0.0194 0.2217 0.9749
vn -0.4773 0.2357 0.8465
vn -0.4857 0.1401 0.8628
vn 0.0098 0.1115 0.9937
vn -0.4773 0.2357 0.8465
vn -0.8489 0.1875 0.4942
vn -0.8538 0.1317 0.5037
vn -0.4857 0.1401 0.8628
vn -0.8489 0.1875 0.4942
vn -0.9960 0.0892 0.0090
vn -0.9961 0.0882 0.0092
vn -0.8538 0.1317 0.5037
vn -0.9960 0.0892 0.0090
vn -0.8763 -0.0335 -0.4806
vn -0.8715 0.0208 -0.4899
vn -0.9961 0.0882 0.0092
vn -0.8763 -0.0335 -0.4806
vn -0.5189 -0.1475 -0.8420
vn -0.5106 -0.0524 -0.8582
vn -0.8715 0.0208 -0.4899
vn -0.5189 -0.1475 -0.8420
vn -0.0194 -0.2217 -0.9749
vn -0.0098 -0.1115 -0.9937
vn -0.5106 -0.0524 -0.8582
vn -0.0194 -0.2217 -0.9749
vn 0.4854 -0.2354 -0.8420
vn 0.4937 -0.1403 -0.8582
vn -0.0098 -0.1115 -0.9937
vn 0.4854 -0.2354 -0.8420
vn 0.8572 -0.1851 -0.4806
vn 0.8619 -0.1308 -0.4899
vn 0.4937 -0.1403 -0.8582
vn 0.8572 -0.1851 -0.4806
vn 0.9963 -0.0851 0.0090
vn 0.9962 -0.0861 0.0092
vn 0.8619 -0.1308 -0.4899
vn 0.9963 -0.0851 0.0090
vn 0.8686 0.0372 0.4942
vn 0.8637 -0.0186 0.5037
vn 0.9962 -0.0861 0.0092
vn 0.8686 0.0372 0.4942
vn 0.5110 0.1492 0.8465
vn 0.5026 0.0536 0.8628
vn 0.8637 -0.0186 0.5037
vn 0.5110 0.1492 0.8465
vn 0.0194 0.2217 0.9749
vn 0.0098 0.1115 0.9937
vn 0.5026 0.0536 0.8628
vn 0.0098 0.1115 0.9937
vn -0.4857 0.1401 0.8628
vn -0.4939 0.0675 0.8669
vn 0.0024 0.0278 0.9996
vn -0.4857 0.1401 0.8628
vn -0.8538 0.1317 0.5037
vn -0.8594 0.0893 0.5034
vn -0.4939 0.0675 0.8669
vn -0.8538 0.1317 0.5037
vn -0.9961 0.0882 0.0092
vn -0.9962 0.0873 0.0046
vn -0.8594 0.0893 0.5034
vn -0.9961 0.0882 0.0092
vn -0.8715 0.0208 -0.4899
vn -0.8659 0.0618 -0.4964
vn -0.9962 0.0873 0.0046
vn -0.8715 0.0208 -0.4899
vn -0.5106 -0.0524 -0.8582
vn -0.5021 0.0195 -0.8646
vn -0.8659 0.0618 -0.4964
vn -0.5106 -0.0524 -0.8582
vn -0.0098 -0.1115 -0.9937
vn -0.0025 -0.0281 -0.9996
vn -0.5021 0.0195 -0.8646
vn -0.0098 -0.1115 -0.9937
vn 0.4937 -0.1403 -0.8582
vn 0.4979 -0.0680 -0.8646
vn -0.0025 -0.0281 -0.9996
vn 0.4937 -0.1403 -0.8582
vn 0.8619 -0.1308 -0.4899
vn 0.8634 -0.0896 -0.4964
vn 0.4979 -0.0680 -0.8646
vn 0.8619 -0.1308 -0.4899
vn 0.9962 -0.0861 0.0092
vn 0.9962 -0.0870 0.0046
vn 0.8634 -0.0896 -0.4964
vn 0.9962 -0.0861 0.0092
vn 0.8637 -0.0186 0.5037
vn 0.8619 -0.0612 0.5034
vn 0.9962 -0.0870 0.0046
vn 0.8637 -0.0186 0.5037
vn 0.5026 0.0536 0.8628
vn 0.4981 -0.0192 0.8669
vn 0.8619 -0.0612 0.5034
vn 0.5026 0.0536 0.8628
vn 0.0098 0.1115 0.9937
vn 0.0024 0.0278 0.9996
vn 0.4981 -0.0192 0.8669
vn 0.0024 0.0278 -0.9996
vn -0.4939 0.0675 -0.8669
vn -0.4857 0.1401 -0.8628
vn 0.0098 0.1115 -0.9937
vn -0.4939 0.0675 -0.8669
vn -0.8594 0.0894 -0.5034
vn -0.8538 0.1317 -0.5037
vn -0.4857 0.1401 -0.8628
vn -0.8594 0.0894 -0.5034
vn -0.9962 0.0873 -0.0046
vn -0.9961 0.0882 -0.0092
vn -0.8538 0.1317 -0.5037
vn -0.9962 0.0873 -0.0046
vn -0.8659 0.0617 0.4964
vn -0.8715 0.0208 0.4899
vn -0.9961 0.0882 -0.0092
vn -0.8659 0.0617 0.4964
vn -0.5021 0.0195 0.8646
vn -0.5106 -0.0524 0.8582
vn -0.8715 0.0208 0.4899
vn -0.5021 0.0195 0.8646
vn -0.0025 -0.0281 0.9996
vn -0.0098 -0.1115 0.9937
vn -0.5106 -0.0524 0.8582
vn -0.0025 -0.0281 0.9996
vn 0.4979 -0.0680 0.8646
vn 0.4937 -0.1403 0.8582
vn -0.0098 -0.1115 0.9937
vn 0.4979 -0.0680 0.8646
vn 0.8634 -0.0895 0.4964
vn 0.8619 -0.1308 0.4899
vn 0.4937 -0.1403 0.8582
vn 0.8634 -0.0895 0.4964
vn 0.9962 -0.0870 -0.0046
vn 0.9962 -0.0861 -0.0092
vn 0.8619 -0.1308 0.4899
vn 0.9962 -0.0870 -0.0046
vn 0.8619 -0.0613 -0.5034
vn 0.8637 -0.0186 -0.5037
vn 0.9962 -0.0861 -0.0092
vn 0.8619 -0.0613 -0.5034
vn 0.4981 -0.0193 -0.8669
vn 0.5026 0.0536 -0.8628
vn 0.8637 -0.0186 -0.5037
vn 0.4981 -0.0193 -0.8669
vn 0.0024 0.0278 -0.9996
vn 0.0098 0.1115 -0.9937
vn 0.5026 0.0536 -0.8628
vn 0.0098 0.1115 -0.9937
vn -0.4857 0.1401 -0.8628
vn -0.4773 0.2357 -0.8465
vn 0.0194 0.2217 -0.9749
vn -0.4857 0.1401 -0.8628
vn -0.8538 0.1317 -0.5037
vn -0.8489 0.1875 -0.4942
vn -0.4773 0.2357 -0.8465
vn -0.8538 0.1317 -0.5037
vn -0.9961 0.0882 -0.0092
vn -0.9960 0.0892 -0.0090
vn -0.8489 0.1875 -0.4942
vn -0.9961 0.0882 -0.0092
vn -0.8715 0.0208 0.4899
vn -0.8763 -0.0335 0.4806
vn -0.9960 0.0892 -0.0090
vn -0.8715 0.0208 0.4899
vn -0.5106 -0.0524 0.8582
vn -0.5189 -0.1475 0.8420
vn -0.8763 -0.0335 0.4806
vn -0.5106 -0.0524 0.8582
vn -0.0098 -0.1115 0.9937
vn -0.0194 -0.2217 0.9749
vn -0.5189 -0.1475 0.8420
vn -0.0098 -0.1115 0.9937
vn 0.4937 -0.1403 0.8582
vn 0.4854 -0.2354 0.8420
vn -0.0194 -0.2217 0.9749
vn 0.4937 -0.1403 0.8582
vn 0.8619 -0.1308 0.4899
vn 0.8572 -0.1851 0.4806
vn 0.4854 -0.2354 0.8420
vn 0.8619 -0.1308 0.4899
vn 0.9962 -0.0861 -0.0092
vn 0.9963 -0.0851 -0.0090
vn 0.8572 -0.1851 0.4806
vn 0.9962 -0.0861 -0.0092
vn 0.8637 -0.0186 -0.5037
vn 0.8686 0.0372 -0.4942
vn 0.9963 -0.0851 -0.0090
vn 0.8637 -0.0186 -0.5037
vn 0.5026 0.0536 -0.8628
vn 0.5110 0.1492 -0.8465
vn 0.8686 0.0372 -0.4942
vn 0.5026 0.0536 -0.8628
vn 0.0098 0.1115 -0.9937
vn 0.0194 0.2217 -0.9749
vn 0.5110 0.1492 -0.8465
vn 0.0194 0.2217 -0.9749
vn -0.4773 0.2357 -0.8465
vn -0.4692 0.3289 -0.8196
vn 0.0288 0.3290 -0.9439
vn -0.4773 0.2357 -0.8465
vn -0.8489 0.1875 -0.4942
vn -0.8442 0.2419 -0.4784
vn -0.4692 0.3289 -0.8196
vn -0.8489 0.1875 -0.4942
vn -0.9960 0.0892 -0.0090
vn -0.9959 0.0902 -0.0087
vn -0.8442 0.2419 -0.4784
vn -0.9960 0.0892 -0.0090
vn -0.8763 -0.0335 0.4806
vn -0.8809 -0.0864 0.4653
vn -0.9959 0.0902 -0.0087
vn -0.8763 -0.0335 0.4806
vn -0.5189 -0.1475 0.8420
vn -0.5270 -0.2402 0.8152
vn -0.8809 -0.0864 0.4653
vn -0.5189 -0.1475 0.8420
vn -0.0194 -0.2217 0.9749
vn -0.0288 -0.3290 0.9439
vn -0.5270 -0.2402 0.8152
vn -0.0194 -0.2217 0.9749
vn 0.4854 -0.2354 0.8420
vn 0.4773 -0.3281 0.8152
vn -0.0288 -0.3290 0.9439
vn 0.4854 -0.2354 0.8420
vn 0.8572 -0.1851 0.4806
vn 0.8525 -0.2380 0.4653
vn 0.4773 -0.3281 0.8152
vn 0.8572 -0.1851 0.4806
vn 0.9963 -0.0851 -0.0090
vn 0.9964 -0.0841 -0.0087
vn 0.8525 -0.2380 0.4653
vn 0.9963 -0.0851 -0.0090
vn 0.8686 0.0372 -0.4942
vn 0.8733 0.0916 -0.4784
vn 0.9964 -0.0841 -0.0087
vn 0.8686 0.0372 -0.4942
vn 0.5110 0.1492 -0.8465
vn 0.5191 0.2425 -0.8196
vn 0.8733 0.0916 -0.4784
vn 0.5110 0.1492 -0.8465
vn 0.0194 0.2217 -0.9749
vn 0.0288 0.3290 -0.9439
vn 0.5191 0.2425 -0.8196
vn 0.0288 0.3290 -0.9439
vn -0.4692 0.3289 -0.8196
vn -0.4613 0.4185 -0.7823
vn 0.0378 0.4322 -0.9010
vn -0.4692 0.3289 -0.8196
vn -0.8442 0.2419 -0.4784
vn -0.8396 0.2942 -0.4567
vn -0.4613 0.4185 -0.7823
vn -0.8442 0.2419 -0.4784
vn -0.9959 0.0902 -0.0087
vn -0.9958 0.0911 -0.0083
vn -0.8396 0.2942 -0.4567
vn -0.9959 0.0902 -0.0087
vn -0.8809 -0.0864 0.4653
vn -0.8854 -0.1373 0.4442
vn -0.9958 0.0911 -0.0083
vn -0.8809 -0.0864 0.4653
vn -0.5270 -0.2402 0.8152
vn -0.5348 -0.3294 0.7781
vn -0.8854 -0.1373 0.4442
vn -0.5270 -0.2402 0.8152
vn -0.0288 -0.3290 0.9439
vn -0.0378 -0.4322 0.9010
vn -0.5348 -0.3294 0.7781
vn -0.0288 -0.3290 0.9439
vn 0.4773 -0.3281 0.8152
vn 0.4695 -0.4172 0.7781
vn -0.0378 -0.4322 0.9010
vn 0.4773 -0.3281 0.8152
vn 0.8525 -0.2380 0.4653
vn 0.8481 -0.2889 0.4442
vn 0.4695 -0.4172 0.7781
vn 0.8525 -0.2380 0.4653
vn 0.9964 -0.0841 -0.0087
vn 0.9965 -0.0832 -0.0083
vn 0.8481 -0.2889 0.4442
vn 0.9964 -0.0841 -0.0087
vn 0.8733 0.0916 -0.4784
vn 0.8779 0.1440 -0.4567
vn 0.9965 -0.0832 -0.0083
vn 0.8733 0.0916 -0.4784
vn 0.5191 0.2425 -0.8196
vn 0.5270 0.3321 -0.7823
vn 0.8779 0.1440 -0.4567
vn 0.5191 0.2425 -0.8196
vn 0.0288 0.3290 -0.9439
vn 0.0378 0.4322 -0.9010
vn 0.5270 0.3321 -0.7823
vn 0.0378 0.4322 -0.9010
vn -0.4613 0.4185 -0.7823
vn -0.4539 0.5034 -0.7352
vn 0.0464 0.5300 -0.8467
vn -0.4613 0.4185 -0.7823
vn -0.8396 0.2942 -0.4567
vn -0.8352 0.3438 -0.4292
vn -0.4539 0.5034 -0.7352
vn -0.8396 0.2942 -0.4567
vn -0.9958 0.0911 -0.0083
vn -0.9957 0.0921 -0.0078
vn -0.8352 0.3438 -0.4292
vn -0.9958 0.0911 -0.0083
vn -0.8854 -0.1373 0.4442
vn -0.8896 -0.1855 0.4174
vn -0.9957 0.0921 -0.0078
vn -0.8854 -0.1373 0.4442
vn -0.5348 -0.3294 0.7781
vn -0.5422 -0.4138 0.7313
vn -0.8896 -0.1855 0.4174
vn -0.5348 -0.3294 0.7781
vn -0.0378 -0.4322 0.9010
vn -0.0464 -0.5300 0.8467
vn -0.5422 -0.4138 0.7313
vn -0.0378 -0.4322 0.9010
vn 0.4695 -0.4172 0.7781
vn 0.4621 -0.5017 0.7313
vn -0.0464 -0.5300 0.8467
vn 0.4695 -0.4172 0.7781
vn 0.8481 -0.2889 0.4442
vn 0.8439 -0.3371 0.4174
vn 0.4621 -0.5017 0.7313
vn 0.8481 -0.2889 0.4442
vn 0.9965 -0.0832 -0.0083
vn 0.9966 -0.0823 -0.0078
vn 0.8439 -0.3371 0.4174
vn 0.9965 -0.0832 -0.0083
vn 0.8779 0.1440 -0.4567
vn 0.8822 0.1935 -0.4292
vn 0.9966 -0.0823 -0.0078
vn 0.8779 0.1440 -0.4567
vn 0.5270 0.3321 -0.7823
vn 0.5344 0.4170 -0.7352
vn 0.8822 0.1935 -0.4292
vn 0.5270 0.3321 -0.7823
vn 0.0378 0.4322 -0.9010
vn 0.0464 0.5300 -0.8467
vn 0.5344 0.4170 -0.7352
vn 0.0464 0.5300 -0.8467
vn -0.4539 0.5034 -0.7352
vn -0.4470 0.5825 -0.6789
vn 0.0543 0.6211 -0.7818
vn -0.4539 0.5034 -0.7352
vn -0.8352 0.3438 -0.4292
vn -0.8312 0.3900 -0.3963
vn -0.4470 0.5825 -0.6789
vn -0.8352 0.3438 -0.4292
vn -0.9957 0.0921 -0.0078
vn -0.9956 0.0929 -0.0072
vn -0.8312 0.3900 -0.3963
vn -0.9957 0.0921 -0.0078
vn -0.8896 -0.1855 0.4174
vn -0.8935 -0.2304 0.3854
vn -0.9956 0.0929 -0.0072
vn -0.8896 -0.1855 0.4174
vn -0.5422 -0.4138 0.7313
vn -0.5491 -0.4925 0.6752
vn -0.8935 -0.2304 0.3854
vn -0.5422 -0.4138 0.7313
vn -0.0464 -0.5300 0.8467
vn -0.0543 -0.6211 0.7818
vn -0.5491 -0.4925 0.6752
vn -0.0464 -0.5300 0.8467
vn 0.4621 -0.5017 0.7313
vn 0.4552 -0.5804 0.6752
vn -0.0543 -0.6211 0.7818
vn 0.4621 -0.5017 0.7313
vn 0.8439 -0.3371 0.4174
vn 0.8399 -0.3820 0.3854
vn 0.4552 -0.5804 0.6752
vn 0.8439 -0.3371 0.4174
vn 0.9966 -0.0823 -0.0078
vn 0.9967 -0.0814 -0.0072
vn 0.8399 -0.3820 0.3854
vn 0.9966 -0.0823 -0.0078
vn 0.8822 0.1935 -0.4292
vn 0.8863 0.2397 -0.3963
vn 0.9967 -0.0814 -0.0072
vn 0.8822 0.1935 -0.4292
vn 0.5344 0.4170 -0.7352
vn 0.5413 0.4961 -0.6789
vn 0.8863 0.2397 -0.3963
vn 0.5344 0.4170 -0.7352
vn 0.0464 0.5300 -0.8467
vn 0.0543 0.6211 -0.7818
vn 0.5413 0.4961 -0.6789
vn 0.0543 0.6211 -0.7818
vn -0.4470 0.5825 -0.6789
vn -0.4406 0.6549 -0.6140
vn 0.0616 0.7044 -0.7071
vn -0.4470 0.5825 -0.6789
vn -0.8312 0.3900 -0.3963
vn -0.8275 0.4322 -0.3584
vn -0.4406 0.6549 -0.6140
vn -0.8312 0.3900 -0.3963
vn -0.9956 0.0929 -0.0072
vn -0.9956 0.0937 -0.0065
vn -0.8275 0.4322 -0.3584
vn -0.9956 0.0929 -0.0072
vn -0.8935 -0.2304 0.3854
vn -0.8971 -0.2715 0.3486
vn -0.9956 0.0937 -0.0065
vn -0.8935 -0.2304 0.3854
vn -0.5491 -0.4925 0.6752
vn -0.5554 -0.5645 0.6107
vn -0.8971 -0.2715 0.3486
vn -0.5491 -0.4925 0.6752
vn -0.0543 -0.6211 0.7818
vn -0.0616 -0.7044 0.7071
vn -0.5554 -0.5645 0.6107
vn -0.0543 -0.6211 0.7818
vn 0.4552 -0.5804 0.6752
vn 0.4489 -0.6523 0.6107
vn -0.0616 -0.7044 0.7071
vn 0.4552 -0.5804 0.6752
vn 0.8399 -0.3820 0.3854
vn 0.8363 -0.4231 0.3486
vn 0.4489 -0.6523 0.6107
vn 0.8399 -0.3820 0.3854
vn 0.9967 -0.0814 -0.0072
vn 0.9967 -0.0806 -0.0065
vn 0.8363 -0.4231 0.3486
vn 0.9967 -0.0814 -0.0072
vn 0.8863 0.2397 -0.3963
vn 0.8900 0.2819 -0.3584
vn 0.9967 -0.0806 -0.0065
vn 0.8863 0.2397 -0.3963
vn 0.5413 0.4961 -0.6789
vn 0.5477 0.5684 -0.6140
vn 0.8900 0.2819 -0.3584
vn 0.5413 0.4961 -0.6789
vn 0.0543 0.6211 -0.7818
vn 0.0616 0.7044 -0.7071
vn 0.5477 0.5684 -0.6140
vn 0.0616 0.7044 -0.7071
vn -0.4406 0.6549 -0.6140
vn -0.4350 0.7195 -0.5414
vn 0.0681 0.7789 -0.6235
vn -0.4406 0.6549 -0.6140
vn -0.8275 0.4322 -0.3584
vn -0.8242 0.4699 -0.3160
vn -0.4350 0.7195 -0.5414
vn -0.8275 0.4322 -0.3584
vn -0.9956 0.0937 -0.0065
vn -0.9955 0.0944 -0.0058
vn -0.8242 0.4699 -0.3160
vn -0.9956 0.0937 -0.0065
vn -0.8971 -0.2715 0.3486
vn -0.9003 -0.3082 0.3074
vn -0.9955 0.0944 -0.0058
vn -0.8971 -0.2715 0.3486
vn -0.5554 -0.5645 0.6107
vn -0.5610 -0.6288 0.5385
vn -0.9003 -0.3082 0.3074
vn -0.5554 -0.5645 0.6107
vn -0.0616 -0.7044 0.7071
vn -0.0681 -0.7789 0.6235
vn -0.5610 -0.6288 0.5385
vn -0.0616 -0.7044 0.7071
vn 0.4489 -0.6523 0.6107
vn 0.4433 -0.7166 0.5385
vn -0.0681 -0.7789 0.6235
vn 0.4489 -0.6523 0.6107
vn 0.8363 -0.4231 0.3486
vn 0.8331 -0.4598 0.3074
vn 0.4433 -0.7166 0.5385
vn 0.8363 -0.4231 0.3486
vn 0.9967 -0.0806 -0.0065
vn 0.9968 -0.0800 -0.0058
vn 0.8331 -0.4598 0.3074
vn 0.9967 -0.0806 -0.0065
vn 0.8900 0.2819 -0.3584
vn 0.8933 0.3196 -0.3160
vn 0.9968 -0.0800 -0.0058
vn 0.8900 0.2819 -0.3584
vn 0.5477 0.5684 -0.6140
vn 0.5533 0.6330 -0.5414
vn 0.8933 0.3196 -0.3160
vn 0.5477 0.5684 -0.6140
vn 0.0616 0.7044 -0.7071
vn 0.0681 0.7789 -0.6235
vn 0.5533 0.6330 -0.5414
vn 0.0681 0.7789 -0.6235
vn -0.4350 0.7195 -0.5414
vn -0.4301 0.7756 -0.4620
vn 0.0738 0.8435 -0.5320
vn -0.4350 0.7195 -0.5414
vn -0.8242 0.4699 -0.3160
vn -0.8213 0.5027 -0.2697
vn -0.4301 0.7756 -0.4620
vn -0.8242 0.4699 -0.3160
vn -0.9955 0.0944 -0.0058
vn -0.9955 0.0949 -0.0049
vn -0.8213 0.5027 -0.2697
vn -0.9955 0.0944 -0.0058
vn -0.9003 -0.3082 0.3074
vn -0.9031 -0.3400 0.2623
vn -0.9955 0.0949 -0.0049
vn -0.9003 -0.3082 0.3074
vn -0.5610 -0.6288 0.5385
vn -0.5659 -0.6846 0.4595
vn -0.9031 -0.3400 0.2623
vn -0.5610 -0.6288 0.5385
vn -0.0681 -0.7789 0.6235
vn -0.0738 -0.8435 0.5320
vn -0.5659 -0.6846 0.4595
vn -0.0681 -0.7789 0.6235
vn 0.4433 -0.7166 0.5385
vn 0.4384 -0.7724 0.4595
vn -0.0738 -0.8435 0.5320
vn 0.4433 -0.7166 0.5385
vn 0.8331 -0.4598 0.3074
vn 0.8303 -0.4917 0.2623
vn 0.4384 -0.7724 0.4595
vn 0.8331 -0.4598 0.3074
vn 0.9968 -0.0800 -0.0058
vn 0.9968 -0.0794 -0.0049
vn 0.8303 -0.4917 0.2623
vn 0.9968 -0.0800 -0.0058
vn 0.8933 0.3196 -0.3160
vn 0.8961 0.3524 -0.2697
vn 0.9968 -0.0794 -0.0049
vn 0.8933 0.3196 -0.3160
vn 0.5533 0.6330 -0.5414
vn 0.5582 0.6892 -0.4620
vn 0.8961 0.3524 -0.2697
vn 0.5533 0.6330 -0.5414
vn 0.0681 0.7789 -0.6235
vn 0.0738 0.8435 -0.5320
vn 0.5582 0.6892 -0.4620
vn 0.0738 0.8435 -0.5320
vn -0.4301 0.7756 -0.4620
vn -0.4260 0.8226 -0.3767
vn 0.0785 0.8975 -0.4339
vn -0.4301 0.7756 -0.4620
vn -0.8213 0.5027 -0.2697
vn -0.8189 0.5301 -0.2199
vn -0.4260 0.8226 -0.3767
vn -0.8213 0.5027 -0.2697
vn -0.9955 0.0949 -0.0049
vn -0.9954 0.0954 -0.0040
vn -0.8189 0.5301 -0.2199
vn -0.9955 0.0949 -0.0049
vn -0.9031 -0.3400 0.2623
vn -0.9054 -0.3667 0.2139
vn -0.9954 0.0954 -0.0040
vn -0.9031 -0.3400 0.2623
vn -0.5659 -0.6846 0.4595
vn -0.5699 -0.7313 0.3747
vn -0.9054 -0.3667 0.2139
vn -0.5659 -0.6846 0.4595
vn -0.0738 -0.8435 0.5320
vn -0.0785 -0.8975 0.4339
vn -0.5699 -0.7313 0.3747
vn -0.0738 -0.8435 0.5320
vn 0.4384 -0.7724 0.4595
vn 0.4343 -0.8191 0.3747
vn -0.0785 -0.8975 0.4339
vn 0.4384 -0.7724 0.4595
vn 0.8303 -0.4917 0.2623
vn 0.8280 -0.5183 0.2139
vn 0.4343 -0.8191 0.3747
vn 0.8303 -0.4917 0.2623
vn 0.9968 -0.0794 -0.0049
vn 0.9969 -0.0789 -0.0040
vn 0.8280 -0.5183 0.2139
vn 0.9968 -0.0794 -0.0049
vn 0.8961 0.3524 -0.2697
vn 0.8985 0.3798 -0.2199
vn 0.9969 -0.0789 -0.0040
vn 0.8961 0.3524 -0.2697
vn 0.5582 0.6892 -0.4620
vn 0.5623 0.7361 -0.3767
vn 0.8985 0.3798 -0.2199
vn 0.5582 0.6892 -0.4620
vn 0.0738 0.8435 -0.5320
vn 0.0785 0.8975 -0.4339
vn 0.5623 0.7361 -0.3767
vn 0.0785 0.8975 -0.4339
vn -0.4260 0.8226 -0.3767
vn -0.4227 0.8597 -0.2868
vn 0.0823 0.9403 -0.3303
vn -0.4260 0.8226 -0.3767
vn -0.8189 0.5301 -0.2199
vn -0.8170 0.5517 -0.1674
vn -0.4227 0.8597 -0.2868
vn -0.8189 0.5301 -0.2199
vn -0.9954 0.0954 -0.0040
vn -0.9954 0.0958 -0.0031
vn -0.8170 0.5517 -0.1674
vn -0.9954 0.0954 -0.0040
vn -0.9054 -0.3667 0.2139
vn -0.9073 -0.3877 0.1628
vn -0.9954 0.0958 -0.0031
vn -0.9054 -0.3667 0.2139
vn -0.5699 -0.7313 0.3747
vn -0.5732 -0.7682 0.2853
vn -0.9073 -0.3877 0.1628
vn -0.5699 -0.7313 0.3747
vn -0.0785 -0.8975 0.4339
vn -0.0823 -0.9403 0.3303
vn -0.5732 -0.7682 0.2853
vn -0.0785 -0.8975 0.4339
vn 0.4343 -0.8191 0.3747
vn 0.4311 -0.8560 0.2853
vn -0.0823 -0.9403 0.3303
vn 0.4343 -0.8191 0.3747
vn 0.8280 -0.5183 0.2139
vn 0.8262 -0.5394 0.1628
vn 0.4311 -0.8560 0.2853
vn 0.8280 -0.5183 0.2139
vn 0.9969 -0.0789 -0.0040
vn 0.9969 -0.0785 -0.0031
vn 0.8262 -0.5394 0.1628
vn 0.9969 -0.0789 -0.0040
vn 0.8985 0.3798 -0.2199
vn 0.9004 0.4015 -0.1674
vn 0.9969 -0.0785 -0.0031
vn 0.8985 0.3798 -0.2199
vn 0.5623 0.7361 -0.3767
vn 0.5656 0.7732 -0.2868
vn 0.9004 0.4015 -0.1674
vn 0.5623 0.7361 -0.3767
vn 0.0785 0.8975 -0.4339
vn 0.0823 0.9403 -0.3303
vn 0.5656 0.7732 -0.2868
vn 0.0823 0.9403 -0.3303
vn -0.4227 0.8597 -0.2868
vn -0.4204 0.8865 -0.1932
vn 0.0850 0.9712 -0.2225
vn -0.4227 0.8597 -0.2868
vn -0.8170 0.5517 -0.1674
vn -0.8157 0.5674 -0.1128
vn -0.4204 0.8865 -0.1932
vn -0.8170 0.5517 -0.1674
vn -0.9954 0.0958 -0.0031
vn -0.9954 0.0961 -0.0021
vn -0.8157 0.5674 -0.1128
vn -0.9954 0.0958 -0.0031
vn -0.9073 -0.3877 0.1628
vn -0.9086 -0.4030 0.1097
vn -0.9954 0.0961 -0.0021
vn -0.9073 -0.3877 0.1628
vn -0.5732 -0.7682 0.2853
vn -0.5755 -0.7949 0.1922
vn -0.9086 -0.4030 0.1097
vn -0.5732 -0.7682 0.2853
vn -0.0823 -0.9403 0.3303
vn -0.0850 -0.9712 0.2225
vn -0.5755 -0.7949 0.1922
vn -0.0823 -0.9403 0.3303
vn 0.4311 -0.8560 0.2853
vn 0.4287 -0.8828 0.1922
vn -0.0850 -0.9712 0.2225
vn 0.4311 -0.8560 0.2853
vn 0.8262 -0.5394 0.1628
vn 0.8248 -0.5546 0.1097
vn 0.4287 -0.8828 0.1922
vn 0.8262 -0.5394 0.1628
vn 0.9969 -0.0785 -0.0031
vn 0.9969 -0.0782 -0.0021
vn 0.8248 -0.5546 0.1097
vn 0.9969 -0.0785 -0.0031
vn 0.9004 0.4015 -0.1674
vn 0.9018 0.4172 -0.1128
vn 0.9969 -0.0782 -0.0021
vn 0.9004 0.4015 -0.1674
vn 0.5656 0.7732 -0.2868
vn 0.5679 0.8001 -0.1932
vn 0.9018 0.4172 -0.1128
vn 0.5656 0.7732 -0.2868
vn 0.0823 0.9403 -0.3303
vn 0.0850 0.9712 -0.2225
vn 0.5679 0.8001 -0.1932
vn 0.0850 0.9712 -0.2225
vn -0.4204 0.8865 -0.1932
vn -0.4190 0.9028 -0.0972
vn 0.0866 0.9899 -0.1120
vn -0.4204 0.8865 -0.1932
vn -0.8157 0.5674 -0.1128
vn -0.8148 0.5769 -0.0568
vn -0.4190 0.9028 -0.0972
vn -0.8157 0.5674 -0.1128
vn -0.9954 0.0961 -0.0021
vn -0.9954 0.0963 -0.0010
vn -0.8148 0.5769 -0.0568
vn -0.9954 0.0961 -0.0021
vn -0.9086 -0.4030 0.1097
vn -0.9094 -0.4122 0.0552
vn -0.9954 0.0963 -0.0010
vn -0.9086 -0.4030 0.1097
vn -0.5755 -0.7949 0.1922
vn -0.5769 -0.8111 0.0967
vn -0.9094 -0.4122 0.0552
vn -0.5755 -0.7949 0.1922
vn -0.0850 -0.9712 0.2225
vn -0.0866 -0.9899 0.1120
vn -0.5769 -0.8111 0.0967
vn -0.0850 -0.9712 0.2225
vn 0.4287 -0.8828 0.1922
vn 0.4273 -0.8989 0.0967
vn -0.0866 -0.9899 0.1120
vn 0.4287 -0.8828 0.1922
vn 0.8248 -0.5546 0.1097
vn 0.8240 -0.5639 0.0552
vn 0.4273 -0.8989 0.0967
vn 0.8248 -0.5546 0.1097
vn 0.9969 -0.0782 -0.0021
vn 0.9970 -0.0780 -0.0010
vn 0.8240 -0.5639 0.0552
vn 0.9969 -0.0782 -0.0021
vn 0.9018 0.4172 -0.1128
vn 0.9026 0.4266 -0.0568
vn 0.9970 -0.0780 -0.0010
vn 0.9018 0.4172 -0.1128
vn 0.5679 0.8001 -0.1932
vn 0.5694 0.8163 -0.0972
vn 0.9026 0.4266 -0.0568
vn 0.5679 0.8001 -0.1932
vn 0.0850 0.9712 -0.2225
vn 0.0866 0.9899 -0.1120
vn 0.5694 0.8163 -0.0972
vn 0.0866 0.9899 -0.1120
vn -0.4190 0.9028 -0.0972
vn -0.4185 0.9082 0.0000
vn 0.0872 0.9962 0.0000
vn -0.4190 0.9028 -0.0972
vn -0.8148 0.5769 -0.0568
vn -0.8146 0.5801 0.0000
vn -0.4185 0.9082 0.0000
vn -0.8148 0.5769 -0.0568
vn -0.9954 0.0963 -0.0010
vn -0.9953 0.0964 -0.0000
vn -0.8146 0.5801 0.0000
vn -0.9954 0.0963 -0.0010
vn -0.9094 -0.4122 0.0552
vn -0.9097 -0.4153 -0.0000
vn -0.9953 0.0964 -0.0000
vn -0.9094 -0.4122 0.0552
vn -0.5769 -0.8111 0.0967
vn -0.5774 -0.8165 -0.0000
vn -0.9097 -0.4153 -0.0000
vn -0.5769 -0.8111 0.0967
vn -0.0866 -0.9899 0.1120
vn -0.0872 -0.9962 -0.0000
vn -0.5774 -0.8165 -0.0000
vn -0.0866 -0.9899 0.1120
vn 0.4273 -0.8989 0.0967
vn 0.4269 -0.9043 -0.0000
vn -0.0872 -0.9962 -0.0000
vn 0.4273 -0.8989 0.0967
vn 0.8240 -0.5639 0.0552
vn 0.8237 -0.5670 0.0000
vn 0.4269 -0.9043 -0.0000
vn 0.8240 -0.5639 0.0552
vn 0.9970 -0.0780 -0.0010
vn 0.9970 -0.0779 0.0000
vn 0.8237 -0.5670 0.0000
vn 0.9970 -0.0780 -0.0010
vn 0.9026 0.4266 -0.0568
vn 0.9029 0.4298 -0.0000
vn 0.9970 -0.0779 0.0000
vn 0.9026 0.4266 -0.0568
vn 0.5694 0.8163 -0.0972
vn 0.5698 0.8218 0.0000
vn 0.9029 0.4298 -0.0000
vn 0.5694 0.8163 -0.0972
vn 0.0866 0.9899 -0.1120
vn 0.0872 0.9962 0.0000
vn 0.5698 0.8218 0.0000
vn -0.0872 0.9962 0.0000
vn -0.5698 0.8218 0.0000
vn -0.5694 0.8163 0.0972
vn -0.0866 0.9899 0.1120
vn -0.5698 0.8218 0.0000
vn -0.9029 0.4298 0.0000
vn -0.9026 0.4266 0.0568
vn -0.5694 0.8163 0.0972
vn -0.9029 0.4298 0.0000
vn -0.9970 -0.0779 -0.0000
vn -0.9970 -0.0780 0.0010
vn -0.9026 0.4266 0.0568
vn -0.9970 -0.0779 -0.0000
vn -0.8237 -0.5670 -0.0000
vn -0.8240 -0.5639 -0.0552
vn -0.9970 -0.0780 0.0010
vn -0.8237 -0.5670 -0.0000
vn -0.4268 -0.9043 -0.0000
vn -0.4273 -0.8989 -0.0967
vn -0.8240 -0.5639 -0.0552
vn -0.4268 -0.9043 -0.0000
vn 0.0872 -0.9962 -0.0000
vn 0.0866 -0.9899 -0.1120
vn -0.4273 -0.8989 -0.0967
vn 0.0872 -0.9962 -0.0000
vn 0.5774 -0.8165 -0.0000
vn 0.5769 -0.8111 -0.0967
vn 0.0866 -0.9899 -0.1120
vn 0.5774 -0.8165 -0.0000
vn 0.9097 -0.4153 0.0000
vn 0.9094 -0.4122 -0.0552
vn 0.5769 -0.8111 -0.0967
vn 0.9097 -0.4153 0.0000
vn 0.9953 0.0964 0.0000
vn 0.9954 0.0963 0.0010
vn 0.9094 -0.4122 -0.0552
vn 0.9953 0.0964 0.0000
vn 0.8146 0.5801 0.0000
vn 0.8148 0.5769 0.0568
vn 0.9954 0.0963 0.0010
vn 0.8146 0.5801 0.0000
vn 0.4185 0.9082 0.0000
vn 0.4190 0.9028 0.0972
vn 0.8148 0.5769 0.0568
vn 0.4185 0.9082 0.0000
vn -0.0872 0.9962 0.0000
vn -0.0866 0.9899 0.1120
vn 0.4190 0.9028 0.0972
vn -0.0866 0.9899 0.1120
vn -0.5694 0.8163 0.0972
vn -0.5679 0.8001 0.1932
vn -0.0850 0.9712 0.2225
vn -0.5694 0.8163 0.0972
vn -0.9026 0.4266 0.0568
vn -0.9018 0.4172 0.1128
vn -0.5679 0.8001 0.1932
vn -0.9026 0.4266 0.0568
vn -0.9970 -0.0780 0.0010
vn -0.9969 -0.0782 0.0021
vn -0.9018 0.4172 0.1128
vn -0.9970 -0.0780 0.0010
vn -0.8240 -0.5639 -0.0552
vn -0.8248 -0.5546 -0.1097
vn -0.9969 -0.0782 0.0021
vn -0.8240 -0.5639 -0.0552
vn -0.4273 -0.8989 -0.0967
vn -0.4287 -0.8828 -0.1922
vn -0.8248 -0.5546 -0.1097
vn -0.4273 -0.8989 -0.0967
vn 0.0866 -0.9899 -0.1120
vn 0.0850 -0.9712 -0.2225
vn -0.4287 -0.8828 -0.1922
vn 0.0866 -0.9899 -0.1120
vn 0.5769 -0.8111 -0.0967
vn 0.5755 -0.7949 -0.1922
vn 0.0850 -0.9712 -0.2225
vn 0.5769 -0.8111 -0.0967
vn 0.9094 -0.4122 -0.0552
vn 0.9086 -0.4030 -0.1097
vn 0.5755 -0.7949 -0.1922
vn 0.9094 -0.4122 -0.0552
vn 0.9954 0.0963 0.0010
vn 0.9954 0.0961 0.0021
vn 0.9086 -0.4030 -0.1097
vn 0.9954 0.0963 0.0010
vn 0.8148 0.5769 0.0568
vn 0.8157 0.5674 0.1128
vn 0.9954 0.0961 0.0021
vn 0.8148 0.5769 0.0568
vn 0.4190 0.9028 0.0972
vn 0.4204 0.8865 0.1932
vn 0.8157 0.5674 0.1128
vn 0.4190 0.9028 0.0972
vn -0.0866 0.9899 0.1120
vn -0.0850 0.9712 0.2225
vn 0.4204 0.8865 0.1932
vn -0.0850 0.9712 0.2225
vn -0.5679 0.8001 0.1932
vn -0.5656 0.7732 0.2868
vn -0.0823 0.9403 0.3303
vn -0.5679 0.8001 0.1932
vn -0.9018 0.4172 0.1128
vn -0.9004 0.4015 0.1674
vn -0.5656 0.7732 0.2868
vn -0.9018 0.4172 0.1128
vn -0.9969 -0.0782 0.0021
vn -0.9969 -0.0785 0.0031
vn -0.9004 0.4015 0.1674
vn -0.9969 -0.0782 0.0021
vn -0.8248 -0.5546 -0.1097
vn -0.8262 -0.5394 -0.1628
vn -0.9969 -0.0785 0.0031
vn -0.8248 -0.5546 -0.1097
vn -0.4287 -0.8828 -0.1922
vn -0.4311 -0.8560 -0.2853
vn -0.8262 -0.5394 -0.1628
vn -0.4287 -0.8828 -0.1922
vn 0.0850 -0.9712 -0.2225
vn 0.0823 -0.9403 -0.3303
vn -0.4311 -0.8560 -0.2853
vn 0.0850 -0.9712 -0.2225
vn 0.5755 -0.7949 -0.1922
vn 0.5732 -0.7682 -0.2853
vn 0.0823 -0.9403 -0.3303
vn 0.5755 -0.7949 -0.1922
vn 0.9086 -0.4030 -0.1097
vn 0.9073 -0.3877 -0.1628
vn 0.5732 -0.7682 -0.2853
vn 0.9086 -0.4030 -0.1097
vn 0.9954 0.0961 0.0021
vn 0.9954 0.0958 0.0031
vn 0.9073 -0.3877 -0.1628
vn 0.9954 0.0961 0.0021
vn 0.8157 0.5674 0.1128
vn 0.8170 0.5517 0.1674
vn 0.9954 0.0958 0.0031
vn 0.8157 0.5674 0.1128
vn 0.4204 0.8865 0.1932
vn 0.4227 0.8597 0.2868
vn 0.8170 0.5517 0.1674
vn 0.4204 0.8865 0.1932
vn -0.0850 0.9712 0.2225
vn -0.0823 0.9403 0.3303
vn 0.4227 0.8597 0.2868
vn -0.0823 0.9403 0.3303
vn -0.5656 0.7732 0.2868
vn -0.5623 0.7361 0.3767
vn -0.0785 0.8975 0.4339
vn -0.5656 0.7732 0.2868
vn -0.9004 0.4015 0.1674
vn -0.8985 0.3798 0.2199
vn -0.5623 0.7361 0.3767
vn -0.9004 0.4015 0.1674
vn -0.9969 -0.0785 0.0031
vn -0.9969 -0.0789 0.0040
vn -0.8985 0.3798 0.2199
vn -0.9969 -0.0785 0.0031
vn -0.8262 -0.5394 -0.1628
vn -0.8280 -0.5183 -0.2139
vn -0.9969 -0.0789 0.0040
vn -0.8262 -0.5394 -0.1628
vn -0.4311 -0.8560 -0.2853
vn -0.4343 -0.8191 -0.3747
vn -0.8280 -0.5183 -0.2139
vn -0.4311 -0.8560 -0.2853
vn 0.0823 -0.9403 -0.3303
vn 0.0785 -0.8975 -0.4339
vn -0.4343 -0.8191 -0.3747
vn 0.0823 -0.9403 -0.3303
vn 0.5732 -0.7682 -0.2853
vn 0.5699 -0.7313 -0.3747
vn 0.0785 -0.8975 -0.4339
vn 0.5732 -0.7682 -0.2853
vn 0.9073 -0.3877 -0.1628
vn 0.9054 -0.3667 -0.2139
vn 0.5699 -0.7313 -0.3747
vn 0.9073 -0.3877 -0.1628
vn 0.9954 0.0958 0.0031
vn 0.9954 0.0954 0.0040
vn 0.9054 -0.3667 -0.2139
vn 0.9954 0.0958 0.0031
vn 0.8170 0.5517 0.1674
vn 0.8189 0.5301 0.2199
vn 0.9954 0.0954 0.0040
vn 0.8170 0.5517 0.1674
vn 0.4227 0.8597 0.2868
vn 0.4260 0.8226 0.3767
vn 0.8189 0.5301 0.2199
vn 0.4227 0.8597 0.2868
vn -0.0823 0.9403 0.3303
vn -0.0785 0.8975 0.4339
vn 0.4260 0.8226 0.3767
vn -0.0785 0.8975 0.4339
vn -0.5623 0.7361 0.3767
vn -0.5582 0.6892 0.4620
vn -0.0738 0.8435 0.5320
vn -0.5623 0.7361 0.3767
vn -0.8985 0.3798 0.2199
vn -0.8961 0.3524 0.2697
vn -0.5582 0.6892 0.4620
vn -0.8985 0.3798 0.2199
vn -0.9969 -0.0789 0.0040
vn -0.9968 -0.0794 0.0049
vn -0.8961 0.3524 0.2697
vn -0.9969 -0.0789 0.0040
vn -0.8280 -0.5183 -0.2139
vn -0.8303 -0.4917 -0.2623
vn -0.9968 -0.0794 0.0049
vn -0.8280 -0.5183 -0.2139
vn -0.4343 -0.8191 -0.3747
vn -0.4384 -0.7724 -0.4595
vn -0.8303 -0.4917 -0.2623
vn -0.4343 -0.8191 -0.3747
vn 0.0785 -0.8975 -0.4339
vn 0.0738 -0.8435 -0.5320
vn -0.4384 -0.7724 -0.4595
vn 0.0785 -0.8975 -0.4339
vn 0.5699 -0.7313 -0.3747
vn 0.5659 -0.6846 -0.4595
vn 0.0738 -0.8435 -0.5320
vn 0.5699 -0.7313 -0.3747
vn 0.9054 -0.3667 -0.2139
vn 0.9031 -0.3400 -0.2623
vn 0.5659 -0.6846 -0.4595
vn 0.9054 -0.3667 -0.2139
vn 0.9954 0.0954 0.0040
vn 0.9955 0.0949 0.0049
vn 0.9031 -0.3400 -0.2623
vn 0.9954 0.0954 0.0040
vn 0.8189 0.5301 0.2199
vn 0.8213 0.5027 0.2697
vn 0.9955 0.0949 0.0049
vn 0.8189 0.5301 0.2199
vn 0.4260 0.8226 0.3767
vn 0.4301 0.7756 0.4620
vn 0.8213 0.5027 0.2697
vn 0.4260 0.8226 0.3767
vn -0.0785 0.8975 0.4339
vn -0.0738 0.8435 0.5320
vn 0.4301 0.7756 0.4620
vn -0.0738 0.8435 0.5320
vn -0.5582 0.6892 0.4620
vn -0.5533 0.6330 0.5414
vn -0.0681 0.7789 0.6235
vn -0.5582 0.6892 0.4620
vn -0.8961 0.3524 0.2697
vn -0.8933 0.3196 0.3160
vn -0.5533 0.6330 0.5414
vn -0.8961 0.3524 0.2697
vn -0.9968 -0.0794 0.0049
vn -0.9968 -0.0800 0.0058
vn -0.8933 0.3196 0.3160
vn -0.9968 -0.0794 0.0049
vn -0.8303 -0.4917 -0.2623
vn -0.8331 -0.4598 -0.3074
vn -0.9968 -0.0800 0.0058
vn -0.8303 -0.4917 -0.2623
vn -0.4384 -0.7724 -0.4595
vn -0.4433 -0.7166 -0.5385
vn -0.8331 -0.4598 -0.3074
vn -0.4384 -0.7724 -0.4595
vn 0.0738 -0.8435 -0.5320
vn 0.0681 -0.7789 -0.6235
vn -0.4433 -0.7166 -0.5385
vn 0.0738 -0.8435 -0.5320
vn 0.5659 -0.6846 -0.4595
vn 0.5610 -0.6288 -0.5385
vn 0.0681 -0.7789 -0.6235
vn 0.5659 -0.6846 -0.4595
vn 0.9031 -0.3400 -0.2623
vn 0.9003 -0.3082 -0.3074
vn 0.5610 -0.6288 -0.5385
vn 0.9031 -0.3400 -0.2623
vn 0.9955 0.0949 0.0049
vn 0.9955 0.0944 0.0058
vn 0.9003 -0.3082 -0.3074
vn 0.9955 0.0949 0.0049
vn 0.8213 0.5027 0.2697
vn 0.8242 0.4699 0.3160
vn 0.9955 0.0944 0.0058
vn 0.8213 0.5027 0.2697
vn 0.4301 0.7756 0.4620
vn 0.4350 0.7195 0.5414
vn 0.8242 0.4699 0.3160
vn 0.4301 0.7756 0.4620
vn -0.0738 0.8435 0.5320
vn -0.0681 0.7789 0.6235
vn 0.4350 0.7195 0.5414
vn -0.0681 0.7789 0.6235
vn -0.5533 0.6330 0.5414
vn -0.5477 0.5684 0.6140
vn -0.0616 0.7044 0.7071
vn -0.5533 0.6330 0.5414
vn -0.8933 0.3196 0.3160
vn -0.8900 0.2819 0.3584
vn -0.5477 0.5684 0.6140
vn -0.8933 0.3196 0.3160
vn -0.9968 -0.0800 0.0058
vn -0.9967 -0.0806 0.0065
vn -0.8900 0.2819 0.3584
vn -0.9968 -0.0800 0.0058
vn -0.8331 -0.4598 -0.3074
vn -0.8363 -0.4231 -0.3486
vn -0.9967 -0.0806 0.0065
vn -0.8331 -0.4598 -0.3074
vn -0.4433 -0.7166 -0.5385
vn -0.4489 -0.6523 -0.6107
vn -0.8363 -0.4231 -0.3486
vn -0.4433 -0.7166 -0.5385
vn 0.0681 -0.7789 -0.6235
vn 0.0616 -0.7044 -0.7071
vn -0.4489 -0.6523 -0.6107
vn 0.0681 -0.7789 -0.6235
vn 0.5610 -0.6288 -0.5385
vn 0.5554 -0.5645 -0.6107
vn 0.0616 -0.7044 -0.7071
vn 0.5610 -0.6288 -0.5385
vn 0.9003 -0.3082 -0.3074
vn 0.8971 -0.2715 -0.3486
vn 0.5554 -0.5645 -0.6107
vn 0.9003 -0.3082 -0.3074
vn 0.9955 0.0944 0.0058
vn 0.9956 0.0937 0.0065
vn 0.8971 -0.2715 -0.3486
vn 0.9955 0.0944 0.0058
vn 0.8242 0.4699 0.3160
vn 0.8275 0.4322 0.3584
vn 0.9956 0.0937 0.0065
vn 0.8242 0.4699 0.3160
vn 0.4350 0.7195 0.5414
vn 0.4406 0.6549 0.6140
vn 0.8275 0.4322 0.3584
vn 0.4350 0.7195 0.5414
vn -0.0681 0.7789 0.6235
vn -0.0616 0.7044 0.7071
vn 0.4406 0.6549 0.6140
vn -0.0616 0.7044 0.7071
vn -0.5477 0.5684 0.6140
vn -0.5413 0.4961 0.6789
vn -0.0543 0.6211 0.7818
vn -0.5477 0.5684 0.6140
vn -0.8900 0.2819 0.3584
vn -0.8863 0.2397 0.3963
vn -0.5413 0.4961 0.6789
vn -0.8900 0.2819 0.3584
vn -0.9967 -0.0806 0.0065
vn -0.9967 -0.0814 0.0072
vn -0.8863 0.2397 0.3963
vn -0.9967 -0.0806 0.0065
vn -0.8363 -0.4231 -0.3486
vn -0.8399 -0.3820 -0.3854
vn -0.9967 -0.0814 0.0072
vn -0.8363 -0.4231 -0.3486
vn -0.4489 -0.6523 -0.6107
vn -0.4552 -0.5804 -0.6753
vn -0.8399 -0.3820 -0.3854
vn -0.4489 -0.6523 -0.6107
vn 0.0616 -0.7044 -0.7071
vn 0.0543 -0.6211 -0.7818
vn -0.4552 -0.5804 -0.6753
vn 0.0616 -0.7044 -0.7071
vn 0.5554 -0.5645 -0.6107
vn 0.5491 -0.4925 -0.6753
vn 0.0543 -0.6211 -0.7818
vn 0.5554 -0.5645 -0.6107
vn 0.8971 -0.2715 -0.3486
vn 0.8935 -0.2304 -0.3854
vn 0.5491 -0.4925 -0.6753
vn 0.8971 -0.2715 -0.3486
vn 0.9956 0.0937 0.0065
vn 0.9957 0.0929 0.0072
vn 0.8935 -0.2304 -0.3854
vn 0.9956 0.0937 0.0065
vn 0.8275 0.4322 0.3584
vn 0.8312 0.3900 0.3963
vn 0.9957 0.0929 0.0072
vn 0.8275 0.4322 0.3584
vn 0.4406 0.6549 0.6140
vn 0.4470 0.5825 0.6789
vn 0.8312 0.3900 0.3963
vn 0.4406 0.6549 0.6140
vn -0.0616 0.7044 0.7071
vn -0.0543 0.6211 0.7818
vn 0.4470 0.5825 0.6789
vn -0.0543 0.6211 0.7818
vn -0.5413 0.4961 0.6789
vn -0.5344 0.4170 0.7352
vn -0.0464 0.5300 0.8467
vn -0.5413 0.4961 0.6789
vn -0.8863 0.2397 0.3963
vn -0.8822 0.1935 0.4292
vn -0.5344 0.4170 0.7352
vn -0.8863 0.2397 0.3963
vn -0.9967 -0.0814 0.0072
vn -0.9966 -0.0823 0.0078
vn -0.8822 0.1935 0.4292
vn -0.9967 -0.0814 0.0072
vn -0.8399 -0.3820 -0.3854
vn -0.8439 -0.3371 -0.4174
vn -0.9966 -0.0823 0.0078
vn -0.8399 -0.3820 -0.3854
vn -0.4552 -0.5804 -0.6753
vn -0.4621 -0.5017 -0.7313
vn -0.8439 -0.3371 -0.4174
vn -0.4552 -0.5804 -0.6753
vn 0.0543 -0.6211 -0.7818
vn 0.0464 -0.5300 -0.8467
vn -0.4621 -0.5017 -0.7313
vn 0.0543 -0.6211 -0.7818
vn 0.5491 -0.4925 -0.6753
vn 0.5422 -0.4138 -0.7313
vn 0.0464 -0.5300 -0.8467
vn 0.5491 -0.4925 -0.6753
vn 0.8935 -0.2304 -0.3854
vn 0.8896 -0.1855 -0.4174
vn 0.5422 -0.4138 -0.7313
vn 0.8935 -0.2304 -0.3854
vn 0.9957 0.0929 0.0072
vn 0.9957 0.0920 0.0078
vn 0.8896 -0.1855 -0.4174
vn 0.9957 0.0929 0.0072
vn 0.8312 0.3900 0.3963
vn 0.8352 0.3438 0.4292
vn 0.9957 0.0920 0.0078
vn 0.8312 0.3900 0.3963
vn 0.4470 0.5825 0.6789
vn 0.4539 0.5034 0.7352
vn 0.8352 0.3438 0.4292
vn 0.4470 0.5825 0.6789
vn -0.0543 0.6211 0.7818
vn -0.0464 0.5300 0.8467
vn 0.4539 0.5034 0.7352
vn -0.0464 0.5300 0.8467
vn -0.5344 0.4170 0.7352
vn -0.5270 0.3321 0.7823
vn -0.0378 0.4322 0.9010
vn -0.5344 0.4170 0.7352
vn -0.8822 0.1935 0.4292
vn -0.8779 0.1440 0.4567
vn -0.5270 0.3321 0.7823
vn -0.8822 0.1935 0.4292
vn -0.9966 -0.0823 0.0078
vn -0.9965 -0.0832 0.0083
vn -0.8779 0.1440 0.4567
vn -0.9966 -0.0823 0.0078
vn -0.8439 -0.3371 -0.4174
vn -0.8481 -0.2889 -0.4442
vn -0.9965 -0.0832 0.0083
vn -0.8439 -0.3371 -0.4174
vn -0.4621 -0.5017 -0.7313
vn -0.4695 -0.4172 -0.7781
vn -0.8481 -0.2889 -0.4442
vn -0.4621 -0.5017 -0.7313
vn 0.0464 -0.5300 -0.8467
vn 0.0378 -0.4322 -0.9010
vn -0.4695 -0.4172 -0.7781
vn 0.0464 -0.5300 -0.8467
vn 0.5422 -0.4138 -0.7313
vn 0.5348 -0.3294 -0.7781
vn 0.0378 -0.4322 -0.9010
vn 0.5422 -0.4138 -0.7313
vn 0.8896 -0.1855 -0.4174
vn 0.8854 -0.1373 -0.4442
vn 0.5348 -0.3294 -0.7781
vn 0.8896 -0.1855 -0.4174
vn 0.9957 0.0920 0.0078
vn 0.9958 0.0911 0.0083
vn 0.8854 -0.1373 -0.4442
vn 0.9957 0.0920 0.0078
vn 0.8352 0.3438 0.4292
vn 0.8396 0.2942 0.4567
vn 0.9958 0.0911 0.0083
vn 0.8352 0.3438 0.4292
vn 0.4539 0.5034 0.7352
vn 0.4613 0.4185 0.7823
vn 0.8396 0.2942 0.4567
vn 0.4539 0.5034 0.7352
vn -0.0464 0.5300 0.8467
vn -0.0378 0.4322 0.9010
vn 0.4613 0.4185 0.7823
vn -0.0378 0.4322 0.9010
vn -0.5270 0.3321 0.7823
vn -0.5191 0.2425 0.8196
vn -0.0288 0.3290 0.9439
vn -0.5270 0.3321 0.7823
vn -0.8779 0.1440 0.4567
vn -0.8733 0.0916 0.4784
vn -0.5191 0.2425 0.8196
vn -0.8779 0.1440 0.4567
vn -0.9965 -0.0832 0.0083
vn -0.9964 -0.0841 0.0087
vn -0.8733 0.0916 0.4784
vn -0.9965 -0.0832 0.0083
vn -0.8481 -0.2889 -0.4442
vn -0.8525 -0.2380 -0.4653
vn -0.9964 -0.0841 0.0087
vn -0.8481 -0.2889 -0.4442
vn -0.4695 -0.4172 -0.7781
vn -0.4773 -0.3281 -0.8152
vn -0.8525 -0.2380 -0.4653
vn -0.4695 -0.4172 -0.7781
vn 0.0378 -0.4322 -0.9010
vn 0.0288 -0.3290 -0.9439
vn -0.4773 -0.3281 -0.8152
vn 0.0378 -0.4322 -0.9010
vn 0.5348 -0.3294 -0.7781
vn 0.5270 -0.2402 -0.8152
vn 0.0288 -0.3290 -0.9439
vn 0.5348 -0.3294 -0.7781
vn 0.8854 -0.1373 -0.4442
vn 0.8809 -0.0864 -0.4653
vn 0.5270 -0.2402 -0.8152
vn 0.8854 -0.1373 -0.4442
vn 0.9958 0.0911 0.0083
vn 0.9959 0.0902 0.0087
vn 0.8809 -0.0864 -0.4653
vn 0.9958 0.0911 0.0083
vn 0.8396 0.2942 0.4567
vn 0.8442 0.2419 0.4784
vn 0.9959 0.0902 0.0087
vn 0.8396 0.2942 0.4567
vn 0.4613 0.4185 0.7823
vn 0.4692 0.3289 0.8196
vn 0.8442 0.2419 0.4784
vn 0.4613 0.4185 0.7823
vn -0.0378 0.4322 0.9010
vn -0.0288 0.3290 0.9439
vn 0.4692 0.3289 0.8196
vn -0.0288 0.3290 0.9439
vn -0.5191 0.2425 0.8196
vn -0.5110 0.1492 0.8465
vn -0.0194 0.2217 0.9749
vn -0.5191 0.2425 0.8196
vn -0.8733 0.0916 0.4784
vn -0.8686 0.0372 0.4942
vn -0.5110 0.1492 0.8465
vn -0.8733 0.0916 0.4784
vn -0.9964 -0.0841 0.0087
vn -0.9963 -0.0851 0.0090
vn -0.8686 0.0372 0.4942
vn -0.9964 -0.0841 0.0087
vn -0.8525 -0.2380 -0.4653
vn -0.8572 -0.1851 -0.4806
vn -0.9963 -0.0851 0.0090
vn -0.8525 -0.2380 -0.4653
vn -0.4773 -0.3281 -0.8152
vn -0.4854 -0.2354 -0.8420
vn -0.8572 -0.1851 -0.4806
vn -0.4773 -0.3281 -0.8152
vn 0.0288 -0.3290 -0.9439
vn 0.0194 -0.2217 -0.9749
vn -0.4854 -0.2354 -0.8420
vn 0.0288 -0.3290 -0.9439
vn 0.5270 -0.2402 -0.8152
vn 0.5189 -0.1475 -0.8420
vn 0.0194 -0.2217 -0.9749
vn 0.5270 -0.2402 -0.8152
vn 0.8809 -0.0864 -0.4653
vn 0.8763 -0.0335 -0.4806
vn 0.5189 -0.1475 -0.8420
vn 0.8809 -0.0864 -0.4653
vn 0.9959 0.0902 0.0087
vn 0.9960 0.0892 0.0090
vn 0.8763 -0.0335 -0.4806
vn 0.9959 0.0902 0.0087
vn 0.8442 0.2419 0.4784
vn 0.8489 0.1875 0.4942
vn 0.9960 0.0892 0.0090
vn 0.8442 0.2419 0.4784
vn 0.4692 0.3289 0.8196
vn 0.4773 0.2357 0.8465
vn 0.8489 0.1875 0.4942
vn 0.4692 0.3289 0.8196
vn -0.0288 0.3290 0.9439
vn -0.0194 0.2217 0.9749
vn 0.4773 0.2357 0.8465
vn -0.0194 0.2217 0.9749
vn -0.5110 0.1492 0.8465
vn -0.5026 0.0536 0.8628
vn -0.0098 0.1115 0.9937
vn -0.5110 0.1492 0.8465
vn -0.8686 0.0372 0.4942
vn -0.8637 -0.0186 0.5037
vn -0.5026 0.0536 0.8628
vn -0.8686 0.0372 0.4942
vn -0.9963 -0.0851 0.0090
vn -0.9962 -0.0861 0.0092
vn -0.8637 -0.0186 0.5037
vn -0.9963 -0.0851 0.0090
vn -0.8572 -0.1851 -0.4806
vn -0.8619 -0.1308 -0.4899
vn -0.9962 -0.0861 0.0092
vn -0.8572 -0.1851 -0.4806
vn -0.4854 -0.2354 -0.8420
vn -0.4937 -0.1403 -0.8582
vn -0.8619 -0.1308 -0.4899
vn -0.4854 -0.2354 -0.8420
vn 0.0194 -0.2217 -0.9749
vn 0.0098 -0.1115 -0.9937
vn -0.4937 -0.1403 -0.8582
vn 0.0194 -0.2217 -0.9749
vn 0.5189 -0.1475 -0.8420
vn 0.5106 -0.0524 -0.8582
vn 0.0098 -0.1115 -0.9937
vn 0.5189 -0.1475 -0.8420
vn 0.8763 -0.0335 -0.4806
vn 0.8715 0.0208 -0.4899
vn 0.5106 -0.0524 -0.8582
vn 0.8763 -0.0335 -0.4806
vn 0.9960 0.0892 0.0090
vn 0.9961 0.0882 0.0092
vn 0.8715 0.0208 -0.4899
vn 0.9960 0.0892 0.0090
vn 0.8489 0.1875 0.4942
vn 0.8538 0.1317 0.5037
vn 0.9961 0.0882 0.0092
vn 0.8489 0.1875 0.4942
vn 0.4773 0.2357 0.8465
vn 0.4857 0.1401 0.8628
vn 0.8538 0.1317 0.5037
vn 0.4773 0.2357 0.8465
vn -0.0194 0.2217 0.9749
vn -0.0098 0.1115 0.9937
vn 0.4857 0.1401 0.8628
vn -0.0098 0.1115 0.9937
vn -0.5026 0.0536 0.8628
vn -0.4981 -0.0193 0.8669
vn -0.0024 0.0278 0.9996
vn -0.5026 0.0536 0.8628
vn -0.8637 -0.0186 0.5037
vn -0.8619 -0.0613 0.5034
vn -0.4981 -0.0193 0.8669
vn -0.8637 -0.0186 0.5037
vn -0.9962 -0.0861 0.0092
vn -0.9962 -0.0870 0.0046
vn -0.8619 -0.0613 0.5034
vn -0.9962 -0.0861 0.0092
vn -0.8619 -0.1308 -0.4899
vn -0.8634 -0.0895 -0.4964
vn -0.9962 -0.0870 0.0046
vn -0.8619 -0.1308 -0.4899
vn -0.4937 -0.1403 -0.8582
vn -0.4979 -0.0680 -0.8646
vn -0.8634 -0.0895 -0.4964
vn -0.4937 -0.1403 -0.8582
vn 0.0098 -0.1115 -0.9937
vn 0.0025 -0.0281 -0.9996
vn -0.4979 -0.0680 -0.8646
vn 0.0098 -0.1115 -0.9937
vn 0.5106 -0.0524 -0.8582
vn 0.5021 0.0195 -0.8646
vn 0.0025 -0.0281 -0.9996
vn 0.5106 -0.0524 -0.8582
vn 0.8715 0.0208 -0.4899
vn 0.8659 0.0617 -0.4964
vn 0.5021 0.0195 -0.8646
vn 0.8715 0.0208 -0.4899
vn 0.9961 0.0882 0.0092
vn 0.9962 0.0873 0.0046
vn 0.8659 0.0617 -0.4964
vn 0.9961 0.0882 0.0092
vn 0.8538 0.1317 0.5037
vn 0.8594 0.0894 0.5034
vn 0.9962 0.0873 0.0046
vn 0.8538 0.1317 0.5037
vn 0.4857 0.1401 0.8628
vn 0.4939 0.0675 0.8669
vn 0.8594 0.0894 0.5034
vn 0.4857 0.1401 0.8628
vn -0.0098 0.1115 0.9937
vn -0.0024 0.0278 0.9996
vn 0.4939 0.0675 0.8669
vn -0.0024 0.0278 -0.9996
vn -0.4981 -0.0192 -0.8669
vn -0.5026 0.0536 -0.8628
vn -0.0098 0.1115 -0.9937
vn -0.4981 -0.0192 -0.8669
vn -0.8619 -0.0612 -0.5034
vn -0.8637 -0.0186 -0.5037
vn -0.5026 0.0536 -0.8628
vn -0.8619 -0.0612 -0.5034
vn -0.9962 -0.0870 -0.0046
vn -0.9962 -0.0861 -0.0092
vn -0.8637 -0.0186 -0.5037
vn -0.9962 -0.0870 -0.0046
vn -0.8634 -0.0896 0.4964
vn -0.8619 -0.1308 0.4899
vn -0.9962 -0.0861 -0.0092
vn -0.8634 -0.0896 0.4964
vn -0.4979 -0.0680 0.8646
vn -0.4937 -0.1403 0.8582
vn -0.8619 -0.1308 0.4899
vn -0.4979 -0.0680 0.8646
vn 0.0025 -0.0281 0.9996
vn 0.0098 -0.1115 0.9937
vn -0.4937 -0.1403 0.8582
vn 0.0025 -0.0281 0.9996
vn 0.5021 0.0195 0.8646
vn 0.5106 -0.0524 0.8582
vn 0.0098 -0.1115 0.9937
vn 0.5021 0.0195 0.8646
vn 0.8659 0.0618 0.4964
vn 0.8715 0.0208 0.4899
vn 0.5106 -0.0524 0.8582
vn 0.8659 0.0618 0.4964
vn 0.9962 0.0873 -0.0046
vn 0.9961 0.0882 -0.0092
vn 0.8715 0.0208 0.4899
vn 0.9962 0.0873 -0.0046
vn 0.8594 0.0893 -0.5034
vn 0.8538 0.1317 -0.5037
vn 0.9961 0.0882 -0.0092
vn 0.8594 0.0893 -0.5034
vn 0.4939 0.0675 -0.8669
vn 0.4857 0.1401 -0.8628
vn 0.8538 0.1317 -0.5037
vn 0.4939 0.0675 -0.8669
vn -0.0024 0.0278 -0.9996
vn -0.0098 0.1115 -0.9937
vn 0.4857 0.1401 -0.8628
vn -0.0098 0.1115 -0.9937
vn -0.5026 0.0536 -0.8628
vn -0.5110 0.1492 -0.8465
vn -0.0194 0.2217 -0.9749
vn -0.5026 0.0536 -0.8628
vn -0.8637 -0.0186 -0.5037
vn -0.8686 0.0372 -0.4942
vn -0.5110 0.1492 -0.8465
vn -0.8637 -0.0186 -0.5037
vn -0.9962 -0.0861 -0.0092
vn -0.9963 -0.0851 -0.0090
vn -0.8686 0.0372 -0.4942
vn -0.9962 -0.0861 -0.0092
vn -0.8619 -0.1308 0.4899
vn -0.8572 -0.1851 0.4806
vn -0.9963 -0.0851 -0.0090
vn -0.8619 -0.1308 0.4899
vn -0.4937 -0.1403 0.8582
vn -0.4854 -0.2354 0.8420
vn -0.8572 -0.1851 0.4806
vn -0.4937 -0.1403 0.8582
vn 0.0098 -0.1115 0.9937
vn 0.0194 -0.2217 0.9749
vn -0.4854 -0.2354 0.8420
vn 0.0098 -0.1115 0.9937
vn 0.5106 -0.0524 0.8582
vn 0.5189 -0.1475 0.8420
vn 0.0194 -0.2217 0.9749
vn 0.5106 -0.0524 0.8582
vn 0.8715 0.0208 0.4899
vn 0.8763 -0.0335 0.4806
vn 0.5189 -0.1475 0.8420
vn 0.8715 0.0208 0.4899
vn 0.9961 0.0882 -0.0092
vn 0.9960 0.0892 -0.0090
vn 0.8763 -0.0335 0.4806
vn 0.9961 0.0882 -0.0092
vn 0.8538 0.1317 -0.5037
vn 0.8489 0.1875 -0.4942
vn 0.9960 0.0892 -0.0090
vn 0.8538 0.1317 -0.5037
vn 0.4857 0.1401 -0.8628
vn 0.4773 0.2357 -0.8465
vn 0.8489 0.1875 -0.4942
vn 0.4857 0.1401 -0.8628
vn -0.0098 0.1115 -0.9937
vn -0.0194 0.2217 -0.9749
vn 0.4773 0.2357 -0.8465
vn -0.0194 0.2217 -0.9749
vn -0.5110 0.1492 -0.8465
vn -0.5191 0.2425 -0.8196
vn -0.0288 0.3290 -0.9439
vn -0.5110 0.1492 -0.8465
vn -0.8686 0.0372 -0.4942
vn -0.8733 0.0916 -0.4784
vn -0.5191 0.2425 -0.8196
vn -0.8686 0.0372 -0.4942
vn -0.9963 -0.0851 -0.0090
vn -0.9964 -0.0841 -0.0087
vn -0.8733 0.0916 -0.4784
vn -0.9963 -0.0851 -0.0090
vn -0.8572 -0.1851 0.4806
vn -0.8525 -0.2380 0.4653
vn -0.9964 -0.0841 -0.0087
vn -0.8572 -0.1851 0.4806
vn -0.4854 -0.2354 0.8420
vn -0.4773 -0.3281 0.8152
vn -0.8525 -0.2380 0.4653
vn -0.4854 -0.2354 0.8420
vn 0.0194 -0.2217 0.9749
vn 0.0288 -0.3290 0.9439
vn -0.4773 -0.3281 0.8152
vn 0.0194 -0.2217 0.9749
vn 0.5189 -0.1475 0.8420
vn 0.5270 -0.2402 0.8152
vn 0.0288 -0.3290 0.9439
vn 0.5189 -0.1475 0.8420
vn 0.8763 -0.0335 0.4806
vn 0.8809 -0.0864 0.4653
vn 0.5270 -0.2402 0.8152
vn 0.8763 -0.0335 0.4806
vn 0.9960 0.0892 -0.0090
vn 0.9959 0.0902 -0.0087
vn 0.8809 -0.0864 0.4653
vn 0.9960 0.0892 -0.0090
vn 0.8489 0.1875 -0.4942
vn 0.8442 0.2419 -0.4784
vn 0.9959 0.0902 -0.0087
vn 0.8489 0.1875 -0.4942
vn 0.4773 0.2357 -0.8465
vn 0.4692 0.3289 -0.8196
vn 0.8442 0.2419 -0.4784
vn 0.4773 0.2357 -0.8465
vn -0.0194 0.2217 -0.9749
vn -0.0288 0.3290 -0.9439
vn 0.4692 0.3289 -0.8196
vn -0.0288 0.3290 -0.9439
vn -0.5191 0.2425 -0.8196
vn -0.5270 0.3321 -0.7823
vn -0.0378 0.4322 -0.9010
vn -0.5191 0.2425 -0.8196
vn -0.8733 0.0916 -0.4784
vn -0.8779 0.1440 -0.4567
vn -0.5270 0.3321 -0.7823
vn -0.8733 0.0916 -0.4784
vn -0.9964 -0.0841 -0.0087
vn -0.9965 -0.0832 -0.0083
vn -0.8779 0.1440 -0.4567
vn -0.9964 -0.0841 -0.0087
vn -0.8525 -0.2380 0.4653
vn -0.8481 -0.2889 0.4442
vn -0.9965 -0.0832 -0.0083
vn -0.8525 -0.2380 0.4653
vn -0.4773 -0.3281 0.8152
vn -0.4695 -0.4172 0.7781
vn -0.8481 -0.2889 0.4442
vn -0.4773 -0.3281 0.8152
vn 0.0288 -0.3290 0.9439
vn 0.0378 -0.4322 0.9010
vn -0.4695 -0.4172 0.7781
vn 0.0288 -0.3290 0.9439
vn 0.5270 -0.2402 0.8152
vn 0.5348 -0.3294 0.7781
vn 0.0378 -0.4322 0.9010
vn 0.5270 -0.2402 0.8152
vn 0.8809 -0.0864 0.4653
vn 0.8854 -0.1373 0.4442
vn 0.5348 -0.3294 0.7781
vn 0.8809 -0.0864 0.4653
vn 0.9959 0.0902 -0.0087
vn 0.9958 0.0911 -0.0083
vn 0.8854 -0.1373 0.4442
vn 0.9959 0.0902 -0.0087
vn 0.8442 0.2419 -0.4784
vn 0.8396 0.2942 -0.4567
vn 0.9958 0.0911 -0.0083
vn 0.8442 0.2419 -0.4784
vn 0.4692 0.3289 -0.8196
vn 0.4613 0.4185 -0.7823
vn 0.8396 0.2942 -0.4567
vn 0.4692 0.3289 -0.8196
vn -0.0288 0.3290 -0.9439
vn -0.0378 0.4322 -0.9010
vn 0.4613 0.4185 -0.7823
vn -0.0378 0.4322 -0.9010
vn -0.5270 0.3321 -0.7823
vn -0.5344 0.4170 -0.7352
vn -0.0464 0.5300 -0.8467
vn -0.5270 0.3321 -0.7823
vn -0.8779 0.1440 -0.4567
vn -0.8822 0.1935 -0.4292
vn -0.5344 0.4170 -0.7352
vn -0.8779 0.1440 -0.4567
vn -0.9965 -0.0832 -0.0083
vn -0.9966 -0.0823 -0.0078
vn -0.8822 0.1935 -0.4292
vn -0.9965 -0.0832 -0.0083
vn -0.8481 -0.2889 0.4442
vn -0.8439 -0.3371 0.4174
vn -0.9966 -0.0823 -0.0078
vn -0.8481 -0.2889 0.4442
vn -0.4695 -0.4172 0.7781
vn -0.4621 -0.5017 0.7313
vn -0.8439 -0.3371 0.4174
vn -0.4695 -0.4172 0.7781
vn 0.0378 -0.4322 0.9010
vn 0.0464 -0.5300 0.8467
vn -0.4621 -0.5017 0.7313
vn 0.0378 -0.4322 0.9010
vn 0.5348 -0.3294 0.7781
vn 0.5422 -0.4138 0.7313
vn 0.0464 -0.5300 0.8467
vn 0.5348 -0.3294 0.7781
vn 0.8854 -0.1373 0.4442
vn 0.8896 -0.1855 0.4174
vn 0.5422 -0.4138 0.7313
vn 0.8854 -0.1373 0.4442
vn 0.9958 0.0911 -0.0083
vn 0.9957 0.0921 -0.0078
vn 0.8896 -0.1855 0.4174
vn 0.9958 0.0911 -0.0083
vn 0.8396 0.2942 -0.4567
vn 0.8352 0.3438 -0.4292
vn 0.9957 0.0921 -0.0078
vn 0.8396 0.2942 -0.4567
vn 0.4613 0.4185 -0.7823
vn 0.4539 0.5034 -0.7352
vn 0.8352 0.3438 -0.4292
vn 0.4613 0.4185 -0.7823
vn -0.0378 0.4322 -0.9010
vn -0.0464 0.5300 -0.8467
vn 0.4539 0.5034 -0.7352
vn -0.0464 0.5300 -0.8467
vn -0.5344 0.4170 -0.7352
vn -0.5413 0.4961 -0.6789
vn -0.0543 0.6211 -0.7818
vn -0.5344 0.4170 -0.7352
vn -0.8822 0.1935 -0.4292
vn -0.8863 0.2397 -0.3963
vn -0.5413 0.4961 -0.6789
vn -0.8822 0.1935 -0.4292
vn -0.9966 -0.0823 -0.0078
vn -0.9967 -0.0814 -0.0072
vn -0.8863 0.2397 -0.3963
vn -0.9966 -0.0823 -0.0078
vn -0.8439 -0.3371 0.4174
vn -0.8399 -0.3820 0.3854
vn -0.9967 -0.0814 -0.0072
vn -0.8439 -0.3371 0.4174
vn -0.4621 -0.5017 0.7313
vn -0.4552 -0.5804 0.6753
vn -0.8399 -0.3820 0.3854
vn -0.4621 -0.5017 0.7313
vn 0.0464 -0.5300 0.8467
vn 0.0543 -0.6211 0.7818
vn -0.4552 -0.5804 0.6753
vn 0.0464 -0.5300 0.8467
vn 0.5422 -0.4138 0.7313
vn 0.5491 -0.4925 0.6753
vn 0.0543 -0.6211 0.7818
vn 0.5422 -0.4138 0.7313
vn 0.8896 -0.1855 0.4174
vn 0.8935 -0.2304 0.3855
vn 0.5491 -0.4925 0.6753
vn 0.8896 -0.1855 0.4174
vn 0.9957 0.0921 -0.0078
vn 0.9956 0.0929 -0.0072
vn 0.8935 -0.2304 0.3855
vn 0.9957 0.0921 -0.0078
vn 0.8352 0.3438 -0.4292
vn 0.8312 0.3900 -0.3963
vn 0.9956 0.0929 -0.0072
vn 0.8352 0.3438 -0.4292
vn 0.4539 0.5034 -0.7352
vn 0.4470 0.5825 -0.6789
vn 0.8312 0.3900 -0.3963
vn 0.4539 0.5034 -0.7352
vn -0.0464 0.5300 -0.8467
vn -0.0543 0.6211 -0.7818
vn 0.4470 0.5825 -0.6789
vn -0.0543 0.6211 -0.7818
vn -0.5413 0.4961 -0.6789
vn -0.5477 0.5684 -0.6140
vn -0.0616 0.7044 -0.7071
vn -0.5413 0.4961 -0.6789
vn -0.8863 0.2397 -0.3963
vn -0.8900 0.2819 -0.3584
vn -0.5477 0.5684 -0.6140
vn -0.8863 0.2397 -0.3963
vn -0.9967 -0.0814 -0.0072
vn -0.9967 -0.0806 -0.0065
vn -0.8900 0.2819 -0.3584
vn -0.9967 -0.0814 -0.0072
vn -0.8399 -0.3820 0.3854
vn -0.8363 -0.4231 0.3486
vn -0.9967 -0.0806 -0.0065
vn -0.8399 -0.3820 0.3854
vn -0.4552 -0.5804 0.6753
vn -0.4489 -0.6523 0.6107
vn -0.8363 -0.4231 0.3486
vn -0.4552 -0.5804 0.6753
vn 0.0543 -0.6211 0.7818
vn 0.0616 -0.7044 0.7071
vn -0.4489 -0.6523 0.6107
vn 0.0543 -0.6211 0.7818
vn 0.5491 -0.4925 0.6753
vn 0.5554 -0.5645 0.6107
vn 0.0616 -0.7044 0.7071
vn 0.5491 -0.4925 0.6753
vn 0.8935 -0.2304 0.3855
vn 0.8971 -0.2715 0.3486
vn 0.5554 -0.5645 0.6107
vn 0.8935 -0.2304 0.3855
vn 0.9956 0.0929 -0.0072
vn 0.9956 0.0937 -0.0065
vn 0.8971 -0.2715 0.3486
vn 0.9956 0.0929 -0.0072
vn 0.8312 0.3900 -0.3963
vn 0.8275 0.4322 -0.3584
vn 0.9956 0.0937 -0.0065
vn 0.8312 0.3900 -0.3963
vn 0.4470 0.5825 -0.6789
vn 0.4406 0.6549 -0.6140
vn 0.8275 0.4322 -0.3584
vn 0.4470 0.5825 -0.6789
vn -0.0543 0.6211 -0.7818
vn -0.0616 0.7044 -0.7071
vn 0.4406 0.6549 -0.6140
vn -0.0616 0.7044 -0.7071
vn -0.5477 0.5684 -0.6140
vn -0.5533 0.6330 -0.5414
vn -0.0681 0.7789 -0.6235
vn -0.5477 0.5684 -0.6140
vn -0.8900 0.2819 -0.3584
vn -0.8933 0.3196 -0.3160
vn -0.5533 0.6330 -0.5414
vn -0.8900 0.2819 -0.3584
vn -0.9967 -0.0806 -0.0065
vn -0.9968 -0.0800 -0.0058
vn -0.8933 0.3196 -0.3160
vn -0.9967 -0.0806 -0.0065
vn -0.8363 -0.4231 0.3486
vn -0.8331 -0.4598 0.3074
vn -0.9968 -0.0800 -0.0058
vn -0.8363 -0.4231 0.3486
vn -0.4489 -0.6523 0.6107
vn -0.4433 -0.7166 0.5385
vn -0.8331 -0.4598 0.3074
vn -0.4489 -0.6523 0.6107
vn 0.0616 -0.7044 0.7071
vn 0.0681 -0.7789 0.6235
vn -0.4433 -0.7166 0.5385
vn 0.0616 -0.7044 0.7071
vn 0.5554 -0.5645 0.6107
vn 0.5610 -0.6288 0.5385
vn 0.0681 -0.7789 0.6235
vn 0.5554 -0.5645 0.6107
vn 0.8971 -0.2715 0.3486
vn 0.9003 -0.3082 0.3074
vn 0.5610 -0.6288 0.5385
vn 0.8971 -0.2715 0.3486
vn 0.9956 0.0937 -0.0065
vn 0.9955 0.0944 -0.0058
vn 0.9003 -0.3082 0.3074
vn 0.9956 0.0937 -0.0065
vn 0.8275 0.4322 -0.3584
vn 0.8242 0.4699 -0.3160
vn 0.9955 0.0944 -0.0058
vn 0.8275 0.4322 -0.3584
vn 0.4406 0.6549 -0.6140
vn 0.4350 0.7195 -0.5414
vn 0.8242 0.4699 -0.3160
vn 0.4406 0.6549 -0.6140
vn -0.0616 0.7044 -0.7071
vn -0.0681 0.7789 -0.6235
vn 0.4350 0.7195 -0.5414
vn -0.0681 0.7789 -0.6235
vn -0.5533 0.6330 -0.5414
vn -0.5582 0.6892 -0.4620
vn -0.0738 0.8435 -0.5320
vn -0.5533 0.6330 -0.5414
vn -0.8933 0.3196 -0.3160
vn -0.8961 0.3524 -0.2697
vn -0.5582 0.6892 -0.4620
vn -0.8933 0.3196 -0.3160
vn -0.9968 -0.0800 -0.0058
vn -0.9968 -0.0794 -0.0049
vn -0.8961 0.3524 -0.2697
vn -0.9968 -0.0800 -0.0058
vn -0.8331 -0.4598 0.3074
vn -0.8303 -0.4917 0.2623
vn -0.9968 -0.0794 -0.0049
vn -0.8331 -0.4598 0.3074
vn -0.4433 -0.7166 0.5385
vn -0.4384 -0.7724 0.4595
vn -0.8303 -0.4917 0.2623
vn -0.4433 -0.7166 0.5385
vn 0.0681 -0.7789 0.6235
vn 0.0738 -0.8435 0.5320
vn -0.4384 -0.7724 0.4595
vn 0.0681 -0.7789 0.6235
vn 0.5610 -0.6288 0.5385
vn 0.5659 -0.6846 0.4595
vn 0.0738 -0.8435 0.5320
vn 0.5610 -0.6288 0.5385
vn 0.9003 -0.3082 0.3074
vn 0.9031 -0.3400 0.2623
vn 0.5659 -0.6846 0.4595
vn 0.9003 -0.3082 0.3074
vn 0.9955 0.0944 -0.0058
vn 0.9955 0.0949 -0.0049
vn 0.9031 -0.3400 0.2623
vn 0.9955 0.0944 -0.0058
vn 0.8242 0.4699 -0.3160
vn 0.8213 0.5027 -0.2697
vn 0.9955 0.0949 -0.0049
vn 0.8242 0.4699 -0.3160
vn 0.4350 0.7195 -0.5414
vn 0.4301 0.7756 -0.4620
vn 0.8213 0.5027 -0.2697
vn 0.4350 0.7195 -0.5414
vn -0.0681 0.7789 -0.6235
vn -0.0738 0.8435 -0.5320
vn 0.4301 0.7756 -0.4620
vn -0.0738 0.8435 -0.5320
vn -0.5582 0.6892 -0.4620
vn -0.5623 0.7361 -0.3767
vn -0.0785 0.8975 -0.4339
vn -0.5582 0.6892 -0.4620
vn -0.8961 0.3524 -0.2697
vn -0.8985 0.3798 -0.2199
vn -0.5623 0.7361 -0.3767
vn -0.8961 0.3524 -0.2697
vn -0.9968 -0.0794 -0.0049
vn -0.9969 -0.0789 -0.0040
vn -0.8985 0.3798 -0.2199
vn -0.9968 -0.0794 -0.0049
vn -0.8303 -0.4917 0.2623
vn -0.8280 -0.5183 0.2139
vn -0.9969 -0.0789 -0.0040
vn -0.8303 -0.4917 0.2623
vn -0.4384 -0.7724 0.4595
vn -0.4343 -0.8191 0.3747
vn -0.8280 -0.5183 0.2139
vn -0.4384 -0.7724 0.4595
vn 0.0738 -0.8435 0.5320
vn 0.0785 -0.8975 0.4339
vn -0.4343 -0.8191 0.3747
vn 0.0738 -0.8435 0.5320
vn 0.5659 -0.6846 0.4595
vn 0.5699 -0.7313 0.3747
vn 0.0785 -0.8975 0.4339
vn 0.5659 -0.6846 0.4595
vn 0.9031 -0.3400 0.2623
vn 0.9054 -0.3667 0.2139
vn 0.5699 -0.7313 0.3747
vn 0.9031 -0.3400 0.2623
vn 0.9955 0.0949 -0.0049
vn 0.9954 0.0954 -0.0040
vn 0.9054 -0.3667 0.2139
vn 0.9955 0.0949 -0.0049
vn 0.8213 0.5027 -0.2697
vn 0.8189 0.5301 -0.2199
vn 0.9954 0.0954 -0.0040
vn 0.8213 0.5027 -0.2697
vn 0.4301 0.7756 -0.4620
vn 0.4260 0.8226 -0.3767
vn 0.8189 0.5301 -0.2199
vn 0.4301 0.7756 -0.4620
vn -0.0738 0.8435 -0.5320
vn -0.0785 0.8975 -0.4339
vn 0.4260 0.8226 -0.3767
vn -0.0785 0.8975 -0.4339
vn -0.5623 0.7361 -0.3767
vn -0.5656 0.7732 -0.2868
vn -0.0823 0.9403 -0.3303
vn -0.5623 0.7361 -0.3767
vn -0.8985 0.3798 -0.2199
vn -0.9004 0.4015 -0.1674
vn -0.5656 0.7732 -0.2868
vn -0.8985 0.3798 -0.2199
vn -0.9969 -0.0789 -0.0040
vn -0.9969 -0.0785 -0.0031
vn -0.9004 0.4015 -0.1674
vn -0.9969 -0.0789 -0.0040
vn -0.8280 -0.5183 0.2139
vn -0.8262 -0.5394 0.1628
vn -0.9969 -0.0785 -0.0031
vn -0.8280 -0.5183 0.2139
vn -0.4343 -0.8191 0.3747
vn -0.4311 -0.8560 0.2853
vn -0.8262 -0.5394 0.1628
vn -0.4343 -0.8191 0.3747
vn 0.0785 -0.8975 0.4339
vn 0.0823 -0.9403 0.3303
vn -0.4311 -0.8560 0.2853
vn 0.0785 -0.8975 0.4339
vn 0.5699 -0.7313 0.3747
vn 0.5732 -0.7682 0.2853
vn 0.0823 -0.9403 0.3303
vn 0.5699 -0.7313 0.3747
vn 0.9054 -0.3667 0.2139
vn 0.9073 -0.3877 0.1628
vn 0.5732 -0.7682 0.2853
vn 0.9054 -0.3667 0.2139
vn 0.9954 0.0954 -0.0040
vn 0.9954 0.0958 -0.0031
vn 0.9073 -0.3877 0.1628
vn 0.9954 0.0954 -0.0040
vn 0.8189 0.5301 -0.2199
vn 0.8170 0.5517 -0.1674
vn 0.9954 0.0958 -0.0031
vn 0.8189 0.5301 -0.2199
vn 0.4260 0.8226 -0.3767
vn 0.4227 0.8597 -0.2868
vn 0.8170 0.5517 -0.1674
vn 0.4260 0.8226 -0.3767
vn -0.0785 0.8975 -0.4339
vn -0.0823 0.9403 -0.3303
vn 0.4227 0.8597 -0.2868
vn -0.0823 0.9403 -0.3303
vn -0.5656 0.7732 -0.2868
vn -0.5679 0.8001 -0.1932
vn -0.0850 0.9712 -0.2225
vn -0.5656 0.7732 -0.2868
vn -0.9004 0.4015 -0.1674
vn -0.9018 0.4171 -0.1128
vn -0.5679 0.8001 -0.1932
vn -0.9004 0.4015 -0.1674
vn -0.9969 -0.0785 -0.0031
vn -0.9969 -0.0782 -0.0021
vn -0.9018 0.4171 -0.1128
vn -0.9969 -0.0785 -0.0031
vn -0.8262 -0.5394 0.1628
vn -0.8248 -0.5546 0.1097
vn -0.9969 -0.0782 -0.0021
vn -0.8262 -0.5394 0.1628
vn -0.4311 -0.8560 0.2853
vn -0.4287 -0.8828 0.1922
vn -0.8248 -0.5546 0.1097
vn -0.4311 -0.8560 0.2853
vn 0.0823 -0.9403 0.3303
vn 0.0850 -0.9712 0.2225
vn -0.4287 -0.8828 0.1922
vn 0.0823 -0.9403 0.3303
vn 0.5732 -0.7682 0.2853
vn 0.5755 -0.7949 0.1922
vn 0.0850 -0.9712 0.2225
vn 0.5732 -0.7682 0.2853
vn 0.9073 -0.3877 0.1628
vn 0.9086 -0.4030 0.1097
vn 0.5755 -0.7949 0.1922
vn 0.9073 -0.3877 0.1628
vn 0.9954 0.0958 -0.0031
vn 0.9954 0.0961 -0.0021
vn 0.9086 -0.4030 0.1097
vn 0.9954 0.0958 -0.0031
vn 0.8170 0.5517 -0.1674
vn 0.8157 0.5674 -0.1128
vn 0.9954 0.0961 -0.0021
vn 0.8170 0.5517 -0.1674
vn 0.4227 0.8597 -0.2868
vn 0.4204 0.8865 -0.1932
vn 0.8157 0.5674 -0.1128
vn 0.4227 0.8597 -0.2868
vn -0.0823 0.9403 -0.3303
vn -0.0850 0.9712 -0.2225
vn 0.4204 0.8865 -0.1932
vn -0.0850 0.9712 -0.2225
vn -0.5679 0.8001 -0.1932
vn -0.5694 0.8163 -0.0972
vn -0.0866 0.9899 -0.1120
vn -0.5679 0.8001 -0.1932
vn -0.9018 0.4171 -0.1128
vn -0.9026 0.4266 -0.0568
vn -0.5694 0.8163 -0.0972
vn -0.9018 0.4171 -0.1128
vn -0.9969 -0.0782 -0.0021
vn -0.9970 -0.0780 -0.0010
vn -0.9026 0.4266 -0.0568
vn -0.9969 -0.0782 -0.0021
vn -0.8248 -0.5546 0.1097
vn -0.8240 -0.5639 0.0552
vn -0.9970 -0.0780 -0.0010
vn -0.8248 -0.5546 0.1097
vn -0.4287 -0.8828 0.1922
vn -0.4273 -0.8989 0.0967
vn -0.8240 -0.5639 0.0552
vn -0.4287 -0.8828 0.1922
vn 0.0850 -0.9712 0.2225
vn 0.0866 -0.9899 0.1120
vn -0.4273 -0.8989 0.0967
vn 0.0850 -0.9712 0.2225
vn 0.5755 -0.7949 0.1922
vn 0.5769 -0.8111 0.0967
vn 0.0866 -0.9899 0.1120
vn 0.5755 -0.7949 0.1922
vn 0.9086 -0.4030 0.1097
vn 0.9094 -0.4122 0.0552
vn 0.5769 -0.8111 0.0967
vn 0.9086 -0.4030 0.1097
vn 0.9954 0.0961 -0.0021
vn 0.9954 0.0963 -0.0010
vn 0.9094 -0.4122 0.0552
vn 0.9954 0.0961 -0.0021
vn 0.8157 0.5674 -0.1128
vn 0.8148 0.5769 -0.0568
vn 0.9954 0.0963 -0.0010
vn 0.8157 0.5674 -0.1128
vn 0.4204 0.8865 -0.1932
vn 0.4190 0.9028 -0.0972
vn 0.8148 0.5769 -0.0568
vn 0.4204 0.8865 -0.1932
vn -0.0850 0.9712 -0.2225
vn -0.0866 0.9899 -0.1120
vn 0.4190 0.9028 -0.0972
vn -0.0866 0.9899 -0.1120
vn -0.5694 0.8163 -0.0972
vn -0.5698 0.8218 0.0000
vn -0.0872 0.9962 0.0000
vn -0.5694 0.8163 -0.0972
vn -0.9026 0.4266 -0.0568
vn -0.9029 0.4298 0.0000
vn -0.5698 0.8218 0.0000
vn -0.9026 0.4266 -0.0568
vn -0.9970 -0.0780 -0.0010
vn -0.9970 -0.0779 -0.0000
vn -0.9029 0.4298 0.0000
vn -0.9970 -0.0780 -0.0010
vn -0.8240 -0.5639 0.0552
vn -0.8237 -0.5670 -0.0000
vn -0.9970 -0.0779 -0.0000
vn -0.8240 -0.5639 0.0552
vn -0.4273 -0.8989 0.0967
vn -0.4268 -0.9043 -0.0000
vn -0.8237 -0.5670 -0.0000
vn -0.4273 -0.8989 0.0967
vn 0.0866 -0.9899 0.1120
vn 0.0872 -0.9962 -0.0000
vn -0.4268 -0.9043 -0.0000
vn 0.0866 -0.9899 0.1120
vn 0.5769 -0.8111 0.0967
vn 0.5774 -0.8165 -0.0000
vn 0.0872 -0.9962 -0.0000
vn 0.5769 -0.8111 0.0967
vn 0.9094 -0.4122 0.0552
vn 0.9097 -0.4153 0.0000
vn 0.5774 -0.8165 -0.0000
vn 0.9094 -0.4122 0.0552
vn 0.9954 0.0963 -0.0010
vn 0.9953 0.0964 0.0000
vn 0.9097 -0.4153 0.0000
vn 0.9954 0.0963 -0.0010
vn 0.8148 0.5769 -0.0568
vn 0.8146 0.5801 0.0000
vn 0.9953 0.0964 0.0000
vn 0.8148 0.5769 -0.0568
vn 0.4190 0.9028 -0.0972
vn 0.4185 0.9082 0.0000
vn 0.8146 0.5801 0.0000
vn 0.4190 0.9028 -0.0972
vn -0.0866 0.9899 -0.1120
vn -0.0872 0.9962 0.0000
vn 0.4185 0.9082 0.0000
vn 0.0000 -1.0000 0.0000
vn 0.0000 -1.0000 0.0000
vn 0.0000 -1.0000 0.0000
vn 0.0000 -1.0000 0.0000
vn 0.0000 -1.0000 0.0000
vn 0.0000 -1.0000 0.0000
vn 0.0000 -1.0000 -0.0000
vn 0.0000 -1.0000 -0.0000
vn -0.0000 -1.0000 0.0000
vn -0.0000 -1.0000 0.0000
vn 0.0000 -1.0000 -0.0000
vn -0.0000 -1.0000 0.0000
vn 0.0000 -1.0000 0.0000
vn 0.0000 -1.0000 -0.0000
vn 0.0000 -1.0000 0.0000
vn -0.0000 -1.0000 -0.0000
vn 0.0024 0.0278 0.9996
vn -0.4939 0.0675 0.8669
vn -0.5101 0.0446 0.8590
vn -0.0144 0.0012 0.9999
vn -0.4939 0.0675 0.8669
vn -0.8594 0.0893 0.5034
vn -0.8670 0.0757 0.4925
vn -0.5101 0.0446 0.8590
vn -0.8594 0.0893 0.5034
vn -0.9962 0.0873 0.0046
vn -0.9962 0.0869 0.0000
vn -0.8670 0.0757 0.4925
vn -0.9962 0.0873 0.0046
vn -0.8659 0.0618 -0.4964
vn -0.8670 0.0757 -0.4925
vn -0.9962 0.0869 0.0000
vn -0.8659 0.0618 -0.4964
vn -0.5021 0.0195 -0.8646
vn -0.5101 0.0445 -0.8590
vn -0.8670 0.0757 -0.4925
vn -0.5021 0.0195 -0.8646
vn -0.0025 -0.0281 -0.9996
vn -0.0144 0.0012 -0.9999
vn -0.5101 0.0445 -0.8590
vn -0.0025 -0.0281 -0.9996
vn 0.4979 -0.0680 -0.8646
vn 0.4886 -0.0428 -0.8715
vn -0.0144 0.0012 -0.9999
vn 0.4979 -0.0680 -0.8646
vn 0.8634 -0.0896 -0.4964
vn 0.8599 -0.0754 -0.5049
vn 0.4886 -0.0428 -0.8715
vn 0.8634 -0.0896 -0.4964
vn 0.9962 -0.0870 0.0046
vn 0.9962 -0.0874 -0.0000
vn 0.8599 -0.0754 -0.5049
vn 0.9962 -0.0870 0.0046
vn 0.8619 -0.0612 0.5034
vn 0.8599 -0.0754 0.5049
vn 0.9962 -0.0874 -0.0000
vn 0.8619 -0.0612 0.5034
vn 0.4981 -0.0192 0.8669
vn 0.4886 -0.0428 0.8715
vn 0.8599 -0.0754 0.5049
vn 0.4981 -0.0192 0.8669
vn 0.0024 0.0278 0.9996
vn -0.0144 0.0012 0.9999
vn 0.4886 -0.0428 0.8715
vn -0.4939 0.0675 -0.8669
vn 0.0024 0.0278 -0.9996
vn -0.0144 0.0012 -0.9999
vn -0.5101 0.0445 -0.8590
vn 0.0024 0.0278 -0.9996
vn 0.4981 -0.0193 -0.8669
vn 0.4886 -0.0428 -0.8715
vn -0.0144 0.0012 -0.9999
vn 0.4981 -0.0193 -0.8669
vn 0.8619 -0.0613 -0.5034
vn 0.8599 -0.0754 -0.5049
vn 0.4886 -0.0428 -0.8715
vn 0.8619 -0.0613 -0.5034
vn 0.9962 -0.0870 -0.0046
vn 0.9962 -0.0874 -0.0000
vn 0.8599 -0.0754 -0.5049
vn 0.9962 -0.0870 -0.0046
vn 0.8634 -0.0895 0.4964
vn 0.8599 -0.0754 0.5049
vn 0.9962 -0.0874 -0.0000
vn 0.8634 -0.0895 0.4964
vn 0.4979 -0.0680 0.8646
vn 0.4886 -0.0428 0.8715
vn 0.8599 -0.0754 0.5049
vn 0.4979 -0.0680 0.8646
vn -0.0025 -0.0281 0.9996
vn -0.0144 0.0012 0.9999
vn 0.4886 -0.0428 0.8715
vn -0.0025 -0.0281 0.9996
vn -0.5021 0.0195 0.8646
vn -0.5101 0.0446 0.8590
vn -0.0144 0.0012 0.9999
vn -0.5021 0.0195 0.8646
vn -0.8659 0.0617 0.4964
vn -0.8670 0.0757 0.4925
vn -0.5101 0.0446 0.8590
vn -0.8659 0.0617 0.4964
vn -0.9962 0.0873 -0.0046
vn -0.9962 0.0869 0.0000
vn -0.8670 0.0757 0.4925
vn -0.9962 0.0873 -0.0046
vn -0.8594 0.0894 -0.5034
vn -0.8670 0.0757 -0.4925
vn -0.9962 0.0869 0.0000
vn -0.8594 0.0894 -0.5034
vn -0.4939 0.0675 -0.8669
vn -0.5101 0.0445 -0.8590
vn -0.8670 0.0757 -0.4925
vn -0.0024 0.0278 0.9996
vn -0.4981 -0.0193 0.8669
vn -0.4886 -0.0428 0.8715
vn 0.0144 0.0012 0.9999
vn -0.4981 -0.0193 0.8669
vn -0.8619 -0.0613 0.5034
vn -0.8599 -0.0754 0.5049
vn -0.4886 -0.0428 0.8715
vn -0.8619 -0.0613 0.5034
vn -0.9962 -0.0870 0.0046
vn -0.9962 -0.0874 0.0000
vn -0.8599 -0.0754 0.5049
vn -0.9962 -0.0870 0.0046
vn -0.8634 -0.0895 -0.4964
vn -0.8599 -0.0754 -0.5049
vn -0.9962 -0.0874 0.0000
vn -0.8634 -0.0895 -0.4964
vn -0.4979 -0.0680 -0.8646
vn -0.4886 -0.0428 -0.8715
vn -0.8599 -0.0754 -0.5049
vn -0.4979 -0.0680 -0.8646
vn 0.0025 -0.0281 -0.9996
vn 0.0144 0.0012 -0.9999
vn -0.4886 -0.0428 -0.8715
vn 0.0025 -0.0281 -0.9996
vn 0.5021 0.0195 -0.8646
vn 0.5101 0.0446 -0.8590
vn 0.0144 0.0012 -0.9999
vn 0.5021 0.0195 -0.8646
vn 0.8659 0.0617 -0.4964
vn 0.8670 0.0757 -0.4925
vn 0.5101 0.0446 -0.8590
vn 0.8659 0.0617 -0.4964
vn 0.9962 0.0873 0.0046
vn 0.9962 0.0869 -0.0000
vn 0.8670 0.0757 -0.4925
vn 0.9962 0.0873 0.0046
vn 0.8594 0.0894 0.5034
vn 0.8670 0.0757 0.4925
vn 0.9962 0.0869 -0.0000
vn 0.8594 0.0894 0.5034
vn 0.4939 0.0675 0.8669
vn 0.5101 0.0445 0.8590
vn 0.8670 0.0757 0.4925
vn 0.4939 0.0675 0.8669
vn -0.0024 0.0278 0.9996
vn 0.0144 0.0012 0.9999
vn 0.5101 0.0445 0.8590
vn -0.4981 -0.0192 -0.8669
vn -0.0024 0.0278 -0.9996
vn 0.0144 0.0012 -0.9999
vn -0.4886 -0.0428 -0.8715
vn -0.0024 0.0278 -0.9996
vn 0.4939 0.0675 -0.8669
vn 0.5101 0.0446 -0.8590
vn 0.0144 0.0012 -0.9999
vn 0.4939 0.0675 -0.8669
vn 0.8594 0.0893 -0.5034
vn 0.8670 0.0757 -0.4925
vn 0.5101 0.0446 -0.8590
vn 0.8594 0.0893 -0.5034
vn 0.9962 0.0873 -0.0046
vn 0.9962 0.0869 -0.0000
vn 0.8670 0.0757 -0.4925
vn 0.9962 0.0873 -0.0046
vn 0.8659 0.0618 0.4964
vn 0.8670 0.0757 0.4925
vn 0.9962 0.0869 -0.0000
vn 0.8659 0.0618 0.4964
vn 0.5021 0.0195 0.8646
vn 0.5101 0.0445 0.8590
vn 0.8670 0.0757 0.4925
vn 0.5021 0.0195 0.8646
vn 0.0025 -0.0281 0.9996
vn 0.0144 0.0012 0.9999
vn 0.5101 0.0445 0.8590
vn 0.0025 -0.0281 0.9996
vn -0.4979 -0.0680 0.8646
vn -0.4886 -0.0428 0.8715
vn 0.0144 0.0012 0.9999
vn -0.4979 -0.0680 0.8646
vn -0.8634 -0.0896 0.4964
vn -0.8599 -0.0754 0.5049
vn -0.4886 -0.0428 0.8715
vn -0.8634 -0.0896 0.4964
vn -0.9962 -0.0870 -0.0046
vn -0.9962 -0.0874 0.0000
vn -0.8599 -0.0754 0.5049
vn -0.9962 -0.0870 -0.0046
vn -0.8619 -0.0612 -0.5034
vn -0.8599 -0.0754 -0.5049
vn -0.9962 -0.0874 0.0000
vn -0.8619 -0.0612 -0.5034
vn -0.4981 -0.0192 -0.8669
vn -0.4886 -0.0428 -0.8715
vn -0.8599 -0.0754 -0.5049
vn 0.0872 0.9962 0.0000
vn -0.4185 0.9082 0.0000
vn -0.4190 0.9028 0.0972
vn 0.0866 0.9899 0.1120
vn -0.4185 0.9082 0.0000
vn -0.8146 0.5801 0.0000
vn -0.8148 0.5769 0.0568
vn -0.4190 0.9028 0.0972
vn -0.8146 0.5801 0.0000
vn -0.9953 0.0964 -0.0000
vn -0.9954 0.0963 0.0010
vn -0.8148 0.5769 0.0568
vn -0.9953 0.0964 -0.0000
vn -0.9097 -0.4153 -0.0000
vn -0.9094 -0.4122 -0.0552
vn -0.9954 0.0963 0.0010
vn -0.9097 -0.4153 -0.0000
vn -0.5774 -0.8165 -0.0000
vn -0.5769 -0.8111 -0.0967
vn -0.9094 -0.4122 -0.0552
vn -0.5774 -0.8165 -0.0000
vn -0.0872 -0.9962 -0.0000
vn -0.0866 -0.9899 -0.1120
vn -0.5769 -0.8111 -0.0967
vn -0.0872 -0.9962 -0.0000
vn 0.4269 -0.9043 -0.0000
vn 0.4273 -0.8989 -0.0967
vn -0.0866 -0.9899 -0.1120
vn 0.4269 -0.9043 -0.0000
vn 0.8237 -0.5670 -0.0000
vn 0.8240 -0.5639 -0.0552
vn 0.4273 -0.8989 -0.0967
vn 0.8237 -0.5670 -0.0000
vn 0.9970 -0.0779 0.0000
vn 0.9970 -0.0780 0.0010
vn 0.8240 -0.5639 -0.0552
vn 0.9970 -0.0779 0.0000
vn 0.9029 0.4298 0.0000
vn 0.9026 0.4266 0.0568
vn 0.9970 -0.0780 0.0010
vn 0.9029 0.4298 0.0000
vn 0.5698 0.8218 0.0000
vn 0.5694 0.8163 0.0972
vn 0.9026 0.4266 0.0568
vn 0.5698 0.8218 0.0000
vn 0.0872 0.9962 0.0000
vn 0.0866 0.9899 0.1120
vn 0.5694 0.8163 0.0972
vn 0.0866 0.9899 0.1120
vn -0.4190 0.9028 0.0972
vn -0.4204 0.8865 0.1932
vn 0.0850 0.9712 0.2225
vn -0.4190 0.9028 0.0972
vn -0.8148 0.5769 0.0568
vn -0.8157 0.5674 0.1128
vn -0.4204 0.8865 0.1932
vn -0.8148 0.5769 0.0568
vn -0.9954 0.0963 0.0010
vn -0.9954 0.0961 0.0021
vn -0.8157 0.5674 0.1128
vn -0.9954 0.0963 0.0010
vn -0.9094 -0.4122 -0.0552
vn -0.9086 -0.4030 -0.1097
vn -0.9954 0.0961 0.0021
vn -0.9094 -0.4122 -0.0552
vn -0.5769 -0.8111 -0.0967
vn -0.5755 -0.7949 -0.1922
vn -0.9086 -0.4030 -0.1097
vn -0.5769 -0.8111 -0.0967
vn -0.0866 -0.9899 -0.1120
vn -0.0850 -0.9712 -0.2225
vn -0.5755 -0.7949 -0.1922
vn -0.0866 -0.9899 -0.1120
vn 0.4273 -0.8989 -0.0967
vn 0.4287 -0.8828 -0.1922
vn -0.0850 -0.9712 -0.2225
vn 0.4273 -0.8989 -0.0967
vn 0.8240 -0.5639 -0.0552
vn 0.8248 -0.5546 -0.1097
vn 0.4287 -0.8828 -0.1922
vn 0.8240 -0.5639 -0.0552
vn 0.9970 -0.0780 0.0010
vn 0.9969 -0.0782 0.0021
vn 0.8248 -0.5546 -0.1097
vn 0.9970 -0.0780 0.0010
vn 0.9026 0.4266 0.0568
vn 0.9018 0.4172 0.1128
vn 0.9969 -0.0782 0.0021
vn 0.9026 0.4266 0.0568
vn 0.5694 0.8163 0.0972
vn 0.5679 0.8001 0.1932
vn 0.9018 0.4172 0.1128
vn 0.5694 0.8163 0.0972
vn 0.0866 0.9899 0.1120
vn 0.0850 0.9712 0.2225
vn 0.5679 0.8001 0.1932
vn 0.0850 0.9712 0.2225
vn -0.4204 0.8865 0.1932
vn -0.4227 0.8597 0.2868
vn 0.0823 0.9403 0.3303
vn -0.4204 0.8865 0.1932
vn -0.8157 0.5674 0.1128
vn -0.8170 0.5517 0.1674
vn -0.4227 0.8597 0.2868
vn -0.8157 0.5674 0.1128
vn -0.9954 0.0961 0.0021
vn -0.9954 0.0958 0.0031
vn -0.8170 0.5517 0.1674
vn -0.9954 0.0961 0.0021
vn -0.9086 -0.4030 -0.1097
vn -0.9073 -0.3877 -0.1628
vn -0.9954 0.0958 0.0031
vn -0.9086 -0.4030 -0.1097
vn -0.5755 -0.7949 -0.1922
vn -0.5732 -0.7682 -0.2853
vn -0.9073 -0.3877 -0.1628
vn -0.5755 -0.7949 -0.1922
vn -0.0850 -0.9712 -0.2225
vn -0.0823 -0.9403 -0.3303
vn -0.5732 -0.7682 -0.2853
vn -0.0850 -0.9712 -0.2225
vn 0.4287 -0.8828 -0.1922
vn 0.4311 -0.8560 -0.2853
vn -0.0823 -0.9403 -0.3303
vn 0.4287 -0.8828 -0.1922
vn 0.8248 -0.5546 -0.1097
vn 0.8262 -0.5394 -0.1628
vn 0.4311 -0.8560 -0.2853
vn 0.8248 -0.5546 -0.1097
vn 0.9969 -0.0782 0.0021
vn 0.9969 -0.0785 0.0031
vn 0.8262 -0.5394 -0.1628
vn 0.9969 -0.0782 0.0021
vn 0.9018 0.4172 0.1128
vn 0.9004 0.4015 0.1674
vn 0.9969 -0.0785 0.0031
vn 0.9018 0.4172 0.1128
vn 0.5679 0.8001 0.1932
vn 0.5656 0.7732 0.2868
vn 0.9004 0.4015 0.1674
vn 0.5679 0.8001 0.1932
vn 0.0850 0.9712 0.2225
vn 0.0823 0.9403 0.3303
vn 0.5656 0.7732 0.2868
vn 0.0823 0.9403 0.3303
vn -0.4227 0.8597 0.2868
vn -0.4260 0.8226 0.3767
vn 0.0785 0.8975 0.4339
vn -0.4227 0.8597 0.2868
vn -0.8170 0.5517 0.1674
vn -0.8189 0.5301 0.2199
vn -0.4260 0.8226 0.3767
vn -0.8170 0.5517 0.1674
vn -0.9954 0.0958 0.0031
vn -0.9954 0.0954 0.0040
vn -0.8189 0.5301 0.2199
vn -0.9954 0.0958 0.0031
vn -0.9073 -0.3877 -0.1628
vn -0.9054 -0.3667 -0.2139
vn -0.9954 0.0954 0.0040
vn -0.9073 -0.3877 -0.1628
vn -0.5732 -0.7682 -0.2853
vn -0.5699 -0.7313 -0.3747
vn -0.9054 -0.3667 -0.2139
vn -0.5732 -0.7682 -0.2853
vn -0.0823 -0.9403 -0.3303
vn -0.0785 -0.8975 -0.4339
vn -0.5699 -0.7313 -0.3747
vn -0.0823 -0.9403 -0.3303
vn 0.4311 -0.8560 -0.2853
vn 0.4343 -0.8191 -0.3747
vn -0.0785 -0.8975 -0.4339
vn 0.4311 -0.8560 -0.2853
vn 0.8262 -0.5394 -0.1628
vn 0.8280 -0.5183 -0.2139
vn 0.4343 -0.8191 -0.3747
vn 0.8262 -0.5394 -0.1628
vn 0.9969 -0.0785 0.0031
vn 0.9969 -0.0789 0.0040
vn 0.8280 -0.5183 -0.2139
vn 0.9969 -0.0785 0.0031
vn 0.9004 0.4015 0.1674
vn 0.8985 0.3798 0.2199
vn 0.9969 -0.0789 0.0040
vn 0.9004 0.4015 0.1674
vn 0.5656 0.7732 0.2868
vn 0.5623 0.7361 0.3767
vn 0.8985 0.3798 0.2199
vn 0.5656 0.7732 0.2868
vn 0.0823 0.9403 0.3303
vn 0.0785 0.8975 0.4339
vn 0.5623 0.7361 0.3767
vn 0.0785 0.8975 0.4339
vn -0.4260 0.8226 0.3767
vn -0.4301 0.7756 0.4620
vn 0.0738 0.8435 0.5320
vn -0.4260 0.8226 0.3767
vn -0.8189 0.5301 0.2199
vn -0.8213 0.5027 0.2697
vn -0.4301 0.7756 0.4620
vn -0.8189 0.5301 0.2199
vn -0.9954 0.0954 0.0040
vn -0.9955 0.0949 0.0049
vn -0.8213 0.5027 0.2697
vn -0.9954 0.0954 0.0040
vn -0.9054 -0.3667 -0.2139
vn -0.9031 -0.3400 -0.2623
vn -0.9955 0.0949 0.0049
vn -0.9054 -0.3667 -0.2139
vn -0.5699 -0.7313 -0.3747
vn -0.5659 -0.6846 -0.4595
vn -0.9031 -0.3400 -0.2623
vn -0.5699 -0.7313 -0.3747
vn -0.0785 -0.8975 -0.4339
vn -0.0738 -0.8435 -0.5320
vn -0.5659 -0.6846 -0.4595
vn -0.0785 -0.8975 -0.4339
vn 0.4343 -0.8191 -0.3747
vn 0.4384 -0.7724 -0.4595
vn -0.0738 -0.8435 -0.5320
vn 0.4343 -0.8191 -0.3747
vn 0.8280 -0.5183 -0.2139
vn 0.8303 -0.4917 -0.2623
vn 0.4384 -0.7724 -0.4595
vn 0.8280 -0.5183 -0.2139
vn 0.9969 -0.0789 0.0040
vn 0.9968 -0.0794 0.0049
vn 0.8303 -0.4917 -0.2623
vn 0.9969 -0.0789 0.0040
vn 0.8985 0.3798 0.2199
vn 0.8961 0.3524 0.2697
vn 0.9968 -0.0794 0.0049
vn 0.8985 0.3798 0.2199
vn 0.5623 0.7361 0.3767
vn 0.5582 0.6892 0.4620
vn 0.8961 0.3524 0.2697
vn 0.5623 0.7361 0.3767
vn 0.0785 0.8975 0.4339
vn 0.0738 0.8435 0.5320
vn 0.5582 0.6892 0.4620
vn 0.0738 0.8435 0.5320
vn -0.4301 0.7756 0.4620
vn -0.4350 0.7195 0.5414
vn 0.0681 0.7789 0.6235
vn -0.4301 0.7756 0.4620
vn -0.8213 0.5027 0.2697
vn -0.8242 0.4699 0.3160
vn -0.4350 0.7195 0.5414
vn -0.8213 0.5027 0.2697
vn -0.9955 0.0949 0.0049
vn -0.9955 0.0944 0.0058
vn -0.8242 0.4699 0.3160
vn -0.9955 0.0949 0.0049
vn -0.9031 -0.3400 -0.2623
vn -0.9003 -0.3082 -0.3074
vn -0.9955 0.0944 0.0058
vn -0.9031 -0.3400 -0.2623
vn -0.5659 -0.6846 -0.4595
vn -0.5610 -0.6288 -0.5385
vn -0.9003 -0.3082 -0.3074
vn -0.5659 -0.6846 -0.4595
vn -0.0738 -0.8435 -0.5320
vn -0.0681 -0.7789 -0.6235
vn -0.5610 -0.6288 -0.5385
vn -0.0738 -0.8435 -0.5320
vn 0.4384 -0.7724 -0.4595
vn 0.4433 -0.7166 -0.5385
vn -0.0681 -0.7789 -0.6235
vn 0.4384 -0.7724 -0.4595
vn 0.8303 -0.4917 -0.2623
vn 0.8331 -0.4598 -0.3074
vn 0.4433 -0.7166 -0.5385
vn 0.8303 -0.4917 -0.2623
vn 0.9968 -0.0794 0.0049
vn 0.9968 -0.0800 0.0058
vn 0.8331 -0.4598 -0.3074
vn 0.9968 -0.0794 0.0049
vn 0.8961 0.3524 0.2697
vn 0.8933 0.3196 0.3160
vn 0.9968 -0.0800 0.0058
vn 0.8961 0.3524 0.2697
vn 0.5582 0.6892 0.4620
vn 0.5533 0.6330 0.5414
vn 0.8933 0.3196 0.3160
vn 0.5582 0.6892 0.4620
vn 0.0738 0.8435 0.5320
vn 0.0681 0.7789 0.6235
vn 0.5533 0.6330 0.5414
vn 0.0681 0.7789 0.6235
vn -0.4350 0.7195 0.5414
vn -0.4406 0.6549 0.6140
vn 0.0616 0.7044 0.7071
vn -0.4350 0.7195 0.5414
vn -0.8242 0.4699 0.3160
vn -0.8275 0.4322 0.3584
vn -0.4406 0.6549 0.6140
vn -0.8242 0.4699 0.3160
vn -0.9955 0.0944 0.0058
vn -0.9956 0.0937 0.0065
vn -0.8275 0.4322 0.3584
vn -0.9955 0.0944 0.0058
vn -0.9003 -0.3082 -0.3074
vn -0.8971 -0.2715 -0.3486
vn -0.9956 0.0937 0.0065
vn -0.9003 -0.3082 -0.3074
vn -0.5610 -0.6288 -0.5385
vn -0.5554 -0.5645 -0.6107
vn -0.8971 -0.2715 -0.3486
vn -0.5610 -0.6288 -0.5385
vn -0.0681 -0.7789 -0.6235
vn -0.0616 -0.7044 -0.7071
vn -0.5554 -0.5645 -0.6107
vn -0.0681 -0.7789 -0.6235
vn 0.4433 -0.7166 -0.5385
vn 0.4489 -0.6523 -0.6107
vn -0.0616 -0.7044 -0.7071
vn 0.4433 -0.7166 -0.5385
vn 0.8331 -0.4598 -0.3074
vn 0.8363 -0.4231 -0.3486
vn 0.4489 -0.6523 -0.6107
vn 0.8331 -0.4598 -0.3074
vn 0.9968 -0.0800 0.0058
vn 0.9967 -0.0806 0.0065
vn 0.8363 -0.4231 -0.3486
vn 0.9968 -0.0800 0.0058
vn 0.8933 0.3196 0.3160
vn 0.8900 0.2819 0.3584
vn 0.9967 -0.0806 0.0065
vn 0.8933 0.3196 0.3160
vn 0.5533 0.6330 0.5414
vn 0.5477 0.5684 0.6140
vn 0.8900 0.2819 0.3584
vn 0.5533 0.6330 0.5414
vn 0.0681 0.7789 0.6235
vn 0.0616 0.7044 0.7071
vn 0.5477 0.5684 0.6140
vn 0.0616 0.7044 0.7071
vn -0.4406 0.6549 0.6140
vn -0.4470 0.5825 0.6789
vn 0.0543 0.6211 0.7818
vn -0.4406 0.6549 0.6140
vn -0.8275 0.4322 0.3584
vn -0.8312 0.3900 0.3963
vn -0.4470 0.5825 0.6789
vn -0.8275 0.4322 0.3584
vn -0.9956 0.0937 0.0065
vn -0.9956 0.0929 0.0072
vn -0.8312 0.3900 0.3963
vn -0.9956 0.0937 0.0065
vn -0.8971 -0.2715 -0.3486
vn -0.8935 -0.2304 -0.3854
vn -0.9956 0.0929 0.0072
vn -0.8971 -0.2715 -0.3486
vn -0.5554 -0.5645 -0.6107
vn -0.5491 -0.4925 -0.6753
vn -0.8935 -0.2304 -0.3854
vn -0.5554 -0.5645 -0.6107
vn -0.0616 -0.7044 -0.7071
vn -0.0543 -0.6211 -0.7818
vn -0.5491 -0.4925 -0.6753
vn -0.0616 -0.7044 -0.7071
vn 0.4489 -0.6523 -0.6107
vn 0.4552 -0.5804 -0.6753
vn -0.0543 -0.6211 -0.7818
vn 0.4489 -0.6523 -0.6107
vn 0.8363 -0.4231 -0.3486
vn 0.8399 -0.3820 -0.3854
vn 0.4552 -0.5804 -0.6753
vn 0.8363 -0.4231 -0.3486
vn 0.9967 -0.0806 0.0065
vn 0.9967 -0.0814 0.0072
vn 0.8399 -0.3820 -0.3854
vn 0.9967 -0.0806 0.0065
vn 0.8900 0.2819 0.3584
vn 0.8863 0.2397 0.3963
vn 0.9967 -0.0814 0.0072
vn 0.8900 0.2819 0.3584
vn 0.5477 0.5684 0.6140
vn 0.5413 0.4961 0.6789
vn 0.8863 0.2397 0.3963
vn 0.5477 0.5684 0.6140
vn 0.0616 0.7044 0.7071
vn 0.0543 0.6211 0.7818
vn 0.5413 0.4961 0.6789
vn 0.0543 0.6211 0.7818
vn -0.4470 0.5825 0.6789
vn -0.4539 0.5034 0.7352
vn 0.0464 0.5300 0.8467
vn -0.4470 0.5825 0.6789
vn -0.8312 0.3900 0.3963
vn -0.8352 0.3438 0.4292
vn -0.4539 0.5034 0.7352
vn -0.8312 0.3900 0.3963
vn -0.9956 0.0929 0.0072
vn -0.9957 0.0921 0.0078
vn -0.8352 0.3438 0.4292
vn -0.9956 0.0929 0.0072
vn -0.8935 -0.2304 -0.3854
vn -0.8896 -0.1855 -0.4174
vn -0.9957 0.0921 0.0078
vn -0.8935 -0.2304 -0.3854
vn -0.5491 -0.4925 -0.6753
vn -0.5422 -0.4138 -0.7313
vn -0.8896 -0.1855 -0.4174
vn -0.5491 -0.4925 -0.6753
vn -0.0543 -0.6211 -0.7818
vn -0.0464 -0.5300 -0.8467
vn -0.5422 -0.4138 -0.7313
vn -0.0543 -0.6211 -0.7818
vn 0.4552 -0.5804 -0.6753
vn 0.4621 -0.5017 -0.7313
vn -0.0464 -0.5300 -0.8467
vn 0.4552 -0.5804 -0.6753
vn 0.8399 -0.3820 -0.3854
vn 0.8439 -0.3371 -0.4174
vn 0.4621 -0.5017 -0.7313
vn 0.8399 -0.3820 -0.3854
vn 0.9967 -0.0814 0.0072
vn 0.9966 -0.0823 0.0078
vn 0.8439 -0.3371 -0.4174
vn 0.9967 -0.0814 0.0072
vn 0.8863 0.2397 0.3963
vn 0.8822 0.1935 0.4292
vn 0.9966 -0.0823 0.0078
vn 0.8863 0.2397 0.3963
vn 0.5413 0.4961 0.6789
vn 0.5344 0.4170 0.7352
vn 0.8822 0.1935 0.4292
vn 0.5413 0.4961 0.6789
vn 0.0543 0.6211 0.7818
vn 0.0464 0.5300 0.8467
vn 0.5344 0.4170 0.7352
vn 0.0464 0.5300 0.8467
vn -0.4539 0.5034 0.7352
vn -0.4613 0.4185 0.7823
vn 0.0378 0.4322 0.9010
vn -0.4539 0.5034 0.7352
vn -0.8352 0.3438 0.4292
vn -0.8396 0.2942 0.4567
vn -0.4613 0.4185 0.7823
vn -0.8352 0.3438 0.4292
vn -0.9957 0.0921 0.0078
vn -0.9958 0.0911 0.0083
vn -0.8396 0.2942 0.4567
vn -0.9957 0.0921 0.0078
vn -0.8896 -0.1855 -0.4174
vn -0.8854 -0.1373 -0.4442
vn -0.9958 0.0911 0.0083
vn -0.8896 -0.1855 -0.4174
vn -0.5422 -0.4138 -0.7313
vn -0.5348 -0.3294 -0.7781
vn -0.8854 -0.1373 -0.4442
vn -0.5422 -0.4138 -0.7313
vn -0.0464 -0.5300 -0.8467
vn -0.0378 -0.4322 -0.9010
vn -0.5348 -0.3294 -0.7781
vn -0.0464 -0.5300 -0.8467
vn 0.4621 -0.5017 -0.7313
vn 0.4695 -0.4172 -0.7781
vn -0.0378 -0.4322 -0.9010
vn 0.4621 -0.5017 -0.7313
vn 0.8439 -0.3371 -0.4174
vn 0.8481 -0.2889 -0.4442
vn 0.4695 -0.4172 -0.7781
vn 0.8439 -0.3371 -0.4174
vn 0.9966 -0.0823 0.0078
vn 0.9965 -0.0832 0.0083
vn 0.8481 -0.2889 -0.4442
vn 0.9966 -0.0823 0.0078
vn 0.8822 0.1935 0.4292
vn 0.8779 0.1440 0.4567
vn 0.9965 -0.0832 0.0083
vn 0.8822 0.1935 0.4292
vn 0.5344 0.4170 0.7352
vn 0.5270 0.3321 0.7823
vn 0.8779 0.1440 0.4567
vn 0.5344 0.4170 0.7352
vn 0.0464 0.5300 0.8467
vn 0.0378 0.4322 0.9010
vn 0.5270 0.3321 0.7823
vn 0.0378 0.4322 0.9010
vn -0.4613 0.4185 0.7823
vn -0.4692 0.3289 0.8196
vn 0.0288 0.3290 0.9439
vn -0.4613 0.4185 0.7823
vn -0.8396 0.2942 0.4567
vn -0.8442 0.2419 0.4784
vn -0.4692 0.3289 0.8196
vn -0.8396 0.2942 0.4567
vn -0.9958 0.0911 0.0083
vn -0.9959 0.0902 0.0087
vn -0.8442 0.2419 0.4784
vn -0.9958 0.0911 0.0083
vn -0.8854 -0.1373 -0.4442
vn -0.8809 -0.0864 -0.4653
vn -0.9959 0.0902 0.0087
vn -0.8854 -0.1373 -0.4442
vn -0.5348 -0.3294 -0.7781
vn -0.5270 -0.2402 -0.8152
vn -0.8809 -0.0864 -0.4653
vn -0.5348 -0.3294 -0.7781
vn -0.0378 -0.4322 -0.9010
vn -0.0288 -0.3290 -0.9439
vn -0.5270 -0.2402 -0.8152
vn -0.0378 -0.4322 -0.9010
vn 0.4695 -0.4172 -0.7781
vn 0.4773 -0.3281 -0.8152
vn -0.0288 -0.3290 -0.9439
vn 0.4695 -0.4172 -0.7781
vn 0.8481 -0.2889 -0.4442
vn 0.8525 -0.2380 -0.4653
vn 0.4773 -0.3281 -0.8152
vn 0.8481 -0.2889 -0.4442
vn 0.9965 -0.0832 0.0083
vn 0.9964 -0.0841 0.0087
vn 0.8525 -0.2380 -0.4653
vn 0.9965 -0.0832 0.0083
vn 0.8779 0.1440 0.4567
vn 0.8733 0.0916 0.4784
vn 0.9964 -0.0841 0.0087
vn 0.8779 0.1440 0.4567
vn 0.5270 0.3321 0.7823
vn 0.5191 0.2425 0.8196
vn 0.8733 0.0916 0.4784
vn 0.5270 0.3321 0.7823
vn 0.0378 0.4322 0.9010
vn 0.0288 0.3290 0.9439
vn 0.5191 0.2425 0.8196
vn 0.0288 0.3290 0.9439
vn -0.4692 0.3289 0.8196
vn -0.4773 0.2357 0.8465
vn 0.0194 0.2217 0.9749
vn -0.4692 0.3289 0.8196
vn -0.8442 0.2419 0.4784
vn -0.8489 0.1875 0.4942
vn -0.4773 0.2357 0.8465
vn -0.8442 0.2419 0.4784
vn -0.9959 0.0902 0.0087
vn -0.9960 0.0892 0.0090
vn -0.8489 0.1875 0.4942
vn -0.9959 0.0902 0.0087
vn -0.8809 -0.0864 -0.4653
vn -0.8763 -0.0335 -0.4806
vn -0.9960 0.0892 0.0090
vn -0.8809 -0.0864 -0.4653
vn -0.5270 -0.2402 -0.8152
vn -0.5189 -0.1475 -0.8420
vn -0.8763 -0.0335 -0.4806
vn -0.5270 -0.2402 -0.8152
vn -0.0288 -0.3290 -0.9439
vn -0.0194 -0.2217 -0.9749
vn -0.5189 -0.1475 -0.8420
vn -0.0288 -0.3290 -0.9439
vn 0.4773 -0.3281 -0.8152
vn 0.4854 -0.2354 -0.8420
vn -0.0194 -0.2217 -0.9749
vn 0.4773 -0.3281 -0.8152
vn 0.8525 -0.2380 -0.4653
vn 0.8572 -0.1851 -0.4806
vn 0.4854 -0.2354 -0.8420
vn 0.8525 -0.2380 -0.4653
vn 0.9964 -0.0841 0.0087
vn 0.9963 -0.0851 0.0090
vn 0.8572 -0.1851 -0.4806
vn 0.9964 -0.0841 0.0087
vn 0.8733 0.0916 0.4784
vn 0.8686 0.0372 0.4942
vn 0.9963 -0.0851 0.0090
vn 0.8733 0.0916 0.4784
vn 0.5191 0.2425 0.8196
vn 0.5110 0.1492 0.8465
vn 0.8686 0.0372 0.4942
vn 0.5191 0.2425 0.8196
vn 0.0288 0.3290 0.9439
vn 0.0194 0.2217 0.9749
vn 0.5110 0.1492 0.8465
vn 0.0194 0.2217 0.9749
vn -0.4773 0.2357 0.8465
vn -0.4857 0.1401 0.8628
vn 0.0098 0.1115 0.9937
vn -0.4773 0.2357 0.8465
vn -0.8489 0.1875 0.4942
vn -0.8538 0.1317 0.5037
vn -0.4857 0.1401 0.8628
vn -0.8489 0.1875 0.4942
vn -0.9960 0.0892 0.0090
vn -0.9961 0.0882 0.0092
vn -0.8538 0.1317 0.5037
vn -0.9960 0.0892 0.0090
vn -0.8763 -0.0335 -0.4806
vn -0.8715 0.0208 -0.4899
vn -0.9961 0.0882 0.0092
vn -0.8763 -0.0335 -0.4806
vn -0.5189 -0.1475 -0.8420
vn -0.5106 -0.0524 -0.8582
vn -0.8715 0.0208 -0.4899
vn -0.5189 -0.1475 -0.8420
vn -0.0194 -0.2217 -0.9749
vn -0.0098 -0.1115 -0.9937
vn -0.5106 -0.0524 -0.8582
vn -0.0194 -0.2217 -0.9749
vn 0.4854 -0.2354 -0.8420
vn 0.4937 -0.1403 -0.8582
vn -0.0098 -0.1115 -0.9937
vn 0.4854 -0.2354 -0.8420
vn 0.8572 -0.1851 -0.4806
vn 0.8619 -0.1308 -0.4899
vn 0.4937 -0.1403 -0.8582
vn 0.8572 -0.1851 -0.4806
vn 0.9963 -0.0851 0.0090
vn 0.9962 -0.0861 0.0092
vn 0.8619 -0.1308 -0.4899
vn 0.9963 -0.0851 0.0090
vn 0.8686 0.0372 0.4942
vn 0.8637 -0.0186 0.5037
vn 0.9962 -0.0861 0.0092
vn 0.8686 0.0372 0.4942
vn 0.5110 0.1492 0.8465
vn 0.5026 0.0536 0.8628
vn 0.8637 -0.0186 0.5037
vn 0.5110 0.1492 0.8465
vn 0.0194 0.2217 0.9749
vn 0.0098 0.1115 0.9937
vn 0.5026 0.0536 0.8628
vn 0.0098 0.1115 0.9937
vn -0.4857 0.1401 0.8628
vn -0.4939 0.0675 0.8669
vn 0.0024 0.0278 0.9996
vn -0.4857 0.1401 0.8628
vn -0.8538 0.1317 0.5037
vn -0.8594 0.0893 0.5034
vn -0.4939 0.0675 0.8669
vn -0.8538 0.1317 0.5037
vn -0.9961 0.0882 0.0092
vn -0.9962 0.0873 0.0046
vn -0.8594 0.0893 0.5034
vn -0.9961 0.0882 0.0092
vn -0.8715 0.0208 -0.4899
vn -0.8659 0.0618 -0.4964
vn -0.9962 0.0873 0.0046
vn -0.8715 0.0208 -0.4899
vn -0.5106 -0.0524 -0.8582
vn -0.5021 0.0195 -0.8646
vn -0.8659 0.0618 -0.4964
vn -0.5106 -0.0524 -0.8582
vn -0.0098 -0.1115 -0.9937
vn -0.0025 -0.0281 -0.9996
vn -0.5021 0.0195 -0.8646
vn -0.0098 -0.1115 -0.9937
vn 0.4937 -0.1403 -0.8582
vn 0.4979 -0.0680 -0.8646
vn -0.0025 -0.0281 -0.9996
vn 0.4937 -0.1403 -0.8582
vn 0.8619 -0.1308 -0.4899
vn 0.8634 -0.0896 -0.4964
vn 0.4979 -0.0680 -0.8646
vn 0.8619 -0.1308 -0.4899
vn 0.9962 -0.0861 0.0092
vn 0.9962 -0.0870 0.0046
vn 0.8634 -0.0896 -0.4964
vn 0.9962 -0.0861 0.0092
vn 0.8637 -0.0186 0.5037
vn 0.8619 -0.0612 0.5034
vn 0.9962 -0.0870 0.0046
vn 0.8637 -0.0186 0.5037
vn 0.5026 0.0536 0.8628
vn 0.4981 -0.0192 0.8669
vn 0.8619 -0.0612 0.5034
vn 0.5026 0.0536 0.8628
vn 0.0098 0.1115 0.9937
vn 0.0024 0.0278 0.9996
vn 0.4981 -0.0192 0.8669
vn 0.0024 0.0278 -0.9996
vn -0.4939 0.0675 -0.8669
vn -0.4857 0.1401 -0.8628
vn 0.0098 0.1115 -0.9937
vn -0.4939 0.0675 -0.8669
vn -0.8594 0.0894 -0.5034
vn -0.8538 0.1317 -0.5037
vn -0.4857 0.1401 -0.8628
vn -0.8594 0.0894 -0.5034
vn -0.9962 0.0873 -0.0046
vn -0.9961 0.0882 -0.0092
vn -0.8538 0.1317 -0.5037
vn -0.9962 0.0873 -0.0046
vn -0.8659 0.0617 0.4964
vn -0.8715 0.0208 0.4899
vn -0.9961 0.0882 -0.0092
vn -0.8659 0.0617 0.4964
vn -0.5021 0.0195 0.8646
vn -0.5106 -0.0524 0.8582
vn -0.8715 0.0208 0.4899
vn -0.5021 0.0195 0.8646
vn -0.0025 -0.0281 0.9996
vn -0.0098 -0.1115 0.9937
vn -0.5106 -0.0524 0.8582
vn -0.0025 -0.0281 0.9996
vn 0.4979 -0.0680 0.8646
vn 0.4937 -0.1403 0.8582
vn -0.0098 -0.1115 0.9937
vn 0.4979 -0.0680 0.8646
vn 0.8634 -0.0895 0.4964
vn 0.8619 -0.1308 0.4899
vn 0.4937 -0.1403 0.8582
vn 0.8634 -0.0895 0.4964
vn 0.9962 -0.0870 -0.0046
vn 0.9962 -0.0861 -0.0092
vn 0.8619 -0.1308 0.4899
vn 0.9962 -0.0870 -0.0046
vn 0.8619 -0.0613 -0.5034
vn 0.8637 -0.0186 -0.5037
vn 0.9962 -0.0861 -0.0092
vn 0.8619 -0.0613 -0.5034
vn 0.4981 -0.0193 -0.8669
vn 0.5026 0.0536 -0.8628
vn 0.8637 -0.0186 -0.5037
vn 0.4981 -0.0193 -0.8669
vn 0.0024 0.0278 -0.9996
vn 0.0098 0.1115 -0.9937
vn 0.5026 0.0536 -0.8628
vn 0.0098 0.1115 -0.9937
vn -0.4857 0.1401 -0.8628
vn -0.4773 0.2357 -0.8465
vn 0.0194 0.2217 -0.9749
vn -0.4857 0.1401 -0.8628
vn -0.8538 0.1317 -0.5037
vn -0.8489 0.1875 -0.4942
vn -0.4773 0.2357 -0.8465
vn -0.8538 0.1317 -0.5037
vn -0.9961 0.0882 -0.0092
vn -0.9960 0.0892 -0.0090
vn -0.8489 0.1875 -0.4942
vn -0.9961 0.0882 -0.0092
vn -0.8715 0.0208 0.4899
vn -0.8763 -0.0335 0.4806
vn -0.9960 0.0892 -0.0090
vn -0.8715 0.0208 0.4899
vn -0.5106 -0.0524 0.8582
vn -0.5189 -0.1475 0.8420
vn -0.8763 -0.0335 0.4806
vn -0.5106 -0.0524 0.8582
vn -0.0098 -0.1115 0.9937
vn -0.0194 -0.2217 0.9749
vn -0.5189 -0.1475 0.8420
vn -0.0098 -0.1115 0.9937
vn 0.4937 -0.1403 0.8582
vn 0.4854 -0.2354 0.8420
vn -0.0194 -0.2217 0.9749
vn 0.4937 -0.1403 0.8582
vn 0.8619 -0.1308 0.4899
vn 0.8572 -0.1851 0.4806
vn 0.4854 -0.2354 0.8420
vn 0.8619 -0.1308 0.4899
vn 0.9962 -0.0861 -0.0092
vn 0.9963 -0.0851 -0.0090
vn 0.8572 -0.1851 0.4806
vn 0.9962 -0.0861 -0.0092
vn 0.8637 -0.0186 -0.5037
vn 0.8686 0.0372 -0.4942
vn 0.9963 -0.0851 -0.0090
vn 0.8637 -0.0186 -0.5037
vn 0.5026 0.0536 -0.8628
vn 0.5110 0.1492 -0.8465
vn 0.8686 0.0372 -0.4942
vn 0.5026 0.0536 -0.8628
vn 0.0098 0.1115 -0.9937
vn 0.0194 0.2217 -0.9749
vn 0.5110 0.1492 -0.8465
vn 0.0194 0.2217 -0.9749
vn -0.4773 0.2357 -0.8465
vn -0.4692 0.3289 -0.8196
vn 0.0288 0.3290 -0.9439
vn -0.4773 0.2357 -0.8465
vn -0.8489 0.1875 -0.4942
vn -0.8442 0.2419 -0.4784
vn -0.4692 0.3289 -0.8196
vn -0.8489 0.1875 -0.4942
vn -0.9960 0.0892 -0.0090
vn -0.9959 0.0902 -0.0087
vn -0.8442 0.2419 -0.4784
vn -0.9960 0.0892 -0.0090
vn -0.8763 -0.0335 0.4806
vn -0.8809 -0.0864 0.4653
vn -0.9959 0.0902 -0.0087
vn -0.8763 -0.0335 0.4806
vn -0.5189 -0.1475 0.8420
vn -0.5270 -0.2402 0.8152
vn -0.8809 -0.0864 0.4653
vn -0.5189 -0.1475 0.8420
vn -0.0194 -0.2217 0.9749
vn -0.0288 -0.3290 0.9439
vn -0.5270 -0.2402 0.8152
vn -0.0194 -0.2217 0.9749
vn 0.4854 -0.2354 0.8420
vn 0.4773 -0.3281 0.8152
vn -0.0288 -0.3290 0.9439
vn 0.4854 -0.2354 0.8420
vn 0.8572 -0.1851 0.4806
vn 0.8525 -0.2380 0.4653
vn 0.4773 -0.3281 0.8152
vn 0.8572 -0.1851 0.4806
vn 0.9963 -0.0851 -0.0090
vn 0.9964 -0.0841 -0.0087
vn 0.8525 -0.2380 0.4653
vn 0.9963 -0.0851 -0.0090
vn 0.8686 0.0372 -0.4942
vn 0.8733 0.0916 -0.4784
vn 0.9964 -0.0841 -0.0087
vn 0.8686 0.0372 -0.4942
vn 0.5110 0.1492 -0.8465
vn 0.5191 0.2425 -0.8196
vn 0.8733 0.0916 -0.4784
vn 0.5110 0.1492 -0.8465
vn 0.0194 0.2217 -0.9749
vn 0.0288 0.3290 -0.9439
vn 0.5191 0.2425 -0.8196
vn 0.0288 0.3290 -0.9439
vn -0.4692 0.3289 -0.8196
vn -0.4613 0.4185 -0.7823
vn 0.0378 0.4322 -0.9010
vn -0.4692 0.3289 -0.8196
vn -0.8442 0.2419 -0.4784
vn -0.8396 0.2942 -0.4567
vn -0.4613 0.4185 -0.7823
vn -0.8442 0.2419 -0.4784
vn -0.9959 0.0902 -0.0087
vn -0.9958 0.0911 -0.0083
vn -0.8396 0.2942 -0.4567
vn -0.9959 0.0902 -0.0087
vn -0.8809 -0.0864 0.4653
vn -0.8854 -0.1373 0.4442
vn -0.9958 0.0911 -0.0083
vn -0.8809 -0.0864 0.4653
vn -0.5270 -0.2402 0.8152
vn -0.5348 -0.3294 0.7781
vn -0.8854 -0.1373 0.4442
vn -0.5270 -0.2402 0.8152
vn -0.0288 -0.3290 0.9439
vn -0.0378 -0.4322 0.9010
vn -0.5348 -0.3294 0.7781
vn -0.0288 -0.3290 0.9439
vn 0.4773 -0.3281 0.8152
vn 0.4695 -0.4172 0.7781
vn -0.0378 -0.4322 0.9010
vn 0.4773 -0.3281 0.8152
vn 0.8525 -0.2380 0.4653
vn 0.8481 -0.2889 0.4442
vn 0.4695 -0.4172 0.7781
vn 0.8525 -0.2380 0.4653
vn 0.9964 -0.0841 -0.0087
vn 0.9965 -0.0832 -0.0083
vn 0.8481 -0.2889 0.4442
vn 0.9964 -0.0841 -0.0087
vn 0.8733 0.0916 -0.4784
vn 0.8779 0.1440 -0.4567
vn 0.9965 -0.0832 -0.0083
vn 0.8733 0.0916 -0.4784
vn 0.5191 0.2425 -0.8196
vn 0.5270 0.3321 -0.7823
vn 0.8779 0.1440 -0.4567
vn 0.5191 0.2425 -0.8196
vn 0.0288 0.3290 -0.9439
vn 0.0378 0.4322 -0.9010
vn 0.5270 0.3321 -0.7823
vn 0.0378 0.4322 -0.9010
vn -0.4613 0.4185 -0.7823
vn -0.4539 0.5034 -0.7352
vn 0.0464 0.5300 -0.8467
vn -0.4613 0.4185 -0.7823
vn -0.8396 0.2942 -0.4567
vn -0.8352 0.3438 -0.4292
vn -0.4539 0.5034 -0.7352
vn -0.8396 0.2942 -0.4567
vn -0.9958 0.0911 -0.0083
vn -0.9957 0.0921 -0.0078
vn -0.8352 0.3438 -0.4292
vn -0.9958 0.0911 -0.0083
vn -0.8854 -0.1373 0.4442
vn -0.8896 -0.1855 0.4174
vn -0.9957 0.0921 -0.0078
vn -0.8854 -0.1373 0.4442
vn -0.5348 -0.3294 0.7781
vn -0.5422 -0.4138 0.7313
vn -0.8896 -0.1855 0.4174
vn -0.5348 -0.3294 0.7781
vn -0.0378 -0.4322 0.9010
vn -0.0464 -0.5300 0.8467
vn -0.5422 -0.4138 0.7313
vn -0.0378 -0.4322 0.9010
vn 0.4695 -0.4172 0.7781
vn 0.4621 -0.5017 0.7313
vn -0.0464 -0.5300 0.8467
vn 0.4695 -0.4172 0.7781
vn 0.8481 -0.2889 0.4442
vn 0.8439 -0.3371 0.4174
vn 0.4621 -0.5017 0.7313
vn 0.8481 -0.2889 0.4442
vn 0.9965 -0.0832 -0.0083
vn 0.9966 -0.0823 -0.0078
vn 0.8439 -0.3371 0.4174
vn 0.9965 -0.0832 -0.0083
vn 0.8779 0.1440 -0.4567
vn 0.8822 0.1935 -0.4292
vn 0.9966 -0.0823 -0.0078
vn 0.8779 0.1440 -0.4567
vn 0.5270 0.3321 -0.7823
vn 0.5344 0.4170 -0.7352
vn 0.8822 0.1935 -0.4292
vn 0.5270 0.3321 -0.7823
vn 0.0378 0.4322 -0.9010
vn 0.0464 0.5300 -0.8467
vn 0.5344 0.4170 -0.7352
vn 0.0464 0.5300 -0.8467
vn -0.4539 0.5034 -0.7352
vn -0.4470 0.5825 -0.6789
vn 0.0543 0.6211 -0.7818
vn -0.4539 0.5034 -0.7352
vn -0.8352 0.3438 -0.4292
vn -0.8312 0.3900 -0.3963
vn -0.4470 0.5825 -0.6789
vn -0.8352 0.3438 -0.4292
vn -0.9957 0.0921 -0.0078
vn -0.9956 0.0929 -0.0072
vn -0.8312 0.3900 -0.3963
vn -0.9957 0.0921 -0.0078
vn -0.8896 -0.1855 0.4174
vn -0.8935 -0.2304 0.3854
vn -0.9956 0.0929 -0.0072
vn -0.8896 -0.1855 0.4174
vn -0.5422 -0.4138 0.7313
vn -0.5491 -0.4925 0.6753
vn -0.8935 -0.2304 0.3854
vn -0.5422 -0.4138 0.7313
vn -0.0464 -0.5300 0.8467
vn -0.0543 -0.6211 0.7818
vn -0.5491 -0.4925 0.6753
vn -0.0464 -0.5300 0.8467
vn 0.4621 -0.5017 0.7313
vn 0.4552 -0.5804 0.6753
vn -0.0543 -0.6211 0.7818
vn 0.4621 -0.5017 0.7313
vn 0.8439 -0.3371 0.4174
vn 0.8399 -0.3820 0.3854
vn 0.4552 -0.5804 0.6753
vn 0.8439 -0.3371 0.4174
vn 0.9966 -0.0823 -0.0078
vn 0.9967 -0.0814 -0.0072
vn 0.8399 -0.3820 0.3854
vn 0.9966 -0.0823 -0.0078
vn 0.8822 0.1935 -0.4292
vn 0.8863 0.2397 -0.3963
vn 0.9967 -0.0814 -0.0072
vn 0.8822 0.1935 -0.4292
vn 0.5344 0.4170 -0.7352
vn 0.5413 0.4961 -0.6789
vn 0.8863 0.2397 -0.3963
vn 0.5344 0.4170 -0.7352
vn 0.0464 0.5300 -0.8467
vn 0.0543 0.6211 -0.7818
vn 0.5413 0.4961 -0.6789
vn 0.0543 0.6211 -0.7818
vn -0.4470 0.5825 -0.6789
vn -0.4406 0.6549 -0.6140
vn 0.0616 0.7044 -0.7071
vn -0.4470 0.5825 -0.6789
vn -0.8312 0.3900 -0.3963
vn -0.8275 0.4322 -0.3584
vn -0.4406 0.6549 -0.6140
vn -0.8312 0.3900 -0.3963
vn -0.9956 0.0929 -0.0072
vn -0.9956 0.0937 -0.0065
vn -0.8275 0.4322 -0.3584
vn -0.9956 0.0929 -0.0072
vn -0.8935 -0.2304 0.3854
vn -0.8971 -0.2715 0.3486
vn -0.9956 0.0937 -0.0065
vn -0.8935 -0.2304 0.3854
vn -0.5491 -0.4925 0.6753
vn -0.5554 -0.5645 0.6107
vn -0.8971 -0.2715 0.3486
vn -0.5491 -0.4925 0.6753
vn -0.0543 -0.6211 0.7818
vn -0.0616 -0.7044 0.7071
vn -0.5554 -0.5645 0.6107
vn -0.0543 -0.6211 0.7818
vn 0.4552 -0.5804 0.6753
vn 0.4489 -0.6523 0.6107
vn -0.0616 -0.7044 0.7071
vn 0.4552 -0.5804 0.6753
vn 0.8399 -0.3820 0.3854
vn 0.8363 -0.4231 0.3486
vn 0.4489 -0.6523 0.6107
vn 0.8399 -0.3820 0.3854
vn 0.9967 -0.0814 -0.0072
vn 0.9967 -0.0806 -0.0065
vn 0.8363 -0.4231 0.3486
vn 0.9967 -0.0814 -0.0072
vn 0.8863 0.2397 -0.3963
vn 0.8900 0.2819 -0.3584
vn 0.9967 -0.0806 -0.0065
vn 0.8863 0.2397 -0.3963
vn 0.5413 0.4961 -0.6789
vn 0.5477 0.5684 -0.6140
vn 0.8900 0.2819 -0.3584
vn 0.5413 0.4961 -0.6789
vn 0.0543 0.6211 -0.7818
vn 0.0616 0.7044 -0.7071
vn 0.5477 0.5684 -0.6140
vn 0.0616 0.7044 -0.7071
vn -0.4406 0.6549 -0.6140
vn -0.4350 0.7195 -0.5414
vn 0.0681 0.7789 -0.6235
vn -0.4406 0.6549 -0.6140
vn -0.8275 0.4322 -0.3584
vn -0.8242 0.4699 -0.3160
vn -0.4350 0.7195 -0.5414
vn -0.8275 0.4322 -0.3584
vn -0.9956 0.0937 -0.0065
vn -0.9955 0.0944 -0.0058
vn -0.8242 0.4699 -0.3160
vn -0.9956 0.0937 -0.0065
vn -0.8971 -0.2715 0.3486
vn -0.9003 -0.3082 0.3074
vn -0.9955 0.0944 -0.0058
vn -0.8971 -0.2715 0.3486
vn -0.5554 -0.5645 0.6107
vn -0.5610 -0.6288 0.5385
vn -0.9003 -0.3082 0.3074
vn -0.5554 -0.5645 0.6107
vn -0.0616 -0.7044 0.7071
vn -0.0681 -0.7789 0.6235
vn -0.5610 -0.6288 0.5385
vn -0.0616 -0.7044 0.7071
vn 0.4489 -0.6523 0.6107
vn 0.4433 -0.7166 0.5385
vn -0.0681 -0.7789 0.6235
vn 0.4489 -0.6523 0.6107
vn 0.8363 -0.4231 0.3486
vn 0.8331 -0.4598 0.3074
vn 0.4433 -0.7166 0.5385
vn 0.8363 -0.4231 0.3486
vn 0.9967 -0.0806 -0.0065
vn 0.9968 -0.0800 -0.0058
vn 0.8331 -0.4598 0.3074
vn 0.9967 -0.0806 -0.0065
vn 0.8900 0.2819 -0.3584
vn 0.8933 0.3196 -0.3160
vn 0.9968 -0.0800 -0.0058
vn 0.8900 0.2819 -0.3584
vn 0.5477 0.5684 -0.6140
vn 0.5533 0.6330 -0.5414
vn 0.8933 0.3196 -0.3160
vn 0.5477 0.5684 -0.6140
vn 0.0616 0.7044 -0.7071
vn 0.0681 0.7789 -0.6235
vn 0.5533 0.6330 -0.5414
vn 0.0681 0.7789 -0.6235
vn -0.4350 0.7195 -0.5414
vn -0.4301 0.7756 -0.4620
vn 0.0738 0.8435 -0.5320
vn -0.4350 0.7195 -0.5414
vn -0.8242 0.4699 -0.3160
vn -0.8213 0.5027 -0.2697
vn -0.4301 0.7756 -0.4620
vn -0.8242 0.4699 -0.3160
vn -0.9955 0.0944 -0.0058
vn -0.9955 0.0949 -0.0049
vn -0.8213 0.5027 -0.2697
vn -0.9955 0.0944 -0.0058
vn -0.9003 -0.3082 0.3074
vn -0.9031 -0.3400 0.2623
vn -0.9955 0.0949 -0.0049
vn -0.9003 -0.3082 0.3074
vn -0.5610 -0.6288 0.5385
vn -0.5659 -0.6846 0.4595
vn -0.9031 -0.3400 0.2623
vn -0.5610 -0.6288 0.5385
vn -0.0681 -0.7789 0.6235
vn -0.0738 -0.8435 0.5320
vn -0.5659 -0.6846 0.4595
vn -0.0681 -0.7789 0.6235
vn 0.4433 -0.7166 0.5385
vn 0.4384 -0.7724 0.4595
vn -0.0738 -0.8435 0.5320
vn 0.4433 -0.7166 0.5385
vn 0.8331 -0.4598 0.3074
vn 0.8303 -0.4917 0.2623
vn 0.4384 -0.7724 0.4595
vn 0.8331 -0.4598 0.3074
vn 0.9968 -0.0800 -0.0058
vn 0.9968 -0.0794 -0.0049
vn 0.8303 -0.4917 0.2623
vn 0.9968 -0.0800 -0.0058
vn 0.8933 0.3196 -0.3160
vn 0.8961 0.3524 -0.2697
vn 0.9968 -0.0794 -0.0049
vn 0.8933 0.3196 -0.3160
vn 0.5533 0.6330 -0.5414
vn 0.5582 0.6892 -0.4620
vn 0.8961 0.3524 -0.2697
vn 0.5533 0.6330 -0.5414
vn 0.0681 0.7789 -0.6235
vn 0.0738 0.8435 -0.5320
vn 0.5582 0.6892 -0.4620
vn 0.0738 0.8435 -0.5320
vn -0.4301 0.7756 -0.4620
vn -0.4260 0.8226 -0.3767
vn 0.0785 0.8975 -0.4339
vn -0.4301 0.7756 -0.4620
vn -0.8213 0.5027 -0.2697
vn -0.8189 0.5301 -0.2199
vn -0.4260 0.8226 -0.3767
vn -0.8213 0.5027 -0.2697
vn -0.9955 0.0949 -0.0049
vn -0.9954 0.0954 -0.0040
vn -0.8189 0.5301 -0.2199
vn -0.9955 0.0949 -0.0049
vn -0.9031 -0.3400 0.2623
vn -0.9054 -0.3667 0.2139
vn -0.9954 0.0954 -0.0040
vn -0.9031 -0.3400 0.2623
vn -0.5659 -0.6846 0.4595
vn -0.5699 -0.7313 0.3747
vn -0.9054 -0.3667 0.2139
vn -0.5659 -0.6846 0.4595
vn -0.0738 -0.8435 0.5320
vn -0.0785 -0.8975 0.4339
vn -0.5699 -0.7313 0.3747
vn -0.0738 -0.8435 0.5320
vn 0.4384 -0.7724 0.4595
vn 0.4343 -0.8191 0.3747
vn -0.0785 -0.8975 0.4339
vn 0.4384 -0.7724 0.4595
vn 0.8303 -0.4917 0.2623
vn 0.8280 -0.5183 0.2139
vn 0.4343 -0.8191 0.3747
vn 0.8303 -0.4917 0.2623
vn 0.9968 -0.0794 -0.0049
vn 0.9969 -0.0789 -0.0040
vn 0.8280 -0.5183 0.2139
vn 0.9968 -0.0794 -0.0049
vn 0.8961 0.3524 -0.2697
vn 0.8985 0.3798 -0.2199
vn 0.9969 -0.0789 -0.0040
vn 0.8961 0.3524 -0.2697
vn 0.5582 0.6892 -0.4620
vn 0.5623 0.7361 -0.3767
vn 0.8985 0.3798 -0.2199
vn 0.5582 0.6892 -0.4620
vn 0.0738 0.8435 -0.5320
vn 0.0785 0.8975 -0.4339
vn 0.5623 0.7361 -0.3767
vn 0.0785 0.8975 -0.4339
vn -0.4260 0.8226 -0.3767
vn -0.4227 0.8597 -0.2868
vn 0.0823 0.9403 -0.3303
vn -0.4260 0.8226 -0.3767
vn -0.8189 0.5301 -0.2199
vn -0.8170 0.5517 -0.1674
vn -0.4227 0.8597 -0.2868
vn -0.8189 0.5301 -0.2199
vn -0.9954 0.0954 -0.0040
vn -0.9954 0.0958 -0.0031
vn -0.8170 0.5517 -0.1674
vn -0.9954 0.0954 -0.0040
vn -0.9054 -0.3667 0.2139
vn -0.9073 -0.3877 0.1628
vn -0.9954 0.0958 -0.0031
vn -0.9054 -0.3667 0.2139
vn -0.5699 -0.7313 0.3747
vn -0.5732 -0.7682 0.2853
vn -0.9073 -0.3877 0.1628
vn -0.5699 -0.7313 0.3747
vn -0.0785 -0.8975 0.4339
vn -0.0823 -0.9403 0.3303
vn -0.5732 -0.7682 0.2853
vn -0.0785 -0.8975 0.4339
vn 0.4343 -0.8191 0.3747
vn 0.4311 -0.8560 0.2853
vn -0.0823 -0.9403 0.3303
vn 0.4343 -0.8191 0.3747
vn 0.8280 -0.5183 0.2139
vn 0.8262 -0.5394 0.1628
vn 0.4311 -0.8560 0.2853
vn 0.8280 -0.5183 0.2139
vn 0.9969 -0.0789 -0.0040
vn 0.9969 -0.0785 -0.0031
vn 0.8262 -0.5394 0.1628
vn 0.9969 -0.0789 -0.0040
vn 0.8985 0.3798 -0.2199
vn 0.9004 0.4015 -0.1674
vn 0.9969 -0.0785 -0.0031
vn 0.8985 0.3798 -0.2199
vn 0.5623 0.7361 -0.3767
vn 0.5656 0.7732 -0.2868
vn 0.9004 0.4015 -0.1674
vn 0.5623 0.7361 -0.3767
vn 0.0785 0.8975 -0.4339
vn 0.0823 0.9403 -0.3303
vn 0.5656 0.7732 -0.2868
vn 0.0823 0.9403 -0.3303
vn -0.4227 0.8597 -0.2868
vn -0.4204 0.8865 -0.1932
vn 0.0850 0.9712 -0.2225
vn -0.4227 0.8597 -0.2868
vn -0.8170 0.5517 -0.1674
vn -0.8157 0.5674 -0.1128
vn -0.4204 0.8865 -0.1932
vn -0.8170 0.5517 -0.1674
vn -0.9954 0.0958 -0.0031
vn -0.9954 0.0961 -0.0021
vn -0.8157 0.5674 -0.1128
vn -0.9954 0.0958 -0.0031
vn -0.9073 -0.3877 0.1628
vn -0.9086 -0.4030 0.1097
vn -0.9954 0.0961 -0.0021
vn -0.9073 -0.3877 0.1628
vn -0.5732 -0.7682 0.2853
vn -0.5755 -0.7949 0.1922
vn -0.9086 -0.4030 0.1097
vn -0.5732 -0.7682 0.2853
vn -0.0823 -0.9403 0.3303
vn -0.0850 -0.9712 0.2225
vn -0.5755 -0.7949 0.1922
vn -0.0823 -0.9403 0.3303
vn 0.4311 -0.8560 0.2853
vn 0.4287 -0.8827 0.1922
vn -0.0850 -0.9712 0.2225
vn 0.4311 -0.8560 0.2853
vn 0.8262 -0.5394 0.1628
vn 0.8248 -0.5546 0.1097
vn 0.4287 -0.8827 0.1922
vn 0.8262 -0.5394 0.1628
vn 0.9969 -0.0785 -0.0031
vn 0.9969 -0.0782 -0.0021
vn 0.8248 -0.5546 0.1097
vn 0.9969 -0.0785 -0.0031
vn 0.9004 0.4015 -0.1674
vn 0.9018 0.4172 -0.1128
vn 0.9969 -0.0782 -0.0021
vn 0.9004 0.4015 -0.1674
vn 0.5656 0.7732 -0.2868
vn 0.5679 0.8001 -0.1932
vn 0.9018 0.4172 -0.1128
vn 0.5656 0.7732 -0.2868
vn 0.0823 0.9403 -0.3303
vn 0.0850 0.9712 -0.2225
vn 0.5679 0.8001 -0.1932
vn 0.0850 0.9712 -0.2225
vn -0.4204 0.8865 -0.1932
vn -0.4189 0.9028 -0.0972
vn 0.0866 0.9899 -0.1120
vn -0.4204 0.8865 -0.1932
vn -0.8157 0.5674 -0.1128
vn -0.8148 0.5769 -0.0568
vn -0.4189 0.9028 -0.0972
vn -0.8157 0.5674 -0.1128
vn -0.9954 0.0961 -0.0021
vn -0.9954 0.0963 -0.0010
vn -0.8148 0.5769 -0.0568
vn -0.9954 0.0961 -0.0021
vn -0.9086 -0.4030 0.1097
vn -0.9094 -0.4122 0.0552
vn -0.9954 0.0963 -0.0010
vn -0.9086 -0.4030 0.1097
vn -0.5755 -0.7949 0.1922
vn -0.5769 -0.8111 0.0967
vn -0.9094 -0.4122 0.0552
vn -0.5755 -0.7949 0.1922
vn -0.0850 -0.9712 0.2225
vn -0.0866 -0.9899 0.1120
vn -0.5769 -0.8111 0.0967
vn -0.0850 -0.9712 0.2225
vn 0.4287 -0.8827 0.1922
vn 0.4273 -0.8989 0.0967
vn -0.0866 -0.9899 0.1120
vn 0.4287 -0.8827 0.1922
vn 0.8248 -0.5546 0.1097
vn 0.8240 -0.5639 0.0552
vn 0.4273 -0.8989 0.0967
vn 0.8248 -0.5546 0.1097
vn 0.9969 -0.0782 -0.0021
vn 0.9970 -0.0780 -0.0010
vn 0.8240 -0.5639 0.0552
vn 0.9969 -0.0782 -0.0021
vn 0.9018 0.4172 -0.1128
vn 0.9026 0.4266 -0.0568
vn 0.9970 -0.0780 -0.0010
vn 0.9018 0.4172 -0.1128
vn 0.5679 0.8001 -0.1932
vn 0.5694 0.8163 -0.0972
vn 0.9026 0.4266 -0.0568
vn 0.5679 0.8001 -0.1932
vn 0.0850 0.9712 -0.2225
vn 0.0866 0.9899 -0.1120
vn 0.5694 0.8163 -0.0972
vn 0.0866 0.9899 -0.1120
vn -0.4189 0.9028 -0.0972
vn -0.4185 0.9082 0.0000
vn 0.0872 0.9962 0.0000
vn -0.4189 0.9028 -0.0972
vn -0.8148 0.5769 -0.0568
vn -0.8146 0.5801 0.0000
vn -0.4185 0.9082 0.0000
vn -0.8148 0.5769 -0.0568
vn -0.9954 0.0963 -0.0010
vn -0.9953 0.0964 -0.0000
vn -0.8146 0.5801 0.0000
vn -0.9954 0.0963 -0.0010
vn -0.9094 -0.4122 0.0552
vn -0.9097 -0.4153 -0.0000
vn -0.9953 0.0964 -0.0000
vn -0.9094 -0.4122 0.0552
vn -0.5769 -0.8111 0.0967
vn -0.5774 -0.8165 -0.0000
vn -0.9097 -0.4153 -0.0000
vn -0.5769 -0.8111 0.0967
vn -0.0866 -0.9899 0.1120
vn -0.0872 -0.9962 -0.0000
vn -0.5774 -0.8165 -0.0000
vn -0.0866 -0.9899 0.1120
vn 0.4273 -0.8989 0.0967
vn 0.4269 -0.9043 -0.0000
vn -0.0872 -0.9962 -0.0000
vn 0.4273 -0.8989 0.0967
vn 0.8240 -0.5639 0.0552
vn 0.8237 -0.5670 -0.0000
vn 0.4269 -0.9043 -0.0000
vn 0.8240 -0.5639 0.0552
vn 0.9970 -0.0780 -0.0010
vn 0.9970 -0.0779 0.0000
vn 0.8237 -0.5670 -0.0000
vn 0.9970 -0.0780 -0.0010
vn 0.9026 0.4266 -0.0568
vn 0.9029 0.4298 0.0000
vn 0.9970 -0.0779 0.0000
vn 0.9026 0.4266 -0.0568
vn 0.5694 0.8163 -0.0972
vn 0.5698 0.8218 0.0000
vn 0.9029 0.4298 0.0000
vn 0.5694 0.8163 -0.0972
vn 0.0866 0.9899 -0.1120
vn 0.0872 0.9962 0.0000
vn 0.5698 0.8218 0.0000
vn -0.0872 0.9962 0.0000
vn -0.5698 0.8218 0.0000
vn -0.5694 0.8163 0.0972
vn -0.0866 0.9899 0.1120
vn -0.5698 0.8218 0.0000
vn -0.9029 0.4298 -0.0000
vn -0.9026 0.4266 0.0568
vn -0.5694 0.8163 0.0972
vn -0.9029 0.4298 -0.0000
vn -0.9970 -0.0779 -0.0000
vn -0.9970 -0.0780 0.0010
vn -0.9026 0.4266 0.0568
vn -0.9970 -0.0779 -0.0000
vn -0.8237 -0.5670 -0.0000
vn -0.8240 -0.5639 -0.0552
vn -0.9970 -0.0780 0.0010
vn -0.8237 -0.5670 -0.0000
vn -0.4269 -0.9043 -0.0000
vn -0.4273 -0.8989 -0.0967
vn -0.8240 -0.5639 -0.0552
vn -0.4269 -0.9043 -0.0000
vn 0.0872 -0.9962 -0.0000
vn 0.0866 -0.9899 -0.1120
vn -0.4273 -0.8989 -0.0967
vn 0.0872 -0.9962 -0.0000
vn 0.5774 -0.8165 -0.0000
vn 0.5769 -0.8111 -0.0967
vn 0.0866 -0.9899 -0.1120
vn 0.5774 -0.8165 -0.0000
vn 0.9097 -0.4153 0.0000
vn 0.9094 -0.4122 -0.0552
vn 0.5769 -0.8111 -0.0967
vn 0.9097 -0.4153 0.0000
vn 0.9953 0.0964 0.0000
vn 0.9954 0.0963 0.0010
vn 0.9094 -0.4122 -0.0552
vn 0.9953 0.0964 0.0000
vn 0.8146 0.5801 0.0000
vn 0.8148 0.5769 0.0568
vn 0.9954 0.0963 0.0010
vn 0.8146 0.5801 0.0000
vn 0.4185 0.9082 0.0000
vn 0.4190 0.9028 0.0972
vn 0.8148 0.5769 0.0568
vn 0.4185 0.9082 0.0000
vn -0.0872 0.9962 0.0000
vn -0.0866 0.9899 0.1120
vn 0.4190 0.9028 0.0972
vn -0.0866 0.9899 0.1120
vn -0.5694 0.8163 0.0972
vn -0.5679 0.8001 0.1932
vn -0.0850 0.9712 0.2225
vn -0.5694 0.8163 0.0972
vn -0.9026 0.4266 0.0568
vn -0.9018 0.4172 0.1128
vn -0.5679 0.8001 0.1932
vn -0.9026 0.4266 0.0568
vn -0.9970 -0.0780 0.0010
vn -0.9969 -0.0782 0.0021
vn -0.9018 0.4172 0.1128
vn -0.9970 -0.0780 0.0010
vn -0.8240 -0.5639 -0.0552
vn -0.8248 -0.5546 -0.1097
vn -0.9969 -0.0782 0.0021
vn -0.8240 -0.5639 -0.0552
vn -0.4273 -0.8989 -0.0967
vn -0.4287 -0.8827 -0.1922
vn -0.8248 -0.5546 -0.1097
vn -0.4273 -0.8989 -0.0967
vn 0.0866 -0.9899 -0.1120
vn 0.0850 -0.9712 -0.2225
vn -0.4287 -0.8827 -0.1922
vn 0.0866 -0.9899 -0.1120
vn 0.5769 -0.8111 -0.0967
vn 0.5755 -0.7949 -0.1922
vn 0.0850 -0.9712 -0.2225
vn 0.5769 -0.8111 -0.0967
vn 0.9094 -0.4122 -0.0552
vn 0.9086 -0.4030 -0.1097
vn 0.5755 -0.7949 -0.1922
vn 0.9094 -0.4122 -0.0552
vn 0.9954 0.0963 0.0010
vn 0.9954 0.0961 0.0021
vn 0.9086 -0.4030 -0.1097
vn 0.9954 0.0963 0.0010
vn 0.8148 0.5769 0.0568
vn 0.8157 0.5674 0.1128
vn 0.9954 0.0961 0.0021
vn 0.8148 0.5769 0.0568
vn 0.4190 0.9028 0.0972
vn 0.4204 0.8865 0.1932
vn 0.8157 0.5674 0.1128
vn 0.4190 0.9028 0.0972
vn -0.0866 0.9899 0.1120
vn -0.0850 0.9712 0.2225
vn 0.4204 0.8865 0.1932
vn -0.0850 0.9712 0.2225
vn -0.5679 0.8001 0.1932
vn -0.5656 0.7732 0.2868
vn -0.0823 0.9403 0.3303
vn -0.5679 0.8001 0.1932
vn -0.9018 0.4172 0.1128
vn -0.9004 0.4015 0.1674
vn -0.5656 0.7732 0.2868
vn -0.9018 0.4172 0.1128
vn -0.9969 -0.0782 0.0021
vn -0.9969 -0.0785 0.0031
vn -0.9004 0.4015 0.1674
vn -0.9969 -0.0782 0.0021
vn -0.8248 -0.5546 -0.1097
vn -0.8262 -0.5394 -0.1628
vn -0.9969 -0.0785 0.0031
vn -0.8248 -0.5546 -0.1097
vn -0.4287 -0.8827 -0.1922
vn -0.4311 -0.8560 -0.2853
vn -0.8262 -0.5394 -0.1628
vn -0.4287 -0.8827 -0.1922
vn 0.0850 -0.9712 -0.2225
vn 0.0823 -0.9403 -0.3303
vn -0.4311 -0.8560 -0.2853
vn 0.0850 -0.9712 -0.2225
vn 0.5755 -0.7949 -0.1922
vn 0.5732 -0.7682 -0.2853
vn 0.0823 -0.9403 -0.3303
vn 0.5755 -0.7949 -0.1922
vn 0.9086 -0.4030 -0.1097
vn 0.9073 -0.3877 -0.1628
vn 0.5732 -0.7682 -0.2853
vn 0.9086 -0.4030 -0.1097
vn 0.9954 0.0961 0.0021
vn 0.9954 0.0958 0.0031
vn 0.9073 -0.3877 -0.1628
vn 0.9954 0.0961 0.0021
vn 0.8157 0.5674 0.1128
vn 0.8170 0.5517 0.1674
vn 0.9954 0.0958 0.0031
vn 0.8157 0.5674 0.1128
vn 0.4204 0.8865 0.1932
vn 0.4227 0.8597 0.2868
vn 0.8170 0.5517 0.1674
vn 0.4204 0.8865 0.1932
vn -0.0850 0.9712 0.2225
vn -0.0823 0.9403 0.3303
vn 0.4227 0.8597 0.2868
vn -0.0823 0.9403 0.3303
vn -0.5656 0.7732 0.2868
vn -0.5623 0.7361 0.3767
vn -0.0785 0.8975 0.4339
vn -0.5656 0.7732 0.2868
vn -0.9004 0.4015 0.1674
vn -0.8985 0.3798 0.2199
vn -0.5623 0.7361 0.3767
vn -0.9004 0.4015 0.1674
vn -0.9969 -0.0785 0.0031
vn -0.9969 -0.0789 0.0040
vn -0.8985 0.3798 0.2199
vn -0.9969 -0.0785 0.0031
vn -0.8262 -0.5394 -0.1628
vn -0.8280 -0.5183 -0.2139
vn -0.9969 -0.0789 0.0040
vn -0.8262 -0.5394 -0.1628
vn -0.4311 -0.8560 -0.2853
vn -0.4343 -0.8191 -0.3747
vn -0.8280 -0.5183 -0.2139
vn -0.4311 -0.8560 -0.2853
vn 0.0823 -0.9403 -0.3303
vn 0.0785 -0.8975 -0.4339
vn -0.4343 -0.8191 -0.3747
vn 0.0823 -0.9403 -0.3303
vn 0.5732 -0.7682 -0.2853
vn 0.5699 -0.7313 -0.3747
vn 0.0785 -0.8975 -0.4339
vn 0.5732 -0.7682 -0.2853
vn 0.9073 -0.3877 -0.1628
vn 0.9054 -0.3667 -0.2139
vn 0.5699 -0.7313 -0.3747
vn 0.9073 -0.3877 -0.1628
vn 0.9954 0.0958 0.0031
vn 0.9954 0.0954 0.0040
vn 0.9054 -0.3667 -0.2139
vn 0.9954 0.0958 0.0031
vn 0.8170 0.5517 0.1674
vn 0.8189 0.5301 0.2199
vn 0.9954 0.0954 0.0040
vn 0.8170 0.5517 0.1674
vn 0.4227 0.8597 0.2868
vn 0.4260 0.8226 0.3767
vn 0.8189 0.5301 0.2199
vn 0.4227 0.8597 0.2868
vn -0.0823 0.9403 0.3303
vn -0.0785 0.8975 0.4339
vn 0.4260 0.8226 0.3767
vn -0.0785 0.8975 0.4339
vn -0.5623 0.7361 0.3767
vn -0.5582 0.6892 0.4620
vn -0.0738 0.8435 0.5320
vn -0.5623 0.7361 0.3767
vn -0.8985 0.3798 0.2199
vn -0.8961 0.3524 0.2697
vn -0.5582 0.6892 0.4620
vn -0.8985 0.3798 0.2199
vn -0.9969 -0.0789 0.0040
vn -0.9968 -0.0794 0.0049
vn -0.8961 0.3524 0.2697
vn -0.9969 -0.0789 0.0040
vn -0.8280 -0.5183 -0.2139
vn -0.8303 -0.4917 -0.2623
vn -0.9968 -0.0794 0.0049
vn -0.8280 -0.5183 -0.2139
vn -0.4343 -0.8191 -0.3747
vn -0.4384 -0.7724 -0.4595
vn -0.8303 -0.4917 -0.2623
vn -0.4343 -0.8191 -0.3747
vn 0.0785 -0.8975 -0.4339
vn 0.0738 -0.8435 -0.5320
vn -0.4384 -0.7724 -0.4595
vn 0.0785 -0.8975 -0.4339
vn 0.5699 -0.7313 -0.3747
vn 0.5659 -0.6846 -0.4595
vn 0.0738 -0.8435 -0.5320
vn 0.5699 -0.7313 -0.3747
vn 0.9054 -0.3667 -0.2139
vn 0.9031 -0.3400 -0.2623
vn 0.5659 -0.6846 -0.4595
vn 0.9054 -0.3667 -0.2139
vn 0.9954 0.0954 0.0040
vn 0.9955 0.0949 0.0049
vn 0.9031 -0.3400 -0.2623
vn 0.9954 0.0954 0.0040
vn 0.8189 0.5301 0.2199
vn 0.8213 0.5027 0.2697
vn 0.9955 0.0949 0.0049
vn 0.8189 0.5301 0.2199
vn 0.4260 0.8226 0.3767
vn 0.4301 0.7756 0.4620
vn 0.8213 0.5027 0.2697
vn 0.4260 0.8226 0.3767
vn -0.0785 0.8975 0.4339
vn -0.0738 0.8435 0.5320
vn 0.4301 0.7756 0.4620
vn -0.0738 0.8435 0.5320
vn -0.5582 0.6892 0.4620
vn -0.5533 0.6330 0.5414
vn -0.0681 0.7789 0.6235
vn -0.5582 0.6892 0.4620
vn -0.8961 0.3524 0.2697
vn -0.8933 0.3196 0.3160
vn -0.5533 0.6330 0.5414
vn -0.8961 0.3524 0.2697
vn -0.9968 -0.0794 0.0049
vn -0.9968 -0.0800 0.0058
vn -0.8933 0.3196 0.3160
vn -0.9968 -0.0794 0.0049
vn -0.8303 -0.4917 -0.2623
vn -0.8331 -0.4598 -0.3074
vn -0.9968 -0.0800 0.0058
vn -0.8303 -0.4917 -0.2623
vn -0.4384 -0.7724 -0.4595
vn -0.4433 -0.7166 -0.5385
vn -0.8331 -0.4598 -0.3074
vn -0.4384 -0.7724 -0.4595
vn 0.0738 -0.8435 -0.5320
vn 0.0681 -0.7789 -0.6235
vn -0.4433 -0.7166 -0.5385
vn 0.0738 -0.8435 -0.5320
vn 0.5659 -0.6846 -0.4595
vn 0.5610 -0.6288 -0.5385
vn 0.0681 -0.7789 -0.6235
vn 0.5659 -0.6846 -0.4595
vn 0.9031 -0.3400 -0.2623
vn 0.9003 -0.3082 -0.3074
vn 0.5610 -0.6288 -0.5385
vn 0.9031 -0.3400 -0.2623
vn 0.9955 0.0949 0.0049
vn 0.9955 0.0944 0.0058
vn 0.9003 -0.3082 -0.3074
vn 0.9955 0.0949 0.0049
vn 0.8213 0.5027 0.2697
vn 0.8242 0.4699 0.3160
vn 0.9955 0.0944 0.0058
vn 0.8213 0.5027 0.2697
vn 0.4301 0.7756 0.4620
vn 0.4350 0.7195 0.5414
vn 0.8242 0.4699 0.3160
vn 0.4301 0.7756 0.4620
vn -0.0738 0.8435 0.5320
vn -0.0681 0.7789 0.6235
vn 0.4350 0.7195 0.5414
vn -0.0681 0.7789 0.6235
vn -0.5533 0.6330 0.5414
vn -0.5477 0.5684 0.6140
vn -0.0616 0.7044 0.7071
vn -0.5533 0.6330 0.5414
vn -0.8933 0.3196 0.3160
vn -0.8900 0.2819 0.3584
vn -0.5477 0.5684 0.6140
vn -0.8933 0.3196 0.3160
vn -0.9968 -0.0800 0.0058
vn -0.9967 -0.0806 0.0065
vn -0.8900 0.2819 0.3584
vn -0.9968 -0.0800 0.0058
vn -0.8331 -0.4598 -0.3074
vn -0.8363 -0.4231 -0.3486
vn -0.9967 -0.0806 0.0065
vn -0.8331 -0.4598 -0.3074
vn -0.4433 -0.7166 -0.5385
vn -0.4489 -0.6523 -0.6107
vn -0.8363 -0.4231 -0.3486
vn -0.4433 -0.7166 -0.5385
vn 0.0681 -0.7789 -0.6235
vn 0.0616 -0.7044 -0.7071
vn -0.4489 -0.6523 -0.6107
vn 0.0681 -0.7789 -0.6235
vn 0.5610 -0.6288 -0.5385
vn 0.5554 -0.5645 -0.6107
vn 0.0616 -0.7044 -0.7071
vn 0.5610 -0.6288 -0.5385
vn 0.9003 -0.3082 -0.3074
vn 0.8971 -0.2715 -0.3486
vn 0.5554 -0.5645 -0.6107
vn 0.9003 -0.3082 -0.3074
vn 0.9955 0.0944 0.0058
vn 0.9956 0.0937 0.0065
vn 0.8971 -0.2715 -0.3486
vn 0.9955 0.0944 0.0058
vn 0.8242 0.4699 0.3160
vn 0.8275 0.4322 0.3584
vn 0.9956 0.0937 0.0065
vn 0.8242 0.4699 0.3160
vn 0.4350 0.7195 0.5414
vn 0.4406 0.6549 0.6140
vn 0.8275 0.4322 0.3584
vn 0.4350 0.7195 0.5414
vn -0.0681 0.7789 0.6235
vn -0.0616 0.7044 0.7071
vn 0.4406 0.6549 0.6140
vn -0.0616 0.7044 0.7071
vn -0.5477 0.5684 0.6140
vn -0.5413 0.4961 0.6789
vn -0.0543 0.6211 0.7818
vn -0.5477 0.5684 0.6140
vn -0.8900 0.2819 0.3584
vn -0.8863 0.2397 0.3963
vn -0.5413 0.4961 0.6789
vn -0.8900 0.2819 0.3584
vn -0.9967 -0.0806 0.0065
vn -0.9967 -0.0814 0.0072
vn -0.8863 0.2397 0.3963
vn -0.9967 -0.0806 0.0065
vn -0.8363 -0.4231 -0.3486
vn -0.8399 -0.3820 -0.3854
vn -0.9967 -0.0814 0.0072
vn -0.8363 -0.4231 -0.3486
vn -0.4489 -0.6523 -0.6107
vn -0.4552 -0.5804 -0.6753
vn -0.8399 -0.3820 -0.3854
vn -0.4489 -0.6523 -0.6107
vn 0.0616 -0.7044 -0.7071
vn 0.0543 -0.6211 -0.7818
vn -0.4552 -0.5804 -0.6753
vn 0.0616 -0.7044 -0.7071
vn 0.5554 -0.5645 -0.6107
vn 0.5491 -0.4925 -0.6753
vn 0.0543 -0.6211 -0.7818
vn 0.5554 -0.5645 -0.6107
vn 0.8971 -0.2715 -0.3486
vn 0.8935 -0.2304 -0.3854
vn 0.5491 -0.4925 -0.6753
vn 0.8971 -0.2715 -0.3486
vn 0.9956 0.0937 0.0065
vn 0.9956 0.0929 0.0072
vn 0.8935 -0.2304 -0.3854
vn 0.9956 0.0937 0.0065
vn 0.8275 0.4322 0.3584
vn 0.8312 0.3900 0.3963
vn 0.9956 0.0929 0.0072
vn 0.8275 0.4322 0.3584
vn 0.4406 0.6549 0.6140
vn 0.4470 0.5825 0.6789
vn 0.8312 0.3900 0.3963
vn 0.4406 0.6549 0.6140
vn -0.0616 0.7044 0.7071
vn -0.0543 0.6211 0.7818
vn 0.4470 0.5825 0.6789
vn -0.0543 0.6211 0.7818
vn -0.5413 0.4961 0.6789
vn -0.5344 0.4170 0.7352
vn -0.0464 0.5300 0.8467
vn -0.5413 0.4961 0.6789
vn -0.8863 0.2397 0.3963
vn -0.8822 0.1935 0.4292
vn -0.5344 0.4170 0.7352
vn -0.8863 0.2397 0.3963
vn -0.9967 -0.0814 0.0072
vn -0.9966 -0.0823 0.0078
vn -0.8822 0.1935 0.4292
vn -0.9967 -0.0814 0.0072
vn -0.8399 -0.3820 -0.3854
vn -0.8439 -0.3371 -0.4174
vn -0.9966 -0.0823 0.0078
vn -0.8399 -0.3820 -0.3854
vn -0.4552 -0.5804 -0.6753
vn -0.4621 -0.5017 -0.7313
vn -0.8439 -0.3371 -0.4174
vn -0.4552 -0.5804 -0.6753
vn 0.0543 -0.6211 -0.7818
vn 0.0464 -0.5300 -0.8467
vn -0.4621 -0.5017 -0.7313
vn 0.0543 -0.6211 -0.7818
vn 0.5491 -0.4925 -0.6753
vn 0.5422 -0.4138 -0.7313
vn 0.0464 -0.5300 -0.8467
vn 0.5491 -0.4925 -0.6753
vn 0.8935 -0.2304 -0.3854
vn 0.8896 -0.1855 -0.4174
vn 0.5422 -0.4138 -0.7313
vn 0.8935 -0.2304 -0.3854
vn 0.9956 0.0929 0.0072
vn 0.9957 0.0921 0.0078
vn 0.8896 -0.1855 -0.4174
vn 0.9956 0.0929 0.0072
vn 0.8312 0.3900 0.3963
vn 0.8352 0.3438 0.4292
vn 0.9957 0.0921 0.0078
vn 0.8312 0.3900 0.3963
vn 0.4470 0.5825 0.6789
vn 0.4539 0.5034 0.7352
vn 0.8352 0.3438 0.4292
vn 0.4470 0.5825 0.6789
vn -0.0543 0.6211 0.7818
vn -0.0464 0.5300 0.8467
vn 0.4539 0.5034 0.7352
vn -0.0464 0.5300 0.8467
vn -0.5344 0.4170 0.7352
vn -0.5270 0.3321 0.7823
vn -0.0378 0.4322 0.9010
vn -0.5344 0.4170 0.7352
vn -0.8822 0.1935 0.4292
vn -0.8779 0.1440 0.4567
vn -0.5270 0.3321 0.7823
vn -0.8822 0.1935 0.4292
vn -0.9966 -0.0823 0.0078
vn -0.9965 -0.0832 0.0083
vn -0.8779 0.1440 0.4567
vn -0.9966 -0.0823 0.0078
vn -0.8439 -0.3371 -0.4174
vn -0.8481 -0.2889 -0.4442
vn -0.9965 -0.0832 0.0083
vn -0.8439 -0.3371 -0.4174
vn -0.4621 -0.5017 -0.7313
vn -0.4695 -0.4172 -0.7781
vn -0.8481 -0.2889 -0.4442
vn -0.4621 -0.5017 -0.7313
vn 0.0464 -0.5300 -0.8467
vn 0.0378 -0.4322 -0.9010
vn -0.4695 -0.4172 -0.7781
vn 0.0464 -0.5300 -0.8467
vn 0.5422 -0.4138 -0.7313
vn 0.5348 -0.3294 -0.7781
vn 0.0378 -0.4322 -0.9010
vn 0.5422 -0.4138 -0.7313
vn 0.8896 -0.1855 -0.4174
vn 0.8854 -0.1373 -0.4442
vn 0.5348 -0.3294 -0.7781
vn 0.8896 -0.1855 -0.4174
vn 0.9957 0.0921 0.0078
vn 0.9958 0.0911 0.0083
vn 0.8854 -0.1373 -0.4442
vn 0.9957 0.0921 0.0078
vn 0.8352 0.3438 0.4292
vn 0.8396 0.2942 0.4567
vn 0.9958 0.0911 0.0083
vn 0.8352 0.3438 0.4292
vn 0.4539 0.5034 0.7352
vn 0.4613 0.4185 0.7823
vn 0.8396 0.2942 0.4567
vn 0.4539 0.5034 0.7352
vn -0.0464 0.5300 0.8467
vn -0.0378 0.4322 0.9010
vn 0.4613 0.4185 0.7823
vn -0.0378 0.4322 0.9010
vn -0.5270 0.3321 0.7823
vn -0.5191 0.2425 0.8196
vn -0.0288 0.3290 0.9439
vn -0.5270 0.3321 0.7823
vn -0.8779 0.1440 0.4567
vn -0.8733 0.0916 0.4784
vn -0.5191 0.2425 0.8196
vn -0.8779 0.1440 0.4567
vn -0.9965 -0.0832 0.0083
vn -0.9964 -0.0841 0.0087
vn -0.8733 0.0916 0.4784
vn -0.9965 -0.0832 0.0083
vn -0.8481 -0.2889 -0.4442
vn -0.8525 -0.2380 -0.4653
vn -0.9964 -0.0841 0.0087
vn -0.8481 -0.2889 -0.4442
vn -0.4695 -0.4172 -0.7781
vn -0.4773 -0.3281 -0.8152
vn -0.8525 -0.2380 -0.4653
vn -0.4695 -0.4172 -0.7781
vn 0.0378 -0.4322 -0.9010
vn 0.0288 -0.3290 -0.9439
vn -0.4773 -0.3281 -0.8152
vn 0.0378 -0.4322 -0.9010
vn 0.5348 -0.3294 -0.7781
vn 0.5270 -0.2402 -0.8152
vn 0.0288 -0.3290 -0.9439
vn 0.5348 -0.3294 -0.7781
vn 0.8854 -0.1373 -0.4442
vn 0.8809 -0.0864 -0.4653
vn 0.5270 -0.2402 -0.8152
vn 0.8854 -0.1373 -0.4442
vn 0.9958 0.0911 0.0083
vn 0.9959 0.0902 0.0087
vn 0.8809 -0.0864 -0.4653
vn 0.9958 0.0911 0.0083
vn 0.8396 0.2942 0.4567
vn 0.8442 0.2419 0.4784
vn 0.9959 0.0902 0.0087
vn 0.8396 0.2942 0.4567
vn 0.4613 0.4185 0.7823
vn 0.4692 0.3289 0.8196
vn 0.8442 0.2419 0.4784
vn 0.4613 0.4185 0.7823
vn -0.0378 0.4322 0.9010
vn -0.0288 0.3290 0.9439
vn 0.4692 0.3289 0.8196
vn -0.0288 0.3290 0.9439
vn -0.5191 0.2425 0.8196
vn -0.5110 0.1492 0.8465
vn -0.0194 0.2217 0.9749
vn -0.5191 0.2425 0.8196
vn -0.8733 0.0916 0.4784
vn -0.8686 0.0372 0.4942
vn -0.5110 0.1492 0.8465
vn -0.8733 0.0916 0.4784
vn -0.9964 -0.0841 0.0087
vn -0.9963 -0.0851 0.0090
vn -0.8686 0.0372 0.4942
vn -0.9964 -0.0841 0.0087
vn -0.8525 -0.2380 -0.4653
vn -0.8572 -0.1851 -0.4806
vn -0.9963 -0.0851 0.0090
vn -0.8525 -0.2380 -0.4653
vn -0.4773 -0.3281 -0.8152
vn -0.4854 -0.2354 -0.8420
vn -0.8572 -0.1851 -0.4806
vn -0.4773 -0.3281 -0.8152
vn 0.0288 -0.3290 -0.9439
vn 0.0194 -0.2217 -0.9749
vn -0.4854 -0.2354 -0.8420
vn 0.0288 -0.3290 -0.9439
vn 0.5270 -0.2402 -0.8152
vn 0.5189 -0.1475 -0.8420
vn 0.0194 -0.2217 -0.9749
vn 0.5270 -0.2402 -0.8152
vn 0.8809 -0.0864 -0.4653
vn 0.8763 -0.0335 -0.4806
vn 0.5189 -0.1475 -0.8420
vn 0.8809 -0.0864 -0.4653
vn 0.9959 0.0902 0.0087
vn 0.9960 0.0892 0.0090
vn 0.8763 -0.0335 -0.4806
vn 0.9959 0.0902 0.0087
vn 0.8442 0.2419 0.4784
vn 0.8489 0.1875 0.4942
vn 0.9960 0.0892 0.0090
vn 0.8442 0.2419 0.4784
vn 0.4692 0.3289 0.8196
vn 0.4773 0.2357 0.8465
vn 0.8489 0.1875 0.4942
vn 0.4692 0.3289 0.8196
vn -0.0288 0.3290 0.9439
vn -0.0194 0.2217 0.9749
vn 0.4773 0.2357 0.8465
vn -0.0194 0.2217 0.9749
vn -0.5110 0.1492 0.8465
vn -0.5026 0.0536 0.8628
vn -0.0098 0.1115 0.9937
vn -0.5110 0.1492 0.8465
vn -0.8686 0.0372 0.4942
vn -0.8637 -0.0186 0.5037
vn -0.5026 0.0536 0.8628
vn -0.8686 0.0372 0.4942
vn -0.9963 -0.0851 0.0090
vn -0.9962 -0.0861 0.0092
vn -0.8637 -0.0186 0.5037
vn -0.9963 -0.0851 0.0090
vn -0.8572 -0.1851 -0.4806
vn -0.8619 -0.1308 -0.4899
vn -0.9962 -0.0861 0.0092
vn -0.8572 -0.1851 -0.4806
vn -0.4854 -0.2354 -0.8420
vn -0.4937 -0.1403 -0.8582
vn -0.8619 -0.1308 -0.4899
vn -0.4854 -0.2354 -0.8420
vn 0.0194 -0.2217 -0.9749
vn 0.0098 -0.1115 -0.9937
vn -0.4937 -0.1403 -0.8582
vn 0.0194 -0.2217 -0.9749
vn 0.5189 -0.1475 -0.8420
vn 0.5106 -0.0524 -0.8582
vn 0.0098 -0.1115 -0.9937
vn 0.5189 -0.1475 -0.8420
vn 0.8763 -0.0335 -0.4806
vn 0.8715 0.0208 -0.4899
vn 0.5106 -0.0524 -0.8582
vn 0.8763 -0.0335 -0.4806
vn 0.9960 0.0892 0.0090
vn 0.9961 0.0882 0.0092
vn 0.8715 0.0208 -0.4899
vn 0.9960 0.0892 0.0090
vn 0.8489 0.1875 0.4942
vn 0.8538 0.1317 0.5037
vn 0.9961 0.0882 0.0092
vn 0.8489 0.1875 0.4942
vn 0.4773 0.2357 0.8465
vn 0.4857 0.1401 0.8628
vn 0.8538 0.1317 0.5037
vn 0.4773 0.2357 0.8465
vn -0.0194 0.2217 0.9749
vn -0.0098 0.1115 0.9937
vn 0.4857 0.1401 0.8628
vn -0.0098 0.1115 0.9937
vn -0.5026 0.0536 0.8628
vn -0.4981 -0.0193 0.8669
vn -0.0024 0.0278 0.9996
vn -0.5026 0.0536 0.8628
vn -0.8637 -0.0186 0.5037
vn -0.8619 -0.0613 0.5034
vn -0.4981 -0.0193 0.8669
vn -0.8637 -0.0186 0.5037
vn -0.9962 -0.0861 0.0092
vn -0.9962 -0.0870 0.0046
vn -0.8619 -0.0613 0.5034
vn -0.9962 -0.0861 0.0092
vn -0.8619 -0.1308 -0.4899
vn -0.8634 -0.0895 -0.4964
vn -0.9962 -0.0870 0.0046
vn -0.8619 -0.1308 -0.4899
vn -0.4937 -0.1403 -0.8582
vn -0.4979 -0.0680 -0.8646
vn -0.8634 -0.0895 -0.4964
vn -0.4937 -0.1403 -0.8582
vn 0.0098 -0.1115 -0.9937
vn 0.0025 -0.0281 -0.9996
vn -0.4979 -0.0680 -0.8646
vn 0.0098 -0.1115 -0.9937
vn 0.5106 -0.0524 -0.8582
vn 0.5021 0.0195 -0.8646
vn 0.0025 -0.0281 -0.9996
vn 0.5106 -0.0524 -0.8582
vn 0.8715 0.0208 -0.4899
vn 0.8659 0.0617 -0.4964
vn 0.5021 0.0195 -0.8646
vn 0.8715 0.0208 -0.4899
vn 0.9961 0.0882 0.0092
vn 0.9962 0.0873 0.0046
vn 0.8659 0.0617 -0.4964
vn 0.9961 0.0882 0.0092
vn 0.8538 0.1317 0.5037
vn 0.8594 0.0894 0.5034
vn 0.9962 0.0873 0.0046
vn 0.8538 0.1317 0.5037
vn 0.4857 0.1401 0.8628
vn 0.4939 0.0675 0.8669
vn 0.8594 0.0894 0.5034
vn 0.4857 0.1401 0.8628
vn -0.0098 0.1115 0.9937
vn -0.0024 0.0278 0.9996
vn 0.4939 0.0675 0.8669
vn -0.0024 0.0278 -0.9996
vn -0.4981 -0.0192 -0.8669
vn -0.5026 0.0536 -0.8628
vn -0.0098 0.1115 -0.9937
vn -0.4981 -0.0192 -0.8669
vn -0.8619 -0.0612 -0.5034
vn -0.8637 -0.0186 -0.5037
vn -0.5026 0.0536 -0.8628
vn -0.8619 -0.0612 -0.5034
vn -0.9962 -0.0870 -0.0046
vn -0.9962 -0.0861 -0.0092
vn -0.8637 -0.0186 -0.5037
vn -0.9962 -0.0870 -0.0046
vn -0.8634 -0.0896 0.4964
vn -0.8619 -0.1308 0.4899
vn -0.9962 -0.0861 -0.0092
vn -0.8634 -0.0896 0.4964
vn -0.4979 -0.0680 0.8646
vn -0.4937 -0.1403 0.8582
vn -0.8619 -0.1308 0.4899
vn -0.4979 -0.0680 0.8646
vn 0.0025 -0.0281 0.9996
vn 0.0098 -0.1115 0.9937
vn -0.4937 -0.1403 0.8582
vn 0.0025 -0.0281 0.9996
vn 0.5021 0.0195 0.8646
vn 0.5106 -0.0524 0.8582
vn 0.0098 -0.1115 0.9937
vn 0.5021 0.0195 0.8646
vn 0.8659 0.0618 0.4964
vn 0.8715 0.0208 0.4899
vn 0.5106 -0.0524 0.8582
vn 0.8659 0.0618 0.4964
vn 0.9962 0.0873 -0.0046
vn 0.9961 0.0882 -0.0092
vn 0.8715 0.0208 0.4899
vn 0.9962 0.0873 -0.0046
vn 0.8594 0.0893 -0.5034
vn 0.8538 0.1317 -0.5037
vn 0.9961 0.0882 -0.0092
vn 0.8594 0.0893 -0.5034
vn 0.4939 0.0675 -0.8669
vn 0.4857 0.1401 -0.8628
vn 0.8538 0.1317 -0.5037
vn 0.4939 0.0675 -0.8669
vn -0.0024 0.0278 -0.9996
vn -0.0098 0.1115 -0.9937
vn 0.4857 0.1401 -0.8628
vn -0.0098 0.1115 -0.9937
vn -0.5026 0.0536 -0.8628
vn -0.5110 0.1492 -0.8465
vn -0.0194 0.2217 -0.9749
vn -0.5026 0.0536 -0.8628
vn -0.8637 -0.0186 -0.5037
vn -0.8686 0.0372 -0.4942
vn -0.5110 0.1492 -0.8465
vn -0.8637 -0.0186 -0.5037
vn -0.9962 -0.0861 -0.0092
vn -0.9963 -0.0851 -0.0090
vn -0.8686 0.0372 -0.4942
vn -0.9962 -0.0861 -0.0092
vn -0.8619 -0.1308 0.4899
vn -0.8572 -0.1851 0.4806
vn -0.9963 -0.0851 -0.0090
vn -0.8619 -0.1308 0.4899
vn -0.4937 -0.1403 0.8582
vn -0.4854 -0.2354 0.8420
vn -0.8572 -0.1851 0.4806
vn -0.4937 -0.1403 0.8582
vn 0.0098 -0.1115 0.9937
vn 0.0194 -0.2217 0.9749
vn -0.4854 -0.2354 0.8420
vn 0.0098 -0.1115 0.9937
vn 0.5106 -0.0524 0.8582
vn 0.5189 -0.1475 0.8420
vn 0.0194 -0.2217 0.9749
vn 0.5106 -0.0524 0.8582
vn 0.8715 0.0208 0.4899
vn 0.8763 -0.0335 0.4806
vn 0.5189 -0.1475 0.8420
vn 0.8715 0.0208 0.4899
vn 0.9961 0.0882 -0.0092
vn 0.9960 0.0892 -0.0090
vn 0.8763 -0.0335 0.4806
vn 0.9961 0.0882 -0.0092
vn 0.8538 0.1317 -0.5037
vn 0.8489 0.1875 -0.4942
vn 0.9960 0.0892 -0.0090
vn 0.8538 0.1317 -0.5037
vn 0.4857 0.1401 -0.8628
vn 0.4773 0.2357 -0.8465
vn 0.8489 0.1875 -0.4942
vn 0.4857 0.1401 -0.8628
vn -0.0098 0.1115 -0.9937
vn -0.0194 0.2217 -0.9749
vn 0.4773 0.2357 -0.8465
vn -0.0194 0.2217 -0.9749
vn -0.5110 0.1492 -0.8465
vn -0.5191 0.2425 -0.8196
vn -0.0288 0.3290 -0.9439
vn -0.5110 0.1492 -0.8465
vn -0.8686 0.0372 -0.4942
vn -0.8733 0.0916 -0.4784
vn -0.5191 0.2425 -0.8196
vn -0.8686 0.0372 -0.4942
vn -0.9963 -0.0851 -0.0090
vn -0.9964 -0.0841 -0.0087
vn -0.8733 0.0916 -0.4784
vn -0.9963 -0.0851 -0.0090
vn -0.8572 -0.1851 0.4806
vn -0.8525 -0.2380 0.4653
vn -0.9964 -0.0841 -0.0087
vn -0.8572 -0.1851 0.4806
vn -0.4854 -0.2354 0.8420
vn -0.4773 -0.3281 0.8152
vn -0.8525 -0.2380 0.4653
vn -0.4854 -0.2354 0.8420
vn 0.0194 -0.2217 0.9749
vn 0.0288 -0.3290 0.9439
vn -0.4773 -0.3281 0.8152
vn 0.0194 -0.2217 0.9749
vn 0.5189 -0.1475 0.8420
vn 0.5270 -0.2402 0.8152
vn 0.0288 -0.3290 0.9439
vn 0.5189 -0.1475 0.8420
vn 0.8763 -0.0335 0.4806
vn 0.8809 -0.0864 0.4653
vn 0.5270 -0.2402 0.8152
vn 0.8763 -0.0335 0.4806
vn 0.9960 0.0892 -0.0090
vn 0.9959 0.0902 -0.0087
vn 0.8809 -0.0864 0.4653
vn 0.9960 0.0892 -0.0090
vn 0.8489 0.1875 -0.4942
vn 0.8442 0.2419 -0.4784
vn 0.9959 0.0902 -0.0087
vn 0.8489 0.1875 -0.4942
vn 0.4773 0.2357 -0.8465
vn 0.4692 0.3289 -0.8196
vn 0.8442 0.2419 -0.4784
vn 0.4773 0.2357 -0.8465
vn -0.0194 0.2217 -0.9749
vn -0.0288 0.3290 -0.9439
vn 0.4692 0.3289 -0.8196
vn -0.0288 0.3290 -0.9439
vn -0.5191 0.2425 -0.8196
vn -0.5270 0.3321 -0.7823
vn -0.0378 0.4322 -0.9010
vn -0.5191 0.2425 -0.8196
vn -0.8733 0.0916 -0.4784
vn -0.8779 0.1440 -0.4567
vn -0.5270 0.3321 -0.7823
vn -0.8733 0.0916 -0.4784
vn -0.9964 -0.0841 -0.0087
vn -0.9965 -0.0832 -0.0083
vn -0.8779 0.1440 -0.4567
vn -0.9964 -0.0841 -0.0087
vn -0.8525 -0.2380 0.4653
vn -0.8481 -0.2889 0.4442
vn -0.9965 -0.0832 -0.0083
vn -0.8525 -0.2380 0.4653
vn -0.4773 -0.3281 0.8152
vn -0.4695 -0.4172 0.7781
vn -0.8481 -0.2889 0.4442
vn -0.4773 -0.3281 0.8152
vn 0.0288 -0.3290 0.9439
vn 0.0378 -0.4322 0.9010
vn -0.4695 -0.4172 0.7781
vn 0.0288 -0.3290 0.9439
vn 0.5270 -0.2402 0.8152
vn 0.5348 -0.3294 0.7781
vn 0.0378 -0.4322 0.9010
vn 0.5270 -0.2402 0.8152
vn 0.8809 -0.0864 0.4653
vn 0.8854 -0.1373 0.4442
vn 0.5348 -0.3294 0.7781
vn 0.8809 -0.0864 0.4653
vn 0.9959 0.0902 -0.0087
vn 0.9958 0.0911 -0.0083
vn 0.8854 -0.1373 0.4442
vn 0.9959 0.0902 -0.0087
vn 0.8442 0.2419 -0.4784
vn 0.8396 0.2942 -0.4567
vn 0.9958 0.0911 -0.0083
vn 0.8442 0.2419 -0.4784
vn 0.4692 0.3289 -0.8196
vn 0.4613 0.4185 -0.7823
vn 0.8396 0.2942 -0.4567
vn 0.4692 0.3289 -0.8196
vn -0.0288 0.3290 -0.9439
vn -0.0378 0.4322 -0.9010
vn 0.4613 0.4185 -0.7823
vn -0.0378 0.4322 -0.9010
vn -0.5270 0.3321 -0.7823
vn -0.5344 0.4170 -0.7352
vn -0.0464 0.5300 -0.8467
vn -0.5270 0.3321 -0.7823
vn -0.8779 0.1440 -0.4567
vn -0.8822 0.1935 -0.4292
vn -0.5344 0.4170 -0.7352
vn -0.8779 0.1440 -0.4567
vn -0.9965 -0.0832 -0.0083
vn -0.9966 -0.0823 -0.0078
vn -0.8822 0.1935 -0.4292
vn -0.9965 -0.0832 -0.0083
vn -0.8481 -0.2889 0.4442
vn -0.8439 -0.3371 0.4174
vn -0.9966 -0.0823 -0.0078
vn -0.8481 -0.2889 0.4442
vn -0.4695 -0.4172 0.7781
vn -0.4621 -0.5017 0.7313
vn -0.8439 -0.3371 0.4174
vn -0.4695 -0.4172 0.7781
vn 0.0378 -0.4322 0.9010
vn 0.0464 -0.5300 0.8467
vn -0.4621 -0.5017 0.7313
vn 0.0378 -0.4322 0.9010
vn 0.5348 -0.3294 0.7781
vn 0.5422 -0.4138 0.7313
vn 0.0464 -0.5300 0.8467
vn 0.5348 -0.3294 0.7781
vn 0.8854 -0.1373 0.4442
vn 0.8896 -0.1855 0.4174
vn 0.5422 -0.4138 0.7313
vn 0.8854 -0.1373 0.4442
vn 0.9958 0.0911 -0.0083
vn 0.9957 0.0920 -0.0078
vn 0.8896 -0.1855 0.4174
vn 0.9958 0.0911 -0.0083
vn 0.8396 0.2942 -0.4567
vn 0.8352 0.3438 -0.4292
vn 0.9957 0.0920 -0.0078
vn 0.8396 0.2942 -0.4567
vn 0.4613 0.4185 -0.7823
vn 0.4539 0.5034 -0.7352
vn 0.8352 0.3438 -0.4292
vn 0.4613 0.4185 -0.7823
vn -0.0378 0.4322 -0.9010
vn -0.0464 0.5300 -0.8467
vn 0.4539 0.5034 -0.7352
vn -0.0464 0.5300 -0.8467
vn -0.5344 0.4170 -0.7352
vn -0.5413 0.4961 -0.6789
vn -0.0543 0.6211 -0.7818
vn -0.5344 0.4170 -0.7352
vn -0.8822 0.1935 -0.4292
vn -0.8863 0.2397 -0.3963
vn -0.5413 0.4961 -0.6789
vn -0.8822 0.1935 -0.4292
vn -0.9966 -0.0823 -0.0078
vn -0.9967 -0.0814 -0.0072
vn -0.8863 0.2397 -0.3963
vn -0.9966 -0.0823 -0.0078
vn -0.8439 -0.3371 0.4174
vn -0.8399 -0.3820 0.3854
vn -0.9967 -0.0814 -0.0072
vn -0.8439 -0.3371 0.4174
vn -0.4621 -0.5017 0.7313
vn -0.4552 -0.5804 0.6752
vn -0.8399 -0.3820 0.3854
vn -0.4621 -0.5017 0.7313
vn 0.0464 -0.5300 0.8467
vn 0.0543 -0.6211 0.7818
vn -0.4552 -0.5804 0.6752
vn 0.0464 -0.5300 0.8467
vn 0.5422 -0.4138 0.7313
vn 0.5491 -0.4925 0.6752
vn 0.0543 -0.6211 0.7818
vn 0.5422 -0.4138 0.7313
vn 0.8896 -0.1855 0.4174
vn 0.8935 -0.2304 0.3854
vn 0.5491 -0.4925 0.6752
vn 0.8896 -0.1855 0.4174
vn 0.9957 0.0920 -0.0078
vn 0.9956 0.0929 -0.0072
vn 0.8935 -0.2304 0.3854
vn 0.9957 0.0920 -0.0078
vn 0.8352 0.3438 -0.4292
vn 0.8312 0.3900 -0.3963
vn 0.9956 0.0929 -0.0072
vn 0.8352 0.3438 -0.4292
vn 0.4539 0.5034 -0.7352
vn 0.4470 0.5825 -0.6789
vn 0.8312 0.3900 -0.3963
vn 0.4539 0.5034 -0.7352
vn -0.0464 0.5300 -0.8467
vn -0.0543 0.6211 -0.7818
vn 0.4470 0.5825 -0.6789
vn -0.0543 0.6211 -0.7818
vn -0.5413 0.4961 -0.6789
vn -0.5477 0.5684 -0.6140
vn -0.0616 0.7044 -0.7071
vn -0.5413 0.4961 -0.6789
vn -0.8863 0.2397 -0.3963
vn -0.8900 0.2819 -0.3584
vn -0.5477 0.5684 -0.6140
vn -0.8863 0.2397 -0.3963
vn -0.9967 -0.0814 -0.0072
vn -0.9967 -0.0806 -0.0065
vn -0.8900 0.2819 -0.3584
vn -0.9967 -0.0814 -0.0072
vn -0.8399 -0.3820 0.3854
vn -0.8363 -0.4231 0.3486
vn -0.9967 -0.0806 -0.0065
vn -0.8399 -0.3820 0.3854
vn -0.4552 -0.5804 0.6752
vn -0.4489 -0.6523 0.6107
vn -0.8363 -0.4231 0.3486
vn -0.4552 -0.5804 0.6752
vn 0.0543 -0.6211 0.7818
vn 0.0616 -0.7044 0.7071
vn -0.4489 -0.6523 0.6107
vn 0.0543 -0.6211 0.7818
vn 0.5491 -0.4925 0.6752
vn 0.5554 -0.5645 0.6107
vn 0.0616 -0.7044 0.7071
vn 0.5491 -0.4925 0.6752
vn 0.8935 -0.2304 0.3854
vn 0.8971 -0.2715 0.3486
vn 0.5554 -0.5645 0.6107
vn 0.8935 -0.2304 0.3854
vn 0.9956 0.0929 -0.0072
vn 0.9956 0.0937 -0.0065
vn 0.8971 -0.2715 0.3486
vn 0.9956 0.0929 -0.0072
vn 0.8312 0.3900 -0.3963
vn 0.8275 0.4322 -0.3584
vn 0.9956 0.0937 -0.0065
vn 0.8312 0.3900 -0.3963
vn 0.4470 0.5825 -0.6789
vn 0.4406 0.6549 -0.6140
vn 0.8275 0.4322 -0.3584
vn 0.4470 0.5825 -0.6789
vn -0.0543 0.6211 -0.7818
vn -0.0616 0.7044 -0.7071
vn 0.4406 0.6549 -0.6140
vn -0.0616 0.7044 -0.7071
vn -0.5477 0.5684 -0.6140
vn -0.5533 0.6330 -0.5414
vn -0.0681 0.7789 -0.6235
vn -0.5477 0.5684 -0.6140
vn -0.8900 0.2819 -0.3584
vn -0.8933 0.3196 -0.3160
vn -0.5533 0.6330 -0.5414
vn -0.8900 0.2819 -0.3584
vn -0.9967 -0.0806 -0.0065
vn -0.9968 -0.0800 -0.0058
vn -0.8933 0.3196 -0.3160
vn -0.9967 -0.0806 -0.0065
vn -0.8363 -0.4231 0.3486
vn -0.8331 -0.4598 0.3074
vn -0.9968 -0.0800 -0.0058
vn -0.8363 -0.4231 0.3486
vn -0.4489 -0.6523 0.6107
vn -0.4433 -0.7166 0.5385
vn -0.8331 -0.4598 0.3074
vn -0.4489 -0.6523 0.6107
vn 0.0616 -0.7044 0.7071
vn 0.0681 -0.7789 0.6235
vn -0.4433 -0.7166 0.5385
vn 0.0616 -0.7044 0.7071
vn 0.5554 -0.5645 0.6107
vn 0.5610 -0.6288 0.5385
vn 0.0681 -0.7789 0.6235
vn 0.5554 -0.5645 0.6107
vn 0.8971 -0.2715 0.3486
vn 0.9003 -0.3082 0.3074
vn 0.5610 -0.6288 0.5385
vn 0.8971 -0.2715 0.3486
vn 0.9956 0.0937 -0.0065
vn 0.9955 0.0944 -0.0058
vn 0.9003 -0.3082 0.3074
vn 0.9956 0.0937 -0.0065
vn 0.8275 0.4322 -0.3584
vn 0.8242 0.4699 -0.3160
vn 0.9955 0.0944 -0.0058
vn 0.8275 0.4322 -0.3584
vn 0.4406 0.6549 -0.6140
vn 0.4350 0.7195 -0.5414
vn 0.8242 0.4699 -0.3160
vn 0.4406 0.6549 -0.6140
vn -0.0616 0.7044 -0.7071
vn -0.0681 0.7789 -0.6235
vn 0.4350 0.7195 -0.5414
vn -0.0681 0.7789 -0.6235
vn -0.5533 0.6330 -0.5414
vn -0.5582 0.6892 -0.4620
vn -0.0738 0.8435 -0.5320
vn -0.5533 0.6330 -0.5414
vn -0.8933 0.3196 -0.3160
vn -0.8961 0.3524 -0.2697
vn -0.5582 0.6892 -0.4620
vn -0.8933 0.3196 -0.3160
vn -0.9968 -0.0800 -0.0058
vn -0.9968 -0.0794 -0.0049
vn -0.8961 0.3524 -0.2697
vn -0.9968 -0.0800 -0.0058
vn -0.8331 -0.4598 0.3074
vn -0.8303 -0.4917 0.2623
vn -0.9968 -0.0794 -0.0049
vn -0.8331 -0.4598 0.3074
vn -0.4433 -0.7166 0.5385
vn -0.4384 -0.7724 0.4595
vn -0.8303 -0.4917 0.2623
vn -0.4433 -0.7166 0.5385
vn 0.0681 -0.7789 0.6235
vn 0.0738 -0.8435 0.5320
vn -0.4384 -0.7724 0.4595
vn 0.0681 -0.7789 0.6235
vn 0.5610 -0.6288 0.5385
vn 0.5659 -0.6846 0.4595
vn 0.0738 -0.8435 0.5320
vn 0.5610 -0.6288 0.5385
vn 0.9003 -0.3082 0.3074
vn 0.9031 -0.3400 0.2623
vn 0.5659 -0.6846 0.4595
vn 0.9003 -0.3082 0.3074
vn 0.9955 0.0944 -0.0058
vn 0.9955 0.0949 -0.0049
vn 0.9031 -0.3400 0.2623
vn 0.9955 0.0944 -0.0058
vn 0.8242 0.4699 -0.3160
vn 0.8213 0.5027 -0.2697
vn 0.9955 0.0949 -0.0049
vn 0.8242 0.4699 -0.3160
vn 0.4350 0.7195 -0.5414
vn 0.4301 0.7756 -0.4620
vn 0.8213 0.5027 -0.2697
vn 0.4350 0.7195 -0.5414
vn -0.0681 0.7789 -0.6235
vn -0.0738 0.8435 -0.5320
vn 0.4301 0.7756 -0.4620
vn -0.0738 0.8435 -0.5320
vn -0.5582 0.6892 -0.4620
vn -0.5623 0.7361 -0.3767
vn -0.0785 0.8975 -0.4339
vn -0.5582 0.6892 -0.4620
vn -0.8961 0.3524 -0.2697
vn -0.8985 0.3798 -0.2199
vn -0.5623 0.7361 -0.3767
vn -0.8961 0.3524 -0.2697
vn -0.9968 -0.0794 -0.0049
vn -0.9969 -0.0789 -0.0040
vn -0.8985 0.3798 -0.2199
vn -0.9968 -0.0794 -0.0049
vn -0.8303 -0.4917 0.2623
vn -0.8280 -0.5183 0.2139
vn -0.9969 -0.0789 -0.0040
vn -0.8303 -0.4917 0.2623
vn -0.4384 -0.7724 0.4595
vn -0.4343 -0.8191 0.3747
vn -0.8280 -0.5183 0.2139
vn -0.4384 -0.7724 0.4595
vn 0.0738 -0.8435 0.5320
vn 0.0785 -0.8975 0.4339
vn -0.4343 -0.8191 0.3747
vn 0.0738 -0.8435 0.5320
vn 0.5659 -0.6846 0.4595
vn 0.5699 -0.7313 0.3747
vn 0.0785 -0.8975 0.4339
vn 0.5659 -0.6846 0.4595
vn 0.9031 -0.3400 0.2623
vn 0.9054 -0.3667 0.2139
vn 0.5699 -0.7313 0.3747
vn 0.9031 -0.3400 0.2623
vn 0.9955 0.0949 -0.0049
vn 0.9954 0.0954 -0.0040
vn 0.9054 -0.3667 0.2139
vn 0.9955 0.0949 -0.0049
vn 0.8213 0.5027 -0.2697
vn 0.8189 0.5301 -0.2199
vn 0.9954 0.0954 -0.0040
vn 0.8213 0.5027 -0.2697
vn 0.4301 0.7756 -0.4620
vn 0.4260 0.8226 -0.3767
vn 0.8189 0.5301 -0.2199
vn 0.4301 0.7756 -0.4620
vn -0.0738 0.8435 -0.5320
vn -0.0785 0.8975 -0.4339
vn 0.4260 0.8226 -0.3767
vn -0.0785 0.8975 -0.4339
vn -0.5623 0.7361 -0.3767
vn -0.5656 0.7732 -0.2868
vn -0.0823 0.9403 -0.3303
vn -0.5623 0.7361 -0.3767
vn -0.8985 0.3798 -0.2199
vn -0.9004 0.4015 -0.1674
vn -0.5656 0.7732 -0.2868
vn -0.8985 0.3798 -0.2199
vn -0.9969 -0.0789 -0.0040
vn -0.9969 -0.0785 -0.0031
vn -0.9004 0.4015 -0.1674
vn -0.9969 -0.0789 -0.0040
vn -0.8280 -0.5183 0.2139
vn -0.8262 -0.5394 0.1628
vn -0.9969 -0.0785 -0.0031
vn -0.8280 -0.5183 0.2139
vn -0.4343 -0.8191 0.3747
vn -0.4311 -0.8560 0.2853
vn -0.8262 -0.5394 0.1628
vn -0.4343 -0.8191 0.3747
vn 0.0785 -0.8975 0.4339
vn 0.0823 -0.9403 0.3303
vn -0.4311 -0.8560 0.2853
vn 0.0785 -0.8975 0.4339
vn 0.5699 -0.7313 0.3747
vn 0.5732 -0.7682 0.2853
vn 0.0823 -0.9403 0.3303
vn 0.5699 -0.7313 0.3747
vn 0.9054 -0.3667 0.2139
vn 0.9073 -0.3877 0.1628
vn 0.5732 -0.7682 0.2853
vn 0.9054 -0.3667 0.2139
vn 0.9954 0.0954 -0.0040
vn 0.9954 0.0958 -0.0031
vn 0.9073 -0.3877 0.1628
vn 0.9954 0.0954 -0.0040
vn 0.8189 0.5301 -0.2199
vn 0.8170 0.5517 -0.1674
vn 0.9954 0.0958 -0.0031
vn 0.8189 0.5301 -0.2199
vn 0.4260 0.8226 -0.3767
vn 0.4227 0.8597 -0.2868
vn 0.8170 0.5517 -0.1674
vn 0.4260 0.8226 -0.3767
vn -0.0785 0.8975 -0.4339
vn -0.0823 0.9403 -0.3303
vn 0.4227 0.8597 -0.2868
vn -0.0823 0.9403 -0.3303
vn -0.5656 0.7732 -0.2868
vn -0.5679 0.8001 -0.1932
vn -0.0850 0.9712 -0.2225
vn -0.5656 0.7732 -0.2868
vn -0.9004 0.4015 -0.1674
vn -0.9018 0.4172 -0.1128
vn -0.5679 0.8001 -0.1932
vn -0.9004 0.4015 -0.1674
vn -0.9969 -0.0785 -0.0031
vn -0.9969 -0.0782 -0.0021
vn -0.9018 0.4172 -0.1128
vn -0.9969 -0.0785 -0.0031
vn -0.8262 -0.5394 0.1628
vn -0.8248 -0.5546 0.1097
vn -0.9969 -0.0782 -0.0021
vn -0.8262 -0.5394 0.1628
vn -0.4311 -0.8560 0.2853
vn -0.4287 -0.8827 0.1922
vn -0.8248 -0.5546 0.1097
vn -0.4311 -0.8560 0.2853
vn 0.0823 -0.9403 0.3303
vn 0.0850 -0.9712 0.2225
vn -0.4287 -0.8827 0.1922
vn 0.0823 -0.9403 0.3303
vn 0.5732 -0.7682 0.2853
vn 0.5755 -0.7949 0.1922
vn 0.0850 -0.9712 0.2225
vn 0.5732 -0.7682 0.2853
vn 0.9073 -0.3877 0.1628
vn 0.9086 -0.4030 0.1097
vn 0.5755 -0.7949 0.1922
vn 0.9073 -0.3877 0.1628
vn 0.9954 0.0958 -0.0031
vn 0.9954 0.0961 -0.0021
vn 0.9086 -0.4030 0.1097
vn 0.9954 0.0958 -0.0031
vn 0.8170 0.5517 -0.1674
vn 0.8157 0.5674 -0.1128
vn 0.9954 0.0961 -0.0021
vn 0.8170 0.5517 -0.1674
vn 0.4227 0.8597 -0.2868
vn 0.4204 0.8865 -0.1932
vn 0.8157 0.5674 -0.1128
vn 0.4227 0.8597 -0.2868
vn -0.0823 0.9403 -0.3303
vn -0.0850 0.9712 -0.2225
vn 0.4204 0.8865 -0.1932
vn -0.0850 0.9712 -0.2225
vn -0.5679 0.8001 -0.1932
vn -0.5694 0.8163 -0.0972
vn -0.0866 0.9899 -0.1120
vn -0.5679 0.8001 -0.1932
vn -0.9018 0.4172 -0.1128
vn -0.9026 0.4266 -0.0568
vn -0.5694 0.8163 -0.0972
vn -0.9018 0.4172 -0.1128
vn -0.9969 -0.0782 -0.0021
vn -0.9970 -0.0780 -0.0010
vn -0.9026 0.4266 -0.0568
vn -0.9969 -0.0782 -0.0021
vn -0.8248 -0.5546 0.1097
vn -0.8240 -0.5639 0.0552
vn -0.9970 -0.0780 -0.0010
vn -0.8248 -0.5546 0.1097
vn -0.4287 -0.8827 0.1922
vn -0.4273 -0.8989 0.0967
vn -0.8240 -0.5639 0.0552
vn -0.4287 -0.8827 0.1922
vn 0.0850 -0.9712 0.2225
vn 0.0866 -0.9899 0.1120
vn -0.4273 -0.8989 0.0967
vn 0.0850 -0.9712 0.2225
vn 0.5755 -0.7949 0.1922
vn 0.5769 -0.8111 0.0967
vn 0.0866 -0.9899 0.1120
vn 0.5755 -0.7949 0.1922
vn 0.9086 -0.4030 0.1097
vn 0.9094 -0.4122 0.0552
vn 0.5769 -0.8111 0.0967
vn 0.9086 -0.4030 0.1097
vn 0.9954 0.0961 -0.0021
vn 0.9954 0.0963 -0.0010
vn 0.9094 -0.4122 0.0552
vn 0.9954 0.0961 -0.0021
vn 0.8157 0.5674 -0.1128
vn 0.8148 0.5769 -0.0568
vn 0.9954 0.0963 -0.0010
vn 0.8157 0.5674 -0.1128
vn 0.4204 0.8865 -0.1932
vn 0.4189 0.9028 -0.0972
vn 0.8148 0.5769 -0.0568
vn 0.4204 0.8865 -0.1932
vn -0.0850 0.9712 -0.2225
vn -0.0866 0.9899 -0.1120
vn 0.4189 0.9028 -0.0972
vn -0.0866 0.9899 -0.1120
vn -0.5694 0.8163 -0.0972
vn -0.5698 0.8218 0.0000
vn -0.0872 0.9962 0.0000
vn -0.5694 0.8163 -0.0972
vn -0.9026 0.4266 -0.0568
vn -0.9029 0.4298 -0.0000
vn -0.5698 0.8218 0.0000
vn -0.9026 0.4266 -0.0568
vn -0.9970 -0.0780 -0.0010
vn -0.9970 -0.0779 -0.0000
vn -0.9029 0.4298 -0.0000
vn -0.9970 -0.0780 -0.0010
vn -0.8240 -0.5639 0.0552
vn -0.8237 -0.5670 -0.0000
vn -0.9970 -0.0779 -0.0000
vn -0.8240 -0.5639 0.0552
vn -0.4273 -0.8989 0.0967
vn -0.4269 -0.9043 -0.0000
vn -0.8237 -0.5670 -0.0000
vn -0.4273 -0.8989 0.0967
vn 0.0866 -0.9899 0.1120
vn 0.0872 -0.9962 -0.0000
vn -0.4269 -0.9043 -0.0000
vn 0.0866 -0.9899 0.1120
vn 0.5769 -0.8111 0.0967
vn 0.5774 -0.8165 -0.0000
vn 0.0872 -0.9962 -0.0000
vn 0.5769 -0.8111 0.0967
vn 0.9094 -0.4122 0.0552
vn 0.9097 -0.4153 0.0000
vn 0.5774 -0.8165 -0.0000
vn 0.9094 -0.4122 0.0552
vn 0.9954 0.0963 -0.0010
vn 0.9953 0.0964 0.0000
vn 0.9097 -0.4153 0.0000
vn 0.9954 0.0963 -0.0010
vn 0.8148 0.5769 -0.0568
vn 0.8146 0.5801 0.0000
vn 0.9953 0.0964 0.0000
vn 0.8148 0.5769 -0.0568
vn 0.4189 0.9028 -0.0972
vn 0.4185 0.9082 0.0000
vn 0.8146 0.5801 0.0000
vn 0.4189 0.9028 -0.0972
vn -0.0866 0.9899 -0.1120
vn -0.0872 0.9962 0.0000
vn 0.4185 0.9082 0.0000
vn 0.0000 -1.0000 0.0000
vn 0.0000 -1.0000 0.0000
vn 0.0000 -1.0000 0.0000
vn 0.0000 -1.0000 0.0000
vn 0.0000 -1.0000 -0.0000
vn 0.0000 -1.0000 -0.0000
vn 0.0000 -1.0000 -0.0000
vn 0.0000 -1.0000 -0.0000
vn -0.0000 -1.0000 0.0000
vn -0.0000 -1.0000 0.0000
vn 0.0000 -1.0000 -0.0000
vn -0.0000 -1.0000 0.0000
vn 0.0000 -1.0000 0.0000
vn 0.0000 -1.0000 -0.0000
vn 0.0000 -1.0000 0.0000
vn -0.0000 -1.0000 -0.0000
vn 0.0024 0.0278 0.9996
vn -0.4939 0.0675 0.8669
vn -0.5101 0.0446 0.8590
vn -0.0144 0.0012 0.9999
vn -0.4939 0.0675 0.8669
vn -0.8594 0.0893 0.5034
vn -0.8670 0.0757 0.4925
vn -0.5101 0.0446 0.8590
vn -0.8594 0.0893 0.5034
vn -0.9962 0.0873 0.0046
vn -0.9962 0.0869 0.0000
vn -0.8670 0.0757 0.4925
vn -0.9962 0.0873 0.0046
vn -0.8659 0.0618 -0.4964
vn -0.8670 0.0757 -0.4925
vn -0.9962 0.0869 0.0000
vn -0.8659 0.0618 -0.4964
vn -0.5021 0.0195 -0.8646
vn -0.5101 0.0445 -0.8590
vn -0.8670 0.0757 -0.4925
vn -0.5021 0.0195 -0.8646
vn -0.0025 -0.0281 -0.9996
vn -0.0144 0.0012 -0.9999
vn -0.5101 0.0445 -0.8590
vn -0.0025 -0.0281 -0.9996
vn 0.4979 -0.0680 -0.8646
vn 0.4886 -0.0428 -0.8715
vn -0.0144 0.0012 -0.9999
vn 0.4979 -0.0680 -0.8646
vn 0.8634 -0.0896 -0.4964
vn 0.8599 -0.0754 -0.5049
vn 0.4886 -0.0428 -0.8715
vn 0.8634 -0.0896 -0.4964
vn 0.9962 -0.0870 0.0046
vn 0.9962 -0.0874 -0.0000
vn 0.8599 -0.0754 -0.5049
vn 0.9962 -0.0870 0.0046
vn 0.8619 -0.0612 0.5034
vn 0.8599 -0.0754 0.5049
vn 0.9962 -0.0874 -0.0000
vn 0.8619 -0.0612 0.5034
vn 0.4981 -0.0192 0.8669
vn 0.4886 -0.0428 0.8715
vn 0.8599 -0.0754 0.5049
vn 0.4981 -0.0192 0.8669
vn 0.0024 0.0278 0.9996
vn -0.0144 0.0012 0.9999
vn 0.4886 -0.0428 0.8715
vn -0.4939 0.0675 -0.8669
vn 0.0024 0.0278 -0.9996
vn -0.0144 0.0012 -0.9999
vn -0.5101 0.0445 -0.8590
vn 0.0024 0.0278 -0.9996
vn 0.4981 -0.0193 -0.8669
vn 0.4886 -0.0428 -0.8715
vn -0.0144 0.0012 -0.9999
vn 0.4981 -0.0193 -0.8669
vn 0.8619 -0.0613 -0.5034
vn 0.8599 -0.0754 -0.5049
vn 0.4886 -0.0428 -0.8715
vn 0.8619 -0.0613 -0.5034
vn 0.9962 -0.0870 -0.0046
vn 0.9962 -0.0874 -0.0000
vn 0.8599 -0.0754 -0.5049
vn 0.9962 -0.0870 -0.0046
vn 0.8634 -0.0895 0.4964
vn 0.8599 -0.0754 0.5049
vn 0.9962 -0.0874 -0.0000
vn 0.8634 -0.0895 0.4964
vn 0.4979 -0.0680 0.8646
vn 0.4886 -0.0428 0.8715
vn 0.8599 -0.0754 0.5049
vn 0.4979 -0.0680 0.8646
vn -0.0025 -0.0281 0.9996
vn -0.0144 0.0012 0.9999
vn 0.4886 -0.0428 0.8715
vn -0.0025 -0.0281 0.9996
vn -0.5021 0.0195 0.8646
vn -0.5101 0.0446 0.8590
vn -0.0144 0.0012 0.9999
vn -0.5021 0.0195 0.8646
vn -0.8659 0.0617 0.4964
vn -0.8670 0.0757 0.4925
vn -0.5101 0.0446 0.8590
vn -0.8659 0.0617 0.4964
vn -0.9962 0.0873 -0.0046
vn -0.9962 0.0869 0.0000
vn -0.8670 0.0757 0.4925
vn -0.9962 0.0873 -0.0046
vn -0.8594 0.0894 -0.5034
vn -0.8670 0.0757 -0.4925
vn -0.9962 0.0869 0.0000
vn -0.8594 0.0894 -0.5034
vn -0.4939 0.0675 -0.8669
vn -0.5101 0.0445 -0.8590
vn -0.8670 0.0757 -0.4925
vn -0.0024 0.0278 0.9996
vn -0.4981 -0.0193 0.8669
vn -0.4886 -0.0428 0.8715
vn 0.0144 0.0012 0.9999
vn -0.4981 -0.0193 0.8669
vn -0.8619 -0.0613 0.5034
vn -0.8599 -0.0754 0.5049
vn -0.4886 -0.0428 0.8715
vn -0.8619 -0.0613 0.5034
vn -0.9962 -0.0870 0.0046
vn -0.9962 -0.0874 0.0000
vn -0.8599 -0.0754 0.5049
vn -0.9962 -0.0870 0.0046
vn -0.8634 -0.0895 -0.4964
vn -0.8599 -0.0754 -0.5049
vn -0.9962 -0.0874 0.0000
vn -0.8634 -0.0895 -0.4964
vn -0.4979 -0.0680 -0.8646
vn -0.4886 -0.0428 -0.8715
vn -0.8599 -0.0754 -0.5049
vn -0.4979 -0.0680 -0.8646
vn 0.0025 -0.0281 -0.9996
vn 0.0144 0.0012 -0.9999
vn -0.4886 -0.0428 -0.8715
vn 0.0025 -0.0281 -0.9996
vn 0.5021 0.0195 -0.8646
vn 0.5101 0.0446 -0.8590
vn 0.0144 0.0012 -0.9999
vn 0.5021 0.0195 -0.8646
vn 0.8659 0.0617 -0.4964
vn 0.8670 0.0757 -0.4925
vn 0.5101 0.0446 -0.8590
vn 0.8659 0.0617 -0.4964
vn 0.9962 0.0873 0.0046
vn 0.9962 0.0869 -0.0000
vn 0.8670 0.0757 -0.4925
vn 0.9962 0.0873 0.0046
vn 0.8594 0.0894 0.5034
vn 0.8670 0.0757 0.4925
vn 0.9962 0.0869 -0.0000
vn 0.8594 0.0894 0.5034
vn 0.4939 0.0675 0.8669
vn 0.5101 0.0445 0.8590
vn 0.8670 0.0757 0.4925
vn 0.4939 0.0675 0.8669
vn -0.0024 0.0278 0.9996
vn 0.0144 0.0012 0.9999
vn 0.5101 0.0445 0.8590
vn -0.4981 -0.0192 -0.8669
vn -0.0024 0.0278 -0.9996
vn 0.0144 0.0012 -0.9999
vn -0.4886 -0.0428 -0.8715
vn -0.0024 0.0278 -0.9996
vn 0.4939 0.0675 -0.8669
vn 0.5101 0.0446 -0.8590
vn 0.0144 0.0012 -0.9999
vn 0.4939 0.0675 -0.8669
vn 0.8594 0.0893 -0.5034
vn 0.8670 0.0757 -0.4925
vn 0.5101 0.0446 -0.8590
vn 0.8594 0.0893 -0.5034
vn 0.9962 0.0873 -0.0046
vn 0.9962 0.0869 -0.0000
vn 0.8670 0.0757 -0.4925
vn 0.9962 0.0873 -0.0046
vn 0.8659 0.0618 0.4964
vn 0.8670 0.0757 0.4925
vn 0.9962 0.0869 -0.0000
vn 0.8659 0.0618 0.4964
vn 0.5021 0.0195 0.8646
vn 0.5101 0.0445 0.8590
vn 0.8670 0.0757 0.4925
vn 0.5021 0.0195 0.8646
vn 0.0025 -0.0281 0.9996
vn 0.0144 0.0012 0.9999
vn 0.5101 0.0445 0.8590
vn 0.0025 -0.0281 0.9996
vn -0.4979 -0.0680 0.8646
vn -0.4886 -0.0428 0.8715
vn 0.0144 0.0012 0.9999
vn -0.4979 -0.0680 0.8646
vn -0.8634 -0.0896 0.4964
vn -0.8599 -0.0754 0.5049
vn -0.4886 -0.0428 0.8715
vn -0.8634 -0.0896 0.4964
vn -0.9962 -0.0870 -0.0046
vn -0.9962 -0.0874 0.0000
vn -0.8599 -0.0754 0.5049
vn -0.9962 -0.0870 -0.0046
vn -0.8619 -0.0612 -0.5034
vn -0.8599 -0.0754 -0.5049
vn -0.9962 -0.0874 0.0000
vn -0.8619 -0.0612 -0.5034
vn -0.4981 -0.0192 -0.8669
vn -0.4886 -0.0428 -0.8715
vn -0.8599 -0.0754 -0.5049
vn -0.0000 -1.0000 0.0000
vn 0.0000 -1.0000 -0.0000
vn 0.0000 -1.0000 -0.0000
vn 0.0000 -1.0000 -0.0000
vn 0.0000 -1.0000 -0.0000
vn 0.0000 -1.0000 -0.0000
vn -0.0000 -1.0000 -0.0000
vn 0.0000 -1.0000 -0.0000
vn 0.0000 -1.0000 -0.0000
vn 0.0000 -1.0000 -0.0000
vn -0.0000 -1.0000 0.0000
vn -0.0000 -1.0000 -0.0000
vn 0.0000 -1.0000 -0.0000
vn -0.0000 -1.0000 0.0000
vn 0.0000 -1.0000 -0.0000
vn -0.0000 -1.0000 0.0000
vn 0.0000 -1.0000 0.0000
vn 0.0000 -1.0000 -0.0000
vn 0.0000 -1.0000 -0.0000
vn 0.0000 -1.0000 0.0000
vn 0.0000 -1.0000 -0.0000
vn 0.0000 -1.0000 -0.0000
vn 0.0000 -1.0000 -0.0000
vn 0.0000 -1.0000 -0.0000
vn 0.0000 -1.0000 -0.0000
vn 0.0000 -1.0000 0.0000
vn 0.0000 -1.0000 -0.0000
vn 0.0000 -1.0000 -0.0000
vn 0.0000 -1.0000 0.0000
vn 0.0000 -1.0000 -0.0000
vn 0.0000 -1.0000 0.0000
vn 0.0000 -1.0000 -0.0000
vn -0.0000 -1.0000 0.0000
vn 0.0000 -1.0000 -0.0000
vn 0.0000 -1.0000 -0.0000
vn 0.0000 -1.0000 -0.0000
vn 0.0000 -1.0000 0.0000
vn 0.0000 -1.0000 -0.0000
vn 0.0000 -1.0000 -0.0000
vn 0.0000 -1.0000 0.0000
vn 0.0000 -1.0000 -0.0000
vn 0.0000 -1.0000 -0.0000
vn -0.0000 -1.0000 -0.0000
vn 0.0000 -1.0000 -0.0000
vn 0.0000 -1.0000 -0.0000
vn 0.0000 -1.0000 -0.0000
vn 0.0000 -1.0000 -0.0000
vn 0.0000 -1.0000 -0.0000
vn 0.0000 -1.0000 -0.0000
vn 0.0000 -1.0000 -0.0000
vn -0.0000 -1.0000 0.0000
vn -0.0000 -1.0000 -0.0000
vn 0.0000 -1.0000 -0.0000
vn 0.0000 -1.0000 0.0000
vn 0.0000 -1.0000 -0.0000
vn 0.0000 -1.0000 -0.0000
vn 0.0000 -1.0000 -0.0000
vn -0.0000 -1.0000 0.0000
vn 0.0000 -1.0000 -0.0000
vn -0.0000 -1.0000 0.0000
vn 0.0000 -1.0000 0.0000
vn 0.0000 -1.0000 -0.0000
vn 0.0000 -1.0000 0.0000
vn 0.0000 -1.0000 -0.0000
vn 0.0000 -1.0000 0.0000
vn 0.0000 -1.0000 -0.0000
vn 0.0000 -1.0000 -0.0000
vn 0.0000 -1.0000 0.0000
vn -0.0000 -1.0000 0.0000
vn 0.0000 -1.0000 -0.0000
vn 0.0000 -1.0000 -0.0000
vn 0.0000 -1.0000 -0.0000
vn 0.0000 -1.0000 -0.0000
vn 0.0000 -1.0000 -0.0000
vn 0.0000 -1.0000 -0.0000
vn 0.0000 -1.0000 -0.0000
vn 0.0000 -1.0000 -0.0000
vn 0.0000 -1.0000 -0.0000
vn -0.0000 -1.0000 -0.0000
vn 0.0000 -1.0000 -0.0000
vn 0.0000 -1.0000 -0.0000
vn 0.0000 -1.0000 0.0000
vn 0.0000 -1.0000 -0.0000
vn 0.0000 -1.0000 -0.0000
vn 0.0000 -1.0000 -0.0000
vn 0.0000 -1.0000 -0.0000
vn -0.0000 -1.0000 0.0000
vn -0.0000 -1.0000 -0.0000
vn 0.0000 -1.0000 0.0000
vn 0.0000 -1.0000 -0.0000
vn 0.0000 -1.0000 0.0000
vn 0.0000 -1.0000 -0.0000
vn 0.0000 -1.0000 -0.0000
vn -0.0000 -1.0000 0.0000
vn 0.0000 -1.0000 -0.0000
vn -0.0000 -1.0000 0.0000
vn 0.0000 -1.0000 0.0000
vn 0.0000 -1.0000 -0.0000
vn 0.0000 -1.0000 -0.0000
vn 0.0000 -1.0000 0.0000
vn -0.0000 -1.0000 0.0000
vn 0.0000 -1.0000 -0.0000
vn 0.0000 -1.0000 -0.0000
vn 0.0000 -1.0000 -0.0000
vn 0.0000 -1.0000 -0.0000
vn 0.0000 -1.0000 -0.0000
vn 0.0000 -1.0000 -0.0000
vn 0.0000 -1.0000 -0.0000
vn 0.0000 -1.0000 -0.0000
vn 0.0000 -1.0000 -0.0000
vn -0.0000 -1.0000 -0.0000
vn 0.0000 -1.0000 -0.0000
vn 0.0000 -1.0000 -0.0000
vn 0.0000 -1.0000 0.0000
vn 0.0000 -1.0000 -0.0000
vn 0.0000 -1.0000 -0.0000
vn 0.0000 -1.0000 -0.0000
vn 0.0000 -1.0000 -0.0000
vn -0.0000 -1.0000 0.0000
vn -0.0000 -1.0000 -0.0000
vn 0.0000 -1.0000 0.0000
vn 0.0000 -1.0000 -0.0000
vn 0.0000 -1.0000 0.0000
vn 0.0000 -1.0000 -0.0000
vn 0.0000 -1.0000 -0.0000
vn -0.0000 -1.0000 0.0000
vn 0.0000 -1.0000 -0.0000
vn -0.0000 -1.0000 0.0000
vn 0.0000 -1.0000 0.0000
vn 0.0000 -1.0000 -0.0000
vn 0.0000 -1.0000 -0.0000
vn 0.0000 -1.0000 0.0000
vn 0.0000 -1.0000 -0.0000
vn 0.0000 -1.0000 -0.0000
vn -0.0000 -1.0000 -0.0000
vn -0.0000 -1.0000 0.0000
vn 0.0000 -1.0000 -0.0000
vn 0.0000 -1.0000 -0.0000
vn 0.0000 -1.0000 -0.0000
vn 0.0000 -1.0000 -0.0000
vn 0.0000 -1.0000 -0.0000
vn -0.0000 -1.0000 -0.0000
vn -0.0000 -1.0000 -0.0000
vn -0.0000 -1.0000 -0.0000
vn 0.0000 -1.0000 -0.0000
vn 0.0000 -1.0000 0.0000
vn 0.0000 -1.0000 -0.0000
vn 0.0000 -1.0000 -0.0000
vn -0.0000 -1.0000 -0.0000
vn -0.0000 -1.0000 0.0000
vn 0.0000 -1.0000 -0.0000
vn -0.0000 -1.0000 -0.0000
vn 0.0000 -1.0000 0.0000
vn 0.0000 -1.0000 -0.0000
vn 0.0000 -1.0000 0.0000
vn 0.0000 -1.0000 -0.0000
vn -0.0000 -1.0000 0.0000
vn 0.0000 -1.0000 -0.0000
vn 0.0000 -1.0000 -0.0000
vn 0.0000 -1.0000 -0.0000
vn 0.0000 -1.0000 -0.0000
vn 0.0000 -1.0000 -0.0000
vn 0.0000 -1.0000 -0.0000
vn 0.0000 -1.0000 -0.0000
vn 0.0000 -1.0000 0.0000
vn -0.0000 -1.0000 -0.0000
vn -0.0000 -1.0000 -0.0000
vn 0.0000 -1.0000 -0.0000
vn 0.0000 -1.0000 -0.0000
vn 0.0000 -1.0000 -0.0000
vn 0.0000 -1.0000 -0.0000
vn 0.0000 -1.0000 -0.0000
vn -0.0000 -1.0000 -0.0000
vn -0.0000 -1.0000 -0.0000
vn -0.0000 -1.0000 -0.0000
vn -0.0000 -1.0000 -0.0000
vn 0.0000 -1.0000 -0.0000
vn 0.0000 -1.0000 -0.0000
vn -0.0000 -1.0000 0.0000
vn 0.0000 -1.0000 -0.0000
vn -0.0000 -1.0000 -0.0000
vn -0.0000 -1.0000 -0.0000
vn -0.0000 -1.0000 -0.0000
vn -0.0000 -1.0000 -0.0000
vn 0.0000 -1.0000 -0.0000
vn -0.0000 -1.0000 -0.0000
vn 0.0000 -1.0000 -0.0000
vn -0.0000 -1.0000 0.0000
vn -0.0000 -1.0000 -0.0000
vn -0.0000 -1.0000 -0.0000
vn 0.0000 -1.0000 0.0000
vn -0.0000 -1.0000 -0.0000
vn 0.0000 -1.0000 -0.0000
vn 0.0000 -1.0000 -0.0000
vn 0.0000 -1.0000 0.0000
vn 0.0000 -1.0000 -0.0000
vn 0.0000 -1.0000 0.0000
vn -0.0000 -1.0000 -0.0000
vn -0.0000 -1.0000 -0.0000
vn 0.0000 -1.0000 -0.0000
vn 0.0000 -1.0000 -0.0000
vn 0.0000 -1.0000 -0.0000
vn 0.0000 -1.0000 0.0000
vn 0.0000 -1.0000 0.0000
vn -0.0000 -1.0000 -0.0000
vn -0.0000 -1.0000 -0.0000
vn -0.0000 -1.0000 -0.0000
vn -0.0000 -1.0000 -0.0000
vn 0.0000 -1.0000 -0.0000
vn 0.0000 -1.0000 -0.0000
vn 0.0000 -1.0000 -0.0000
vn 0.0000 -1.0000 0.0000
vn -0.0000 -1.0000 -0.0000
vn -0.0000 -1.0000 -0.0000
vn -0.0000 -1.0000 -0.0000
vn -0.0000 -1.0000 -0.0000
vn 0.0000 -1.0000 -0.0000
vn 0.0000 -1.0000 -0.0000
vn -0.0000 -1.0000 0.0000
vn 0.0000 -1.0000 -0.0000
vn -0.0000 -1.0000 -0.0000
vn -0.0000 -1.0000 -0.0000
vn 0.0000 -1.0000 0.0000
vn -0.0000 -1.0000 -0.0000
vn 0.0000 -1.0000 -0.0000
vn 0.0000 -1.0000 -0.0000
vn 0.0000 -1.0000 -0.0000
vn 0.0000 -1.0000 -0.0000
vn 0.0000 -1.0000 0.0000
vn -0.0000 -1.0000 -0.0000
vn -0.0000 -1.0000 -0.0000
vn 0.0000 -1.0000 -0.0000
vn 0.0000 -1.0000 -0.0000
vn 0.0000 -1.0000 -0.0000
vn 0.0000 -1.0000 -0.0000
vn 0.0000 -1.0000 -0.0000
vn -0.0000 -1.0000 -0.0000
vn -0.0000 -1.0000 -0.0000
vn -0.0000 -1.0000 -0.0000
vn -0.0000 -1.0000 -0.0000
vn 0.0000 -1.0000 -0.0000
vn 0.0000 -1.0000 -0.0000
vn -0.0000 -1.0000 0.0000
vn 0.0000 -1.0000 -0.0000
vn -0.0000 -1.0000 -0.0000
vn -0.0000 -1.0000 -0.0000
vn -0.0000 -1.0000 -0.0000
vn -0.0000 -1.0000 -0.0000
vn 0.0000 -1.0000 -0.0000
vn -0.0000 -1.0000 -0.0000
vn 0.0000 -1.0000 -0.0000
vn -0.0000 -1.0000 0.0000
vn -0.0000 -1.0000 -0.0000
vn -0.0000 -1.0000 -0.0000
vn 0.0000 -1.0000 0.0000
vn -0.0000 -1.0000 -0.0000
vn 0.0000 -1.0000 -0.0000
vn 0.0000 -1.0000 -0.0000
vn 0.0000 -1.0000 -0.0000
vn 0.0000 -1.0000 -0.0000
vn 0.0000 -1.0000 0.0000
vn -0.0000 -1.0000 -0.0000
vn -0.0000 -1.0000 -0.0000
vn 0.0000 -1.0000 -0.0000
vn 0.0000 -1.0000 -0.0000
vn 0.0000 -1.0000 -0.0000
vn 0.0000 -1.0000 -0.0000
vn 0.0000 -1.0000 -0.0000
vn -0.0000 -1.0000 -0.0000
vn -0.0000 -1.0000 -0.0000
vn -0.0000 -1.0000 -0.0000
vn -0.0000 -1.0000 -0.0000
vn 0.0000 -1.0000 -0.0000
vn 0.0000 -1.0000 -0.0000
vn -0.0000 -1.0000 0.0000
vn 0.0000 -1.0000 -0.0000
vn -0.0000 -1.0000 -0.0000
vn -0.0000 -1.0000 -0.0000
vn -0.0000 -1.0000 -0.0000
vn -0.0000 -1.0000 -0.0000
vn 0.0000 -1.0000 -0.0000
vn -0.0000 -1.0000 -0.0000
vn 0.0000 -1.0000 -0.0000
vn -0.0000 -1.0000 0.0000
vn -0.0000 -1.0000 -0.0000
vn -0.0000 -1.0000 -0.0000
vn 0.0000 -1.0000 0.0000
vn -0.0000 -1.0000 -0.0000
vn 0.0000 -1.0000 -0.0000
vn 0.0000 -1.0000 -0.0000
vn 0.0000 -1.0000 -0.0000
vn 0.0000 -1.0000 -0.0000
vn 0.0000 -1.0000 0.0000
vn -0.0000 -1.0000 -0.0000
vn -0.0000 -1.0000 -0.0000
vn 0.0000 -1.0000 -0.0000
vn 0.0000 -1.0000 -0.0000
vn 0.0000 -1.0000 -0.0000
vn 0.0000 -1.0000 -0.0000
vn 0.0000 -1.0000 -0.0000
vn -0.0000 -1.0000 -0.0000
vn -0.0000 -1.0000 -0.0000
vn -0.0000 -1.0000 -0.0000
vn -0.0000 -1.0000 -0.0000
vn 0.0000 -1.0000 -0.0000
vn 0.0000 -1.0000 -0.0000
vn -0.0000 -1.0000 0.0000
vn 0.0000 -1.0000 -0.0000
vn -0.0000 -1.0000 -0.0000
vn -0.0000 -1.0000 -0.0000
vn -0.0000 -1.0000 -0.0000
vn -0.0000 -1.0000 -0.0000
vn -0.0000 -1.0000 -0.0000
vn -0.0000 -1.0000 -0.0000
vn 0.0000 -1.0000 0.0000
vn -0.0000 -1.0000 -0.0000
vn 0.0000 -1.0000 -0.0000
vn -0.0000 -1.0000 -0.0000
vn 0.0000 -1.0000 -0.0000
vn -0.0000 -1.0000 0.0000
# 14912 vertex normals

vt 0.2117 0.0500 0.0000
vt 0.1891 0.0500 0.0000
vt 0.1891 0.0274 0.0000
vt 0.2117 0.0274 0.0000
vt 0.1891 0.0504 0.0000
vt 0.2117 0.0504 0.0000
vt 0.2117 0.0729 0.0000
vt 0.1891 0.0729 0.0000
vt 0.0743 0.9895 0.0000
vt 0.0743 0.0105 0.0000
vt 0.0969 0.0105 0.0000
vt 0.0969 0.9895 0.0000
vt 0.0514 0.9895 0.0000
vt 0.0514 0.0105 0.0000
vt 0.0739 0.0105 0.0000
vt 0.0739 0.9895 0.0000
vt 0.0973 0.9895 0.0000
vt 0.0973 0.0105 0.0000
vt 0.1198 0.0105 0.0000
vt 0.1198 0.9895 0.0000
vt 0.1887 0.0109 0.0000
vt 0.1887 0.9899 0.0000
vt 0.1662 0.9899 0.0000
vt 0.1662 0.0109 0.0000
vt 0.2117 0.0270 0.0000
vt 0.1891 0.0270 0.0000
vt 0.1891 0.0045 0.0000
vt 0.2117 0.0045 0.0000
vt 0.2346 0.0045 0.0000
vt 0.2346 0.0270 0.0000
vt 0.2121 0.0270 0.0000
vt 0.2121 0.0045 0.0000
vt 0.0284 0.9895 0.0000
vt 0.0284 0.0105 0.0000
vt 0.0510 0.0105 0.0000
vt 0.0510 0.9895 0.0000
vt 0.1432 0.9895 0.0000
vt 0.1432 0.0105 0.0000
vt 0.1658 0.0105 0.0000
vt 0.1658 0.9895 0.0000
vt 0.0055 0.9895 0.0000
vt 0.0055 0.0105 0.0000
vt 0.0280 0.0105 0.0000
vt 0.0280 0.9895 0.0000
vt 0.1428 0.0109 0.0000
vt 0.1428 0.9899 0.0000
vt 0.1203 0.9899 0.0000
vt 0.1203 0.0109 0.0000
vt 0.1887 0.9960 0.0000
vt 0.1662 0.9960 0.0000
vt 0.1662 0.0045 0.0000
vt 0.1887 0.0045 0.0000
vt 0.0514 0.0045 0.0000
vt 0.0739 0.0045 0.0000
vt 0.0739 0.9960 0.0000
vt 0.0514 0.9960 0.0000
vt 0.0973 0.0045 0.0000
vt 0.1198 0.0045 0.0000
vt 0.1198 0.9960 0.0000
vt 0.0973 0.9960 0.0000
vt 0.0743 0.0045 0.0000
vt 0.0969 0.0045 0.0000
vt 0.0969 0.9960 0.0000
vt 0.0743 0.9960 0.0000
vt 0.1428 0.9960 0.0000
vt 0.1203 0.9960 0.0000
vt 0.1203 0.0045 0.0000
vt 0.1428 0.0045 0.0000
vt 0.1432 0.0045 0.0000
vt 0.1658 0.0045 0.0000
vt 0.1658 0.9960 0.0000
vt 0.1432 0.9960 0.0000
vt 0.0055 0.0045 0.0000
vt 0.0280 0.0045 0.0000
vt 0.0280 0.9960 0.0000
vt 0.0055 0.9960 0.0000
vt 0.0284 0.0045 0.0000
vt 0.0510 0.0045 0.0000
vt 0.0510 0.9960 0.0000
vt 0.0284 0.9960 0.0000
vt 0.3099 0.6926 0.0000
vt 0.3069 0.6927 0.0000
vt 0.3067 0.6798 0.0000
vt 0.3098 0.6797 0.0000
vt 0.3038 0.6927 0.0000
vt 0.3036 0.6798 0.0000
vt 0.3007 0.6928 0.0000
vt 0.3006 0.6799 0.0000
vt 0.2977 0.6929 0.0000
vt 0.2975 0.6799 0.0000
vt 0.2946 0.6929 0.0000
vt 0.2944 0.6800 0.0000
vt 0.2915 0.6930 0.0000
vt 0.2913 0.6800 0.0000
vt 0.3285 0.6923 0.0000
vt 0.3254 0.6924 0.0000
vt 0.3251 0.6795 0.0000
vt 0.3282 0.6795 0.0000
vt 0.3223 0.6924 0.0000
vt 0.3221 0.6796 0.0000
vt 0.3192 0.6925 0.0000
vt 0.3190 0.6796 0.0000
vt 0.3161 0.6925 0.0000
vt 0.3159 0.6797 0.0000
vt 0.3130 0.6926 0.0000
vt 0.3128 0.6797 0.0000
vt 0.3063 0.6669 0.0000
vt 0.3094 0.6669 0.0000
vt 0.3032 0.6669 0.0000
vt 0.3001 0.6670 0.0000
vt 0.2970 0.6670 0.0000
vt 0.2940 0.6670 0.0000
vt 0.2909 0.6671 0.0000
vt 0.3249 0.6667 0.0000
vt 0.3280 0.6667 0.0000
vt 0.3218 0.6668 0.0000
vt 0.3187 0.6668 0.0000
vt 0.3156 0.6668 0.0000
vt 0.3125 0.6668 0.0000
vt 0.3063 0.6540 0.0000
vt 0.3094 0.6540 0.0000
vt 0.3032 0.6540 0.0000
vt 0.3001 0.6540 0.0000
vt 0.2970 0.6541 0.0000
vt 0.2939 0.6541 0.0000
vt 0.2909 0.6541 0.0000
vt 0.3249 0.6539 0.0000
vt 0.3280 0.6539 0.0000
vt 0.3218 0.6539 0.0000
vt 0.3187 0.6539 0.0000
vt 0.3156 0.6539 0.0000
vt 0.3125 0.6540 0.0000
vt 0.3063 0.6411 0.0000
vt 0.3094 0.6411 0.0000
vt 0.3033 0.6411 0.0000
vt 0.3002 0.6411 0.0000
vt 0.2971 0.6411 0.0000
vt 0.2940 0.6411 0.0000
vt 0.2909 0.6411 0.0000
vt 0.3249 0.6411 0.0000
vt 0.3280 0.6411 0.0000
vt 0.3218 0.6411 0.0000
vt 0.3187 0.6411 0.0000
vt 0.3156 0.6411 0.0000
vt 0.3125 0.6411 0.0000
vt 0.3065 0.6282 0.0000
vt 0.3096 0.6282 0.0000
vt 0.3034 0.6282 0.0000
vt 0.3003 0.6282 0.0000
vt 0.2972 0.6282 0.0000
vt 0.2941 0.6282 0.0000
vt 0.2910 0.6281 0.0000
vt 0.3250 0.6283 0.0000
vt 0.3281 0.6283 0.0000
vt 0.3219 0.6282 0.0000
vt 0.3189 0.6282 0.0000
vt 0.3158 0.6282 0.0000
vt 0.3127 0.6282 0.0000
vt 0.3066 0.6153 0.0000
vt 0.3097 0.6153 0.0000
vt 0.3035 0.6153 0.0000
vt 0.3004 0.6153 0.0000
vt 0.2973 0.6152 0.0000
vt 0.2942 0.6152 0.0000
vt 0.2911 0.6152 0.0000
vt 0.3252 0.6154 0.0000
vt 0.3283 0.6155 0.0000
vt 0.3221 0.6154 0.0000
vt 0.3190 0.6154 0.0000
vt 0.3159 0.6153 0.0000
vt 0.3128 0.6153 0.0000
vt 0.3069 0.6024 0.0000
vt 0.3100 0.6024 0.0000
vt 0.3038 0.6024 0.0000
vt 0.3006 0.6024 0.0000
vt 0.2975 0.6023 0.0000
vt 0.2943 0.6023 0.0000
vt 0.2912 0.6022 0.0000
vt 0.3255 0.6026 0.0000
vt 0.3286 0.6026 0.0000
vt 0.3224 0.6025 0.0000
vt 0.3193 0.6025 0.0000
vt 0.3162 0.6024 0.0000
vt 0.3131 0.6024 0.0000
vt 0.3073 0.5895 0.0000
vt 0.3104 0.5895 0.0000
vt 0.3042 0.5895 0.0000
vt 0.3012 0.5895 0.0000
vt 0.2981 0.5895 0.0000
vt 0.2950 0.5894 0.0000
vt 0.2919 0.5893 0.0000
vt 0.3258 0.5897 0.0000
vt 0.3289 0.5898 0.0000
vt 0.3227 0.5896 0.0000
vt 0.3197 0.5896 0.0000
vt 0.3166 0.5896 0.0000
vt 0.3135 0.5895 0.0000
vt 0.3078 0.5766 0.0000
vt 0.3108 0.5766 0.0000
vt 0.3047 0.5766 0.0000
vt 0.3017 0.5766 0.0000
vt 0.2986 0.5766 0.0000
vt 0.2956 0.5765 0.0000
vt 0.2925 0.5764 0.0000
vt 0.3261 0.5768 0.0000
vt 0.3292 0.5769 0.0000
vt 0.3231 0.5768 0.0000
vt 0.3200 0.5767 0.0000
vt 0.3169 0.5766 0.0000
vt 0.3139 0.5766 0.0000
vt 0.3082 0.5636 0.0000
vt 0.3112 0.5636 0.0000
vt 0.3051 0.5636 0.0000
vt 0.3021 0.5637 0.0000
vt 0.2991 0.5637 0.0000
vt 0.2961 0.5637 0.0000
vt 0.2930 0.5637 0.0000
vt 0.3265 0.5639 0.0000
vt 0.3296 0.5640 0.0000
vt 0.3234 0.5639 0.0000
vt 0.3203 0.5638 0.0000
vt 0.3173 0.5637 0.0000
vt 0.3142 0.5637 0.0000
vt 0.3082 0.5506 0.0000
vt 0.3112 0.5506 0.0000
vt 0.3052 0.5507 0.0000
vt 0.3021 0.5508 0.0000
vt 0.2991 0.5509 0.0000
vt 0.2960 0.5509 0.0000
vt 0.2929 0.5510 0.0000
vt 0.3265 0.5511 0.0000
vt 0.3296 0.5511 0.0000
vt 0.3234 0.5510 0.0000
vt 0.3204 0.5509 0.0000
vt 0.3173 0.5508 0.0000
vt 0.3143 0.5507 0.0000
vt 0.3081 0.5376 0.0000
vt 0.3111 0.5376 0.0000
vt 0.3051 0.5377 0.0000
vt 0.3020 0.5379 0.0000
vt 0.2990 0.5380 0.0000
vt 0.2959 0.5382 0.0000
vt 0.2928 0.5383 0.0000
vt 0.3264 0.5382 0.0000
vt 0.3294 0.5383 0.0000
vt 0.3233 0.5381 0.0000
vt 0.3202 0.5379 0.0000
vt 0.3172 0.5378 0.0000
vt 0.3141 0.5376 0.0000
vt 0.3079 0.5245 0.0000
vt 0.3109 0.5244 0.0000
vt 0.3049 0.5247 0.0000
vt 0.3018 0.5250 0.0000
vt 0.2987 0.5253 0.0000
vt 0.2956 0.5255 0.0000
vt 0.2925 0.5256 0.0000
vt 0.3262 0.5255 0.0000
vt 0.3293 0.5256 0.0000
vt 0.3231 0.5253 0.0000
vt 0.3200 0.5250 0.0000
vt 0.3170 0.5247 0.0000
vt 0.3139 0.5245 0.0000
vt 0.3076 0.5113 0.0000
vt 0.3108 0.5111 0.0000
vt 0.3044 0.5116 0.0000
vt 0.3013 0.5121 0.0000
vt 0.2982 0.5125 0.0000
vt 0.2952 0.5129 0.0000
vt 0.2921 0.5130 0.0000
vt 0.3261 0.5129 0.0000
vt 0.3291 0.5131 0.0000
vt 0.3231 0.5126 0.0000
vt 0.3201 0.5121 0.0000
vt 0.3171 0.5116 0.0000
vt 0.3139 0.5113 0.0000
vt 0.3188 0.8739 0.0000
vt 0.3156 0.8739 0.0000
vt 0.3148 0.8607 0.0000
vt 0.3179 0.8606 0.0000
vt 0.3123 0.8738 0.0000
vt 0.3117 0.8607 0.0000
vt 0.3091 0.8735 0.0000
vt 0.3086 0.8606 0.0000
vt 0.3059 0.8732 0.0000
vt 0.3055 0.8604 0.0000
vt 0.3028 0.8729 0.0000
vt 0.3024 0.8604 0.0000
vt 0.2997 0.8729 0.0000
vt 0.2993 0.8605 0.0000
vt 0.3375 0.8711 0.0000
vt 0.3344 0.8713 0.0000
vt 0.3331 0.8587 0.0000
vt 0.3362 0.8584 0.0000
vt 0.3314 0.8718 0.0000
vt 0.3300 0.8591 0.0000
vt 0.3283 0.8724 0.0000
vt 0.3270 0.8596 0.0000
vt 0.3252 0.8731 0.0000
vt 0.3239 0.8600 0.0000
vt 0.3221 0.8736 0.0000
vt 0.3209 0.8604 0.0000
vt 0.3138 0.8477 0.0000
vt 0.3168 0.8475 0.0000
vt 0.3107 0.8477 0.0000
vt 0.3077 0.8477 0.0000
vt 0.3046 0.8477 0.0000
vt 0.3015 0.8477 0.0000
vt 0.2984 0.8479 0.0000
vt 0.3320 0.8460 0.0000
vt 0.3351 0.8458 0.0000
vt 0.3289 0.8464 0.0000
vt 0.3259 0.8467 0.0000
vt 0.3228 0.8471 0.0000
vt 0.3198 0.8473 0.0000
vt 0.3127 0.8347 0.0000
vt 0.3157 0.8345 0.0000
vt 0.3097 0.8347 0.0000
vt 0.3066 0.8348 0.0000
vt 0.3036 0.8349 0.0000
vt 0.3005 0.8350 0.0000
vt 0.2974 0.8352 0.0000
vt 0.3310 0.8333 0.0000
vt 0.3341 0.8331 0.0000
vt 0.3279 0.8336 0.0000
vt 0.3249 0.8338 0.0000
vt 0.3218 0.8341 0.0000
vt 0.3188 0.8343 0.0000
vt 0.3118 0.8217 0.0000
vt 0.3148 0.8216 0.0000
vt 0.3087 0.8218 0.0000
vt 0.3056 0.8219 0.0000
vt 0.3026 0.8220 0.0000
vt 0.2995 0.8222 0.0000
vt 0.2964 0.8224 0.0000
vt 0.3301 0.8205 0.0000
vt 0.3332 0.8203 0.0000
vt 0.3271 0.8208 0.0000
vt 0.3240 0.8210 0.0000
vt 0.3209 0.8212 0.0000
vt 0.3179 0.8214 0.0000
vt 0.3109 0.8088 0.0000
vt 0.3140 0.8086 0.0000
vt 0.3079 0.8089 0.0000
vt 0.3048 0.8090 0.0000
vt 0.3017 0.8091 0.0000
vt 0.2987 0.8093 0.0000
vt 0.2956 0.8095 0.0000
vt 0.3294 0.8078 0.0000
vt 0.3325 0.8076 0.0000
vt 0.3263 0.8079 0.0000
vt 0.3232 0.8081 0.0000
vt 0.3201 0.8083 0.0000
vt 0.3171 0.8085 0.0000
vt 0.3102 0.7959 0.0000
vt 0.3133 0.7957 0.0000
vt 0.3072 0.7960 0.0000
vt 0.3041 0.7961 0.0000
vt 0.3010 0.7962 0.0000
vt 0.2980 0.7964 0.0000
vt 0.2949 0.7965 0.0000
vt 0.3287 0.7949 0.0000
vt 0.3318 0.7948 0.0000
vt 0.3256 0.7951 0.0000
vt 0.3225 0.7953 0.0000
vt 0.3195 0.7954 0.0000
vt 0.3164 0.7956 0.0000
vt 0.3097 0.7830 0.0000
vt 0.3127 0.7828 0.0000
vt 0.3066 0.7831 0.0000
vt 0.3035 0.7832 0.0000
vt 0.3004 0.7833 0.0000
vt 0.2974 0.7835 0.0000
vt 0.2943 0.7836 0.0000
vt 0.3282 0.7821 0.0000
vt 0.3312 0.7820 0.0000
vt 0.3251 0.7823 0.0000
vt 0.3220 0.7824 0.0000
vt 0.3189 0.7826 0.0000
vt 0.3158 0.7827 0.0000
vt 0.3092 0.7701 0.0000
vt 0.3122 0.7699 0.0000
vt 0.3061 0.7702 0.0000
vt 0.3030 0.7703 0.0000
vt 0.2999 0.7704 0.0000
vt 0.2968 0.7705 0.0000
vt 0.2938 0.7706 0.0000
vt 0.3277 0.7693 0.0000
vt 0.3308 0.7692 0.0000
vt 0.3246 0.7694 0.0000
vt 0.3215 0.7696 0.0000
vt 0.3184 0.7697 0.0000
vt 0.3153 0.7698 0.0000
vt 0.3087 0.7572 0.0000
vt 0.3118 0.7571 0.0000
vt 0.3056 0.7573 0.0000
vt 0.3025 0.7574 0.0000
vt 0.2995 0.7575 0.0000
vt 0.2964 0.7576 0.0000
vt 0.2933 0.7577 0.0000
vt 0.3272 0.7565 0.0000
vt 0.3303 0.7564 0.0000
vt 0.3241 0.7566 0.0000
vt 0.3211 0.7567 0.0000
vt 0.3180 0.7568 0.0000
vt 0.3149 0.7569 0.0000
vt 0.3083 0.7443 0.0000
vt 0.3114 0.7442 0.0000
vt 0.3052 0.7444 0.0000
vt 0.3021 0.7445 0.0000
vt 0.2990 0.7446 0.0000
vt 0.2960 0.7447 0.0000
vt 0.2929 0.7448 0.0000
vt 0.3268 0.7437 0.0000
vt 0.3299 0.7436 0.0000
vt 0.3237 0.7438 0.0000
vt 0.3206 0.7439 0.0000
vt 0.3176 0.7440 0.0000
vt 0.3145 0.7441 0.0000
vt 0.3079 0.7314 0.0000
vt 0.3110 0.7313 0.0000
vt 0.3048 0.7315 0.0000
vt 0.3017 0.7315 0.0000
vt 0.2986 0.7316 0.0000
vt 0.2956 0.7317 0.0000
vt 0.2925 0.7318 0.0000
vt 0.3264 0.7308 0.0000
vt 0.3295 0.7307 0.0000
vt 0.3234 0.7309 0.0000
vt 0.3203 0.7310 0.0000
vt 0.3172 0.7311 0.0000
vt 0.3141 0.7312 0.0000
vt 0.3076 0.7185 0.0000
vt 0.3107 0.7184 0.0000
vt 0.3045 0.7186 0.0000
vt 0.3014 0.7186 0.0000
vt 0.2983 0.7187 0.0000
vt 0.2952 0.7188 0.0000
vt 0.2921 0.7189 0.0000
vt 0.3261 0.7180 0.0000
vt 0.3292 0.7179 0.0000
vt 0.3230 0.7181 0.0000
vt 0.3200 0.7182 0.0000
vt 0.3169 0.7182 0.0000
vt 0.3138 0.7183 0.0000
vt 0.3071 0.7056 0.0000
vt 0.3102 0.7055 0.0000
vt 0.3040 0.7057 0.0000
vt 0.3010 0.7057 0.0000
vt 0.2979 0.7058 0.0000
vt 0.2948 0.7059 0.0000
vt 0.2917 0.7059 0.0000
vt 0.3256 0.7052 0.0000
vt 0.3287 0.7051 0.0000
vt 0.3225 0.7052 0.0000
vt 0.3194 0.7053 0.0000
vt 0.3163 0.7054 0.0000
vt 0.3132 0.7055 0.0000
vt 0.3037 0.9926 0.0000
vt 0.3005 0.9893 0.0000
vt 0.3130 0.9929 0.0000
vt 0.3083 0.9939 0.0000
vt 0.3282 0.9748 0.0000
vt 0.3185 0.9832 0.0000
vt 0.3200 0.9789 0.0000
vt 0.3236 0.9759 0.0000
vt 0.3091 0.4120 0.0000
vt 0.3125 0.4116 0.0000
vt 0.3057 0.4125 0.0000
vt 0.3024 0.4130 0.0000
vt 0.2991 0.4133 0.0000
vt 0.2209 0.6926 0.0000
vt 0.2178 0.6927 0.0000
vt 0.2176 0.6798 0.0000
vt 0.2207 0.6797 0.0000
vt 0.2147 0.6927 0.0000
vt 0.2146 0.6798 0.0000
vt 0.2116 0.6928 0.0000
vt 0.2115 0.6799 0.0000
vt 0.2086 0.6929 0.0000
vt 0.2084 0.6799 0.0000
vt 0.2055 0.6929 0.0000
vt 0.2053 0.6800 0.0000
vt 0.2024 0.6930 0.0000
vt 0.2022 0.6800 0.0000
vt 0.2363 0.6924 0.0000
vt 0.2360 0.6795 0.0000
vt 0.2332 0.6924 0.0000
vt 0.2330 0.6796 0.0000
vt 0.2301 0.6925 0.0000
vt 0.2299 0.6796 0.0000
vt 0.2270 0.6925 0.0000
vt 0.2268 0.6797 0.0000
vt 0.2239 0.6926 0.0000
vt 0.2237 0.6797 0.0000
vt 0.2172 0.6669 0.0000
vt 0.2203 0.6669 0.0000
vt 0.2141 0.6669 0.0000
vt 0.2110 0.6670 0.0000
vt 0.2079 0.6670 0.0000
vt 0.2049 0.6670 0.0000
vt 0.2018 0.6671 0.0000
vt 0.2358 0.6667 0.0000
vt 0.2327 0.6668 0.0000
vt 0.2296 0.6668 0.0000
vt 0.2265 0.6668 0.0000
vt 0.2234 0.6668 0.0000
vt 0.2172 0.6540 0.0000
vt 0.2203 0.6540 0.0000
vt 0.2141 0.6540 0.0000
vt 0.2110 0.6540 0.0000
vt 0.2079 0.6541 0.0000
vt 0.2049 0.6541 0.0000
vt 0.2018 0.6541 0.0000
vt 0.2358 0.6539 0.0000
vt 0.2327 0.6539 0.0000
vt 0.2296 0.6539 0.0000
vt 0.2265 0.6539 0.0000
vt 0.2234 0.6540 0.0000
vt 0.2173 0.6411 0.0000
vt 0.2203 0.6411 0.0000
vt 0.2142 0.6411 0.0000
vt 0.2111 0.6411 0.0000
vt 0.2080 0.6411 0.0000
vt 0.2049 0.6411 0.0000
vt 0.2018 0.6411 0.0000
vt 0.2358 0.6411 0.0000
vt 0.2327 0.6411 0.0000
vt 0.2296 0.6411 0.0000
vt 0.2265 0.6411 0.0000
vt 0.2234 0.6411 0.0000
vt 0.2174 0.6282 0.0000
vt 0.2205 0.6282 0.0000
vt 0.2143 0.6282 0.0000
vt 0.2112 0.6282 0.0000
vt 0.2081 0.6282 0.0000
vt 0.2050 0.6282 0.0000
vt 0.2019 0.6281 0.0000
vt 0.2359 0.6283 0.0000
vt 0.2329 0.6282 0.0000
vt 0.2298 0.6282 0.0000
vt 0.2267 0.6282 0.0000
vt 0.2236 0.6282 0.0000
vt 0.2175 0.6153 0.0000
vt 0.2207 0.6153 0.0000
vt 0.2145 0.6153 0.0000
vt 0.2114 0.6153 0.0000
vt 0.2082 0.6152 0.0000
vt 0.2051 0.6152 0.0000
vt 0.2020 0.6152 0.0000
vt 0.2361 0.6154 0.0000
vt 0.2330 0.6154 0.0000
vt 0.2300 0.6154 0.0000
vt 0.2269 0.6153 0.0000
vt 0.2238 0.6153 0.0000
vt 0.2178 0.6024 0.0000
vt 0.2209 0.6024 0.0000
vt 0.2147 0.6024 0.0000
vt 0.2115 0.6024 0.0000
vt 0.2084 0.6023 0.0000
vt 0.2052 0.6023 0.0000
vt 0.2021 0.6022 0.0000
vt 0.2364 0.6026 0.0000
vt 0.2333 0.6025 0.0000
vt 0.2302 0.6025 0.0000
vt 0.2271 0.6024 0.0000
vt 0.2240 0.6024 0.0000
vt 0.2182 0.5895 0.0000
vt 0.2213 0.5895 0.0000
vt 0.2152 0.5895 0.0000
vt 0.2121 0.5895 0.0000
vt 0.2090 0.5895 0.0000
vt 0.2059 0.5894 0.0000
vt 0.2028 0.5893 0.0000
vt 0.2367 0.5897 0.0000
vt 0.2336 0.5896 0.0000
vt 0.2306 0.5896 0.0000
vt 0.2275 0.5896 0.0000
vt 0.2244 0.5895 0.0000
vt 0.2187 0.5766 0.0000
vt 0.2218 0.5766 0.0000
vt 0.2156 0.5766 0.0000
vt 0.2126 0.5766 0.0000
vt 0.2095 0.5766 0.0000
vt 0.2065 0.5765 0.0000
vt 0.2034 0.5764 0.0000
vt 0.2370 0.5768 0.0000
vt 0.2340 0.5768 0.0000
vt 0.2309 0.5767 0.0000
vt 0.2279 0.5766 0.0000
vt 0.2248 0.5766 0.0000
vt 0.2191 0.5636 0.0000
vt 0.2221 0.5636 0.0000
vt 0.2161 0.5636 0.0000
vt 0.2130 0.5637 0.0000
vt 0.2100 0.5637 0.0000
vt 0.2070 0.5637 0.0000
vt 0.2039 0.5637 0.0000
vt 0.2374 0.5639 0.0000
vt 0.2343 0.5639 0.0000
vt 0.2312 0.5638 0.0000
vt 0.2282 0.5637 0.0000
vt 0.2252 0.5637 0.0000
vt 0.2191 0.5506 0.0000
vt 0.2222 0.5506 0.0000
vt 0.2161 0.5507 0.0000
vt 0.2130 0.5508 0.0000
vt 0.2100 0.5509 0.0000
vt 0.2069 0.5509 0.0000
vt 0.2038 0.5510 0.0000
vt 0.2374 0.5511 0.0000
vt 0.2343 0.5510 0.0000
vt 0.2313 0.5509 0.0000
vt 0.2282 0.5508 0.0000
vt 0.2252 0.5507 0.0000
vt 0.2190 0.5376 0.0000
vt 0.2220 0.5376 0.0000
vt 0.2160 0.5377 0.0000
vt 0.2129 0.5379 0.0000
vt 0.2099 0.5380 0.0000
vt 0.2068 0.5382 0.0000
vt 0.2037 0.5383 0.0000
vt 0.2373 0.5382 0.0000
vt 0.2342 0.5381 0.0000
vt 0.2311 0.5379 0.0000
vt 0.2281 0.5378 0.0000
vt 0.2251 0.5376 0.0000
vt 0.2188 0.5245 0.0000
vt 0.2218 0.5244 0.0000
vt 0.2158 0.5247 0.0000
vt 0.2127 0.5250 0.0000
vt 0.2096 0.5253 0.0000
vt 0.2065 0.5255 0.0000
vt 0.2034 0.5256 0.0000
vt 0.2371 0.5255 0.0000
vt 0.2340 0.5253 0.0000
vt 0.2309 0.5250 0.0000
vt 0.2279 0.5247 0.0000
vt 0.2249 0.5245 0.0000
vt 0.2185 0.5113 0.0000
vt 0.2217 0.5111 0.0000
vt 0.2153 0.5116 0.0000
vt 0.2122 0.5121 0.0000
vt 0.2091 0.5125 0.0000
vt 0.2061 0.5129 0.0000
vt 0.2030 0.5130 0.0000
vt 0.2370 0.5129 0.0000
vt 0.2340 0.5126 0.0000
vt 0.2310 0.5121 0.0000
vt 0.2280 0.5116 0.0000
vt 0.2248 0.5113 0.0000
vt 0.2298 0.8739 0.0000
vt 0.2265 0.8739 0.0000
vt 0.2257 0.8607 0.0000
vt 0.2288 0.8606 0.0000
vt 0.2233 0.8738 0.0000
vt 0.2226 0.8607 0.0000
vt 0.2200 0.8735 0.0000
vt 0.2196 0.8606 0.0000
vt 0.2168 0.8732 0.0000
vt 0.2164 0.8604 0.0000
vt 0.2137 0.8729 0.0000
vt 0.2133 0.8604 0.0000
vt 0.2106 0.8729 0.0000
vt 0.2102 0.8605 0.0000
vt 0.2453 0.8713 0.0000
vt 0.2440 0.8587 0.0000
vt 0.2423 0.8718 0.0000
vt 0.2410 0.8591 0.0000
vt 0.2392 0.8724 0.0000
vt 0.2379 0.8596 0.0000
vt 0.2361 0.8731 0.0000
vt 0.2348 0.8600 0.0000
vt 0.2330 0.8736 0.0000
vt 0.2318 0.8604 0.0000
vt 0.2247 0.8477 0.0000
vt 0.2277 0.8475 0.0000
vt 0.2216 0.8477 0.0000
vt 0.2186 0.8477 0.0000
vt 0.2155 0.8477 0.0000
vt 0.2124 0.8477 0.0000
vt 0.2093 0.8479 0.0000
vt 0.2429 0.8460 0.0000
vt 0.2399 0.8464 0.0000
vt 0.2368 0.8467 0.0000
vt 0.2338 0.8471 0.0000
vt 0.2307 0.8473 0.0000
vt 0.2236 0.8347 0.0000
vt 0.2267 0.8345 0.0000
vt 0.2206 0.8347 0.0000
vt 0.2175 0.8348 0.0000
vt 0.2145 0.8349 0.0000
vt 0.2114 0.8350 0.0000
vt 0.2083 0.8352 0.0000
vt 0.2419 0.8333 0.0000
vt 0.2388 0.8336 0.0000
vt 0.2358 0.8338 0.0000
vt 0.2327 0.8341 0.0000
vt 0.2297 0.8343 0.0000
vt 0.2227 0.8217 0.0000
vt 0.2257 0.8216 0.0000
vt 0.2196 0.8218 0.0000
vt 0.2166 0.8219 0.0000
vt 0.2135 0.8220 0.0000
vt 0.2104 0.8222 0.0000
vt 0.2073 0.8224 0.0000
vt 0.2410 0.8205 0.0000
vt 0.2380 0.8208 0.0000
vt 0.2349 0.8210 0.0000
vt 0.2318 0.8212 0.0000
vt 0.2288 0.8214 0.0000
vt 0.2218 0.8088 0.0000
vt 0.2249 0.8086 0.0000
vt 0.2188 0.8089 0.0000
vt 0.2157 0.8090 0.0000
vt 0.2127 0.8091 0.0000
vt 0.2096 0.8093 0.0000
vt 0.2065 0.8095 0.0000
vt 0.2403 0.8078 0.0000
vt 0.2372 0.8079 0.0000
vt 0.2341 0.8081 0.0000
vt 0.2310 0.8083 0.0000
vt 0.2280 0.8085 0.0000
vt 0.2212 0.7959 0.0000
vt 0.2242 0.7957 0.0000
vt 0.2181 0.7960 0.0000
vt 0.2150 0.7961 0.0000
vt 0.2119 0.7962 0.0000
vt 0.2089 0.7964 0.0000
vt 0.2058 0.7965 0.0000
vt 0.2396 0.7949 0.0000
vt 0.2365 0.7951 0.0000
vt 0.2335 0.7953 0.0000
vt 0.2304 0.7954 0.0000
vt 0.2273 0.7956 0.0000
vt 0.2206 0.7830 0.0000
vt 0.2236 0.7828 0.0000
vt 0.2175 0.7831 0.0000
vt 0.2144 0.7832 0.0000
vt 0.2113 0.7833 0.0000
vt 0.2083 0.7835 0.0000
vt 0.2052 0.7836 0.0000
vt 0.2391 0.7821 0.0000
vt 0.2360 0.7823 0.0000
vt 0.2329 0.7824 0.0000
vt 0.2298 0.7826 0.0000
vt 0.2267 0.7827 0.0000
vt 0.2201 0.7701 0.0000
vt 0.2231 0.7699 0.0000
vt 0.2170 0.7702 0.0000
vt 0.2139 0.7703 0.0000
vt 0.2108 0.7704 0.0000
vt 0.2077 0.7705 0.0000
vt 0.2047 0.7706 0.0000
vt 0.2386 0.7693 0.0000
vt 0.2355 0.7694 0.0000
vt 0.2324 0.7696 0.0000
vt 0.2293 0.7697 0.0000
vt 0.2262 0.7698 0.0000
vt 0.2196 0.7572 0.0000
vt 0.2227 0.7571 0.0000
vt 0.2165 0.7573 0.0000
vt 0.2135 0.7574 0.0000
vt 0.2104 0.7575 0.0000
vt 0.2073 0.7576 0.0000
vt 0.2042 0.7577 0.0000
vt 0.2381 0.7565 0.0000
vt 0.2350 0.7566 0.0000
vt 0.2320 0.7567 0.0000
vt 0.2289 0.7568 0.0000
vt 0.2258 0.7569 0.0000
vt 0.2192 0.7443 0.0000
vt 0.2223 0.7442 0.0000
vt 0.2161 0.7444 0.0000
vt 0.2130 0.7445 0.0000
vt 0.2099 0.7446 0.0000
vt 0.2069 0.7447 0.0000
vt 0.2038 0.7448 0.0000
vt 0.2377 0.7437 0.0000
vt 0.2346 0.7438 0.0000
vt 0.2316 0.7439 0.0000
vt 0.2285 0.7440 0.0000
vt 0.2254 0.7441 0.0000
vt 0.2188 0.7314 0.0000
vt 0.2219 0.7313 0.0000
vt 0.2157 0.7315 0.0000
vt 0.2126 0.7315 0.0000
vt 0.2096 0.7316 0.0000
vt 0.2065 0.7317 0.0000
vt 0.2034 0.7318 0.0000
vt 0.2374 0.7308 0.0000
vt 0.2343 0.7309 0.0000
vt 0.2312 0.7310 0.0000
vt 0.2281 0.7311 0.0000
vt 0.2250 0.7312 0.0000
vt 0.2185 0.7185 0.0000
vt 0.2216 0.7184 0.0000
vt 0.2154 0.7186 0.0000
vt 0.2123 0.7186 0.0000
vt 0.2092 0.7187 0.0000
vt 0.2061 0.7188 0.0000
vt 0.2030 0.7189 0.0000
vt 0.2370 0.7180 0.0000
vt 0.2339 0.7181 0.0000
vt 0.2309 0.7182 0.0000
vt 0.2278 0.7182 0.0000
vt 0.2247 0.7183 0.0000
vt 0.2180 0.7056 0.0000
vt 0.2211 0.7055 0.0000
vt 0.2150 0.7057 0.0000
vt 0.2119 0.7057 0.0000
vt 0.2088 0.7058 0.0000
vt 0.2057 0.7059 0.0000
vt 0.2027 0.7059 0.0000
vt 0.2365 0.7052 0.0000
vt 0.2334 0.7052 0.0000
vt 0.2303 0.7053 0.0000
vt 0.2272 0.7054 0.0000
vt 0.2242 0.7055 0.0000
vt 0.2147 0.9926 0.0000
vt 0.2114 0.9893 0.0000
vt 0.2239 0.9929 0.0000
vt 0.2192 0.9939 0.0000
vt 0.2391 0.9748 0.0000
vt 0.2295 0.9832 0.0000
vt 0.2309 0.9789 0.0000
vt 0.2345 0.9759 0.0000
vt 0.2133 0.4130 0.0000
vt 0.2100 0.4133 0.0000
vt 0.2068 0.4134 0.0000
vt 0.2038 0.4133 0.0000
vt 0.2407 0.4130 0.0000
vt 0.2372 0.4125 0.0000
vt 0.2338 0.4120 0.0000
vt 0.2303 0.4116 0.0000
vt 0.2322 0.9734 0.0000
vt 0.2354 0.9731 0.0000
vt 0.2386 0.9726 0.0000
vt 0.2418 0.9720 0.0000
vt 0.2449 0.9713 0.0000
vt 0.2480 0.9709 0.0000
vt 0.2133 0.9724 0.0000
vt 0.2164 0.9724 0.0000
vt 0.2668 0.6926 0.0000
vt 0.2637 0.6927 0.0000
vt 0.2635 0.6798 0.0000
vt 0.2666 0.6797 0.0000
vt 0.2606 0.6927 0.0000
vt 0.2605 0.6798 0.0000
vt 0.2576 0.6928 0.0000
vt 0.2574 0.6799 0.0000
vt 0.2545 0.6929 0.0000
vt 0.2543 0.6799 0.0000
vt 0.2514 0.6929 0.0000
vt 0.2512 0.6800 0.0000
vt 0.2483 0.6930 0.0000
vt 0.2481 0.6800 0.0000
vt 0.2853 0.6923 0.0000
vt 0.2822 0.6924 0.0000
vt 0.2820 0.6795 0.0000
vt 0.2851 0.6795 0.0000
vt 0.2959 0.4134 0.0000
vt 0.2928 0.4133 0.0000
vt 0.3298 0.4130 0.0000
vt 0.3331 0.4135 0.0000
vt 0.3263 0.4125 0.0000
vt 0.3229 0.4120 0.0000
vt 0.3194 0.4116 0.0000
vt 0.3159 0.4115 0.0000
vt 0.3181 0.9734 0.0000
vt 0.3149 0.9732 0.0000
vt 0.3213 0.9734 0.0000
vt 0.3245 0.9731 0.0000
vt 0.3277 0.9726 0.0000
vt 0.3309 0.9720 0.0000
vt 0.3340 0.9713 0.0000
vt 0.3371 0.9709 0.0000
vt 0.3024 0.9724 0.0000
vt 0.2994 0.9726 0.0000
vt 0.3055 0.9724 0.0000
vt 0.3086 0.9726 0.0000
vt 0.3117 0.9729 0.0000
vt 0.2995 0.9850 0.0000
vt 0.3165 0.9899 0.0000
vt 0.3010 0.9807 0.0000
vt 0.2791 0.6924 0.0000
vt 0.2789 0.6796 0.0000
vt 0.2760 0.6925 0.0000
vt 0.2758 0.6796 0.0000
vt 0.2729 0.6925 0.0000
vt 0.2727 0.6797 0.0000
vt 0.2699 0.6926 0.0000
vt 0.2697 0.6797 0.0000
vt 0.2631 0.6669 0.0000
vt 0.2662 0.6669 0.0000
vt 0.2600 0.6669 0.0000
vt 0.2569 0.6670 0.0000
vt 0.2538 0.6670 0.0000
vt 0.2508 0.6670 0.0000
vt 0.2477 0.6671 0.0000
vt 0.2818 0.6667 0.0000
vt 0.2849 0.6667 0.0000
vt 0.2787 0.6668 0.0000
vt 0.2756 0.6668 0.0000
vt 0.2725 0.6668 0.0000
vt 0.2693 0.6668 0.0000
vt 0.2631 0.6540 0.0000
vt 0.2662 0.6540 0.0000
vt 0.2600 0.6540 0.0000
vt 0.3180 0.9856 0.0000
vt 0.3045 0.9776 0.0000
vt 0.3170 0.9812 0.0000
vt 0.3092 0.9766 0.0000
vt 0.2569 0.6540 0.0000
vt 0.2539 0.6541 0.0000
vt 0.2508 0.6541 0.0000
vt 0.2477 0.6541 0.0000
vt 0.3952 0.6926 0.0000
vt 0.3921 0.6927 0.0000
vt 0.3920 0.6798 0.0000
vt 0.3950 0.6797 0.0000
vt 0.3891 0.6927 0.0000
vt 0.3889 0.6798 0.0000
vt 0.3860 0.6928 0.0000
vt 0.3859 0.6799 0.0000
vt 0.3829 0.6929 0.0000
vt 0.3828 0.6799 0.0000
vt 0.3799 0.6929 0.0000
vt 0.3797 0.6800 0.0000
vt 0.3768 0.6930 0.0000
vt 0.3766 0.6800 0.0000
vt 0.4137 0.6923 0.0000
vt 0.4106 0.6924 0.0000
vt 0.4104 0.6795 0.0000
vt 0.4135 0.6795 0.0000
vt 0.4076 0.6924 0.0000
vt 0.4073 0.6796 0.0000
vt 0.4045 0.6925 0.0000
vt 0.4043 0.6796 0.0000
vt 0.4014 0.6925 0.0000
vt 0.4012 0.6797 0.0000
vt 0.3983 0.6926 0.0000
vt 0.3981 0.6797 0.0000
vt 0.3916 0.6669 0.0000
vt 0.3947 0.6669 0.0000
vt 0.3885 0.6669 0.0000
vt 0.3854 0.6670 0.0000
vt 0.3823 0.6670 0.0000
vt 0.3793 0.6670 0.0000
vt 0.3762 0.6671 0.0000
vt 0.4102 0.6667 0.0000
vt 0.4133 0.6667 0.0000
vt 0.4071 0.6668 0.0000
vt 0.4040 0.6668 0.0000
vt 0.4009 0.6668 0.0000
vt 0.3978 0.6668 0.0000
vt 0.3916 0.6540 0.0000
vt 0.3947 0.6540 0.0000
vt 0.3885 0.6540 0.0000
vt 0.3854 0.6540 0.0000
vt 0.3823 0.6541 0.0000
vt 0.3792 0.6541 0.0000
vt 0.3761 0.6541 0.0000
vt 0.4102 0.6539 0.0000
vt 0.4132 0.6539 0.0000
vt 0.4071 0.6539 0.0000
vt 0.4040 0.6539 0.0000
vt 0.4009 0.6539 0.0000
vt 0.3978 0.6540 0.0000
vt 0.3916 0.6411 0.0000
vt 0.3947 0.6411 0.0000
vt 0.3885 0.6411 0.0000
vt 0.3855 0.6411 0.0000
vt 0.3824 0.6411 0.0000
vt 0.3793 0.6411 0.0000
vt 0.3762 0.6411 0.0000
vt 0.4102 0.6411 0.0000
vt 0.4133 0.6411 0.0000
vt 0.4071 0.6411 0.0000
vt 0.4040 0.6411 0.0000
vt 0.4009 0.6411 0.0000
vt 0.3978 0.6411 0.0000
vt 0.3918 0.6282 0.0000
vt 0.3948 0.6282 0.0000
vt 0.3887 0.6282 0.0000
vt 0.3856 0.6282 0.0000
vt 0.3825 0.6282 0.0000
vt 0.3794 0.6282 0.0000
vt 0.3763 0.6281 0.0000
vt 0.4103 0.6283 0.0000
vt 0.4134 0.6283 0.0000
vt 0.4072 0.6282 0.0000
vt 0.4041 0.6282 0.0000
vt 0.4010 0.6282 0.0000
vt 0.3979 0.6282 0.0000
vt 0.3919 0.6153 0.0000
vt 0.3950 0.6153 0.0000
vt 0.3888 0.6153 0.0000
vt 0.3857 0.6153 0.0000
vt 0.3826 0.6152 0.0000
vt 0.3795 0.6152 0.0000
vt 0.3764 0.6152 0.0000
vt 0.4105 0.6154 0.0000
vt 0.4136 0.6155 0.0000
vt 0.4074 0.6154 0.0000
vt 0.4043 0.6154 0.0000
vt 0.4012 0.6153 0.0000
vt 0.3981 0.6153 0.0000
vt 0.3922 0.6024 0.0000
vt 0.3953 0.6024 0.0000
vt 0.3890 0.6024 0.0000
vt 0.3859 0.6024 0.0000
vt 0.3828 0.6023 0.0000
vt 0.3796 0.6023 0.0000
vt 0.3765 0.6022 0.0000
vt 0.4108 0.6026 0.0000
vt 0.4139 0.6026 0.0000
vt 0.4077 0.6025 0.0000
vt 0.4046 0.6025 0.0000
vt 0.4015 0.6024 0.0000
vt 0.3984 0.6024 0.0000
vt 0.3926 0.5895 0.0000
vt 0.3957 0.5895 0.0000
vt 0.3895 0.5895 0.0000
vt 0.3864 0.5895 0.0000
vt 0.3834 0.5895 0.0000
vt 0.3803 0.5894 0.0000
vt 0.3772 0.5893 0.0000
vt 0.4111 0.5897 0.0000
vt 0.4142 0.5898 0.0000
vt 0.4080 0.5896 0.0000
vt 0.4049 0.5896 0.0000
vt 0.4019 0.5896 0.0000
vt 0.3988 0.5895 0.0000
vt 0.3931 0.5766 0.0000
vt 0.3961 0.5766 0.0000
vt 0.3900 0.5766 0.0000
vt 0.3870 0.5766 0.0000
vt 0.3839 0.5766 0.0000
vt 0.3808 0.5765 0.0000
vt 0.3778 0.5764 0.0000
vt 0.4114 0.5768 0.0000
vt 0.4145 0.5769 0.0000
vt 0.4083 0.5768 0.0000
vt 0.4053 0.5767 0.0000
vt 0.4022 0.5766 0.0000
vt 0.3992 0.5766 0.0000
vt 0.3935 0.5636 0.0000
vt 0.3965 0.5636 0.0000
vt 0.3904 0.5636 0.0000
vt 0.3874 0.5637 0.0000
vt 0.3844 0.5637 0.0000
vt 0.3814 0.5637 0.0000
vt 0.3783 0.5637 0.0000
vt 0.4118 0.5639 0.0000
vt 0.4149 0.5640 0.0000
vt 0.4087 0.5639 0.0000
vt 0.4056 0.5638 0.0000
vt 0.4026 0.5637 0.0000
vt 0.3995 0.5637 0.0000
vt 0.3935 0.5506 0.0000
vt 0.3965 0.5506 0.0000
vt 0.3905 0.5507 0.0000
vt 0.3874 0.5508 0.0000
vt 0.3844 0.5509 0.0000
vt 0.3813 0.5509 0.0000
vt 0.3782 0.5510 0.0000
vt 0.4118 0.5511 0.0000
vt 0.4149 0.5511 0.0000
vt 0.4087 0.5510 0.0000
vt 0.4056 0.5509 0.0000
vt 0.4026 0.5508 0.0000
vt 0.3996 0.5507 0.0000
vt 0.3934 0.5376 0.0000
vt 0.3964 0.5376 0.0000
vt 0.3904 0.5377 0.0000
vt 0.3873 0.5379 0.0000
vt 0.3843 0.5380 0.0000
vt 0.3812 0.5382 0.0000
vt 0.3781 0.5383 0.0000
vt 0.4116 0.5382 0.0000
vt 0.4147 0.5383 0.0000
vt 0.4086 0.5381 0.0000
vt 0.4055 0.5379 0.0000
vt 0.4025 0.5378 0.0000
vt 0.3994 0.5376 0.0000
vt 0.3932 0.5245 0.0000
vt 0.3962 0.5244 0.0000
vt 0.3901 0.5247 0.0000
vt 0.3871 0.5250 0.0000
vt 0.3840 0.5253 0.0000
vt 0.3809 0.5255 0.0000
vt 0.3778 0.5256 0.0000
vt 0.4115 0.5255 0.0000
vt 0.4145 0.5256 0.0000
vt 0.4084 0.5253 0.0000
vt 0.4053 0.5250 0.0000
vt 0.4023 0.5247 0.0000
vt 0.3992 0.5245 0.0000
vt 0.3929 0.5113 0.0000
vt 0.3960 0.5111 0.0000
vt 0.3897 0.5116 0.0000
vt 0.3866 0.5121 0.0000
vt 0.3835 0.5125 0.0000
vt 0.3804 0.5129 0.0000
vt 0.3774 0.5130 0.0000
vt 0.4114 0.5129 0.0000
vt 0.4144 0.5131 0.0000
vt 0.4084 0.5126 0.0000
vt 0.4054 0.5121 0.0000
vt 0.4023 0.5116 0.0000
vt 0.3992 0.5113 0.0000
vt 0.4041 0.8739 0.0000
vt 0.4009 0.8739 0.0000
vt 0.4001 0.8607 0.0000
vt 0.4031 0.8606 0.0000
vt 0.3976 0.8738 0.0000
vt 0.3970 0.8607 0.0000
vt 0.3944 0.8735 0.0000
vt 0.3939 0.8606 0.0000
vt 0.3912 0.8732 0.0000
vt 0.3908 0.8604 0.0000
vt 0.3881 0.8729 0.0000
vt 0.3877 0.8604 0.0000
vt 0.3850 0.8729 0.0000
vt 0.3846 0.8605 0.0000
vt 0.4227 0.8711 0.0000
vt 0.4197 0.8713 0.0000
vt 0.4184 0.8587 0.0000
vt 0.4215 0.8584 0.0000
vt 0.4166 0.8718 0.0000
vt 0.4153 0.8591 0.0000
vt 0.4136 0.8724 0.0000
vt 0.4123 0.8596 0.0000
vt 0.4105 0.8731 0.0000
vt 0.4092 0.8600 0.0000
vt 0.4074 0.8736 0.0000
vt 0.4062 0.8604 0.0000
vt 0.3991 0.8477 0.0000
vt 0.4021 0.8475 0.0000
vt 0.3960 0.8477 0.0000
vt 0.3930 0.8477 0.0000
vt 0.3899 0.8477 0.0000
vt 0.3868 0.8477 0.0000
vt 0.3837 0.8479 0.0000
vt 0.4173 0.8460 0.0000
vt 0.4204 0.8458 0.0000
vt 0.4142 0.8464 0.0000
vt 0.4112 0.8467 0.0000
vt 0.4081 0.8471 0.0000
vt 0.4051 0.8473 0.0000
vt 0.3980 0.8347 0.0000
vt 0.4010 0.8345 0.0000
vt 0.3950 0.8347 0.0000
vt 0.3919 0.8348 0.0000
vt 0.3888 0.8349 0.0000
vt 0.3858 0.8350 0.0000
vt 0.3827 0.8352 0.0000
vt 0.4163 0.8333 0.0000
vt 0.4194 0.8331 0.0000
vt 0.4132 0.8336 0.0000
vt 0.4102 0.8338 0.0000
vt 0.4071 0.8341 0.0000
vt 0.4041 0.8343 0.0000
vt 0.3970 0.8217 0.0000
vt 0.4001 0.8216 0.0000
vt 0.3940 0.8218 0.0000
vt 0.3909 0.8219 0.0000
vt 0.3879 0.8220 0.0000
vt 0.3848 0.8222 0.0000
vt 0.3817 0.8224 0.0000
vt 0.4154 0.8205 0.0000
vt 0.4185 0.8203 0.0000
vt 0.4123 0.8208 0.0000
vt 0.4093 0.8210 0.0000
vt 0.4062 0.8212 0.0000
vt 0.4031 0.8214 0.0000
vt 0.3962 0.8088 0.0000
vt 0.3993 0.8086 0.0000
vt 0.3932 0.8089 0.0000
vt 0.3901 0.8090 0.0000
vt 0.3870 0.8091 0.0000
vt 0.3840 0.8093 0.0000
vt 0.3809 0.8095 0.0000
vt 0.4147 0.8078 0.0000
vt 0.4177 0.8076 0.0000
vt 0.4116 0.8079 0.0000
vt 0.4085 0.8081 0.0000
vt 0.4054 0.8083 0.0000
vt 0.4023 0.8085 0.0000
vt 0.3955 0.7959 0.0000
vt 0.3986 0.7957 0.0000
vt 0.3925 0.7960 0.0000
vt 0.3894 0.7961 0.0000
vt 0.3863 0.7962 0.0000
vt 0.3832 0.7964 0.0000
vt 0.3802 0.7965 0.0000
vt 0.4140 0.7949 0.0000
vt 0.4171 0.7948 0.0000
vt 0.4109 0.7951 0.0000
vt 0.4078 0.7953 0.0000
vt 0.4048 0.7954 0.0000
vt 0.4017 0.7956 0.0000
vt 0.3949 0.7830 0.0000
vt 0.3980 0.7828 0.0000
vt 0.3919 0.7831 0.0000
vt 0.3888 0.7832 0.0000
vt 0.3857 0.7833 0.0000
vt 0.3826 0.7835 0.0000
vt 0.3796 0.7836 0.0000
vt 0.4134 0.7821 0.0000
vt 0.4165 0.7820 0.0000
vt 0.4104 0.7823 0.0000
vt 0.4073 0.7824 0.0000
vt 0.4042 0.7826 0.0000
vt 0.4011 0.7827 0.0000
vt 0.3944 0.7701 0.0000
vt 0.3975 0.7699 0.0000
vt 0.3914 0.7702 0.0000
vt 0.3883 0.7703 0.0000
vt 0.3852 0.7704 0.0000
vt 0.3821 0.7705 0.0000
vt 0.3790 0.7706 0.0000
vt 0.4130 0.7693 0.0000
vt 0.4160 0.7692 0.0000
vt 0.4099 0.7694 0.0000
vt 0.4068 0.7696 0.0000
vt 0.4037 0.7697 0.0000
vt 0.4006 0.7698 0.0000
vt 0.3940 0.7572 0.0000
vt 0.3971 0.7571 0.0000
vt 0.3909 0.7573 0.0000
vt 0.3878 0.7574 0.0000
vt 0.3847 0.7575 0.0000
vt 0.3817 0.7576 0.0000
vt 0.3786 0.7577 0.0000
vt 0.4125 0.7565 0.0000
vt 0.4156 0.7564 0.0000
vt 0.4094 0.7566 0.0000
vt 0.4063 0.7567 0.0000
vt 0.4032 0.7568 0.0000
vt 0.4002 0.7569 0.0000
vt 0.3936 0.7443 0.0000
vt 0.3967 0.7442 0.0000
vt 0.3905 0.7444 0.0000
vt 0.3874 0.7445 0.0000
vt 0.3843 0.7446 0.0000
vt 0.3812 0.7447 0.0000
vt 0.3782 0.7448 0.0000
vt 0.4121 0.7437 0.0000
vt 0.4152 0.7436 0.0000
vt 0.4090 0.7438 0.0000
vt 0.4059 0.7439 0.0000
vt 0.4028 0.7440 0.0000
vt 0.3998 0.7441 0.0000
vt 0.3932 0.7314 0.0000
vt 0.3963 0.7313 0.0000
vt 0.3901 0.7315 0.0000
vt 0.3870 0.7315 0.0000
vt 0.3839 0.7316 0.0000
vt 0.3808 0.7317 0.0000
vt 0.3778 0.7318 0.0000
vt 0.4117 0.7308 0.0000
vt 0.4148 0.7307 0.0000
vt 0.4086 0.7309 0.0000
vt 0.4056 0.7310 0.0000
vt 0.4025 0.7311 0.0000
vt 0.3994 0.7312 0.0000
vt 0.3928 0.7185 0.0000
vt 0.3959 0.7184 0.0000
vt 0.3897 0.7186 0.0000
vt 0.3867 0.7186 0.0000
vt 0.3836 0.7187 0.0000
vt 0.3805 0.7188 0.0000
vt 0.3774 0.7189 0.0000
vt 0.4114 0.7180 0.0000
vt 0.4145 0.7179 0.0000
vt 0.4083 0.7181 0.0000
vt 0.4052 0.7182 0.0000
vt 0.4022 0.7182 0.0000
vt 0.3991 0.7183 0.0000
vt 0.3924 0.7056 0.0000
vt 0.3955 0.7055 0.0000
vt 0.3893 0.7057 0.0000
vt 0.3863 0.7057 0.0000
vt 0.3832 0.7058 0.0000
vt 0.3801 0.7059 0.0000
vt 0.3770 0.7059 0.0000
vt 0.4109 0.7052 0.0000
vt 0.4140 0.7051 0.0000
vt 0.4078 0.7052 0.0000
vt 0.4047 0.7053 0.0000
vt 0.4016 0.7054 0.0000
vt 0.3985 0.7055 0.0000
vt 0.3890 0.9926 0.0000
vt 0.3858 0.9893 0.0000
vt 0.3983 0.9929 0.0000
vt 0.3936 0.9939 0.0000
vt 0.4135 0.9748 0.0000
vt 0.4038 0.9832 0.0000
vt 0.4053 0.9789 0.0000
vt 0.4088 0.9759 0.0000
vt 0.3944 0.4120 0.0000
vt 0.3978 0.4116 0.0000
vt 0.3910 0.4125 0.0000
vt 0.3877 0.4130 0.0000
vt 0.3844 0.4133 0.0000
vt 0.3518 0.6926 0.0000
vt 0.3487 0.6927 0.0000
vt 0.3486 0.6798 0.0000
vt 0.3516 0.6797 0.0000
vt 0.3457 0.6927 0.0000
vt 0.3455 0.6798 0.0000
vt 0.3426 0.6928 0.0000
vt 0.3425 0.6799 0.0000
vt 0.3395 0.6929 0.0000
vt 0.3394 0.6799 0.0000
vt 0.3365 0.6929 0.0000
vt 0.3363 0.6800 0.0000
vt 0.3334 0.6930 0.0000
vt 0.3332 0.6800 0.0000
vt 0.3703 0.6923 0.0000
vt 0.3672 0.6924 0.0000
vt 0.3670 0.6795 0.0000
vt 0.3701 0.6795 0.0000
vt 0.3642 0.6924 0.0000
vt 0.3639 0.6796 0.0000
vt 0.3611 0.6925 0.0000
vt 0.3609 0.6796 0.0000
vt 0.3580 0.6925 0.0000
vt 0.3578 0.6797 0.0000
vt 0.3549 0.6926 0.0000
vt 0.3547 0.6797 0.0000
vt 0.3482 0.6669 0.0000
vt 0.3513 0.6669 0.0000
vt 0.3451 0.6669 0.0000
vt 0.3420 0.6670 0.0000
vt 0.3389 0.6670 0.0000
vt 0.3359 0.6670 0.0000
vt 0.3328 0.6671 0.0000
vt 0.3668 0.6667 0.0000
vt 0.3699 0.6667 0.0000
vt 0.3637 0.6668 0.0000
vt 0.3606 0.6668 0.0000
vt 0.3575 0.6668 0.0000
vt 0.3544 0.6668 0.0000
vt 0.3482 0.6540 0.0000
vt 0.3513 0.6540 0.0000
vt 0.3451 0.6540 0.0000
vt 0.3420 0.6540 0.0000
vt 0.3389 0.6541 0.0000
vt 0.3358 0.6541 0.0000
vt 0.3327 0.6541 0.0000
vt 0.3667 0.6539 0.0000
vt 0.3698 0.6539 0.0000
vt 0.3637 0.6539 0.0000
vt 0.3606 0.6539 0.0000
vt 0.3575 0.6539 0.0000
vt 0.3544 0.6540 0.0000
vt 0.3482 0.6411 0.0000
vt 0.3513 0.6411 0.0000
vt 0.3451 0.6411 0.0000
vt 0.3421 0.6411 0.0000
vt 0.3390 0.6411 0.0000
vt 0.3359 0.6411 0.0000
vt 0.3328 0.6411 0.0000
vt 0.3668 0.6411 0.0000
vt 0.3699 0.6411 0.0000
vt 0.3637 0.6411 0.0000
vt 0.3606 0.6411 0.0000
vt 0.3575 0.6411 0.0000
vt 0.3544 0.6411 0.0000
vt 0.3484 0.6282 0.0000
vt 0.3514 0.6282 0.0000
vt 0.3453 0.6282 0.0000
vt 0.3422 0.6282 0.0000
vt 0.3391 0.6282 0.0000
vt 0.3360 0.6282 0.0000
vt 0.3329 0.6281 0.0000
vt 0.3669 0.6283 0.0000
vt 0.3700 0.6283 0.0000
vt 0.3638 0.6282 0.0000
vt 0.3607 0.6282 0.0000
vt 0.3576 0.6282 0.0000
vt 0.3545 0.6282 0.0000
vt 0.3485 0.6153 0.0000
vt 0.3516 0.6153 0.0000
vt 0.3454 0.6153 0.0000
vt 0.3423 0.6153 0.0000
vt 0.3392 0.6152 0.0000
vt 0.3361 0.6152 0.0000
vt 0.3330 0.6152 0.0000
vt 0.3671 0.6154 0.0000
vt 0.3702 0.6155 0.0000
vt 0.3640 0.6154 0.0000
vt 0.3609 0.6154 0.0000
vt 0.3578 0.6153 0.0000
vt 0.3547 0.6153 0.0000
vt 0.3488 0.6024 0.0000
vt 0.3519 0.6024 0.0000
vt 0.3456 0.6024 0.0000
vt 0.3425 0.6024 0.0000
vt 0.3394 0.6023 0.0000
vt 0.3362 0.6023 0.0000
vt 0.3331 0.6022 0.0000
vt 0.3674 0.6026 0.0000
vt 0.3705 0.6026 0.0000
vt 0.3643 0.6025 0.0000
vt 0.3612 0.6025 0.0000
vt 0.3581 0.6024 0.0000
vt 0.3550 0.6024 0.0000
vt 0.3492 0.5895 0.0000
vt 0.3523 0.5895 0.0000
vt 0.3461 0.5895 0.0000
vt 0.3430 0.5895 0.0000
vt 0.3399 0.5895 0.0000
vt 0.3369 0.5894 0.0000
vt 0.3338 0.5893 0.0000
vt 0.3677 0.5897 0.0000
vt 0.3708 0.5898 0.0000
vt 0.3646 0.5896 0.0000
vt 0.3615 0.5896 0.0000
vt 0.3585 0.5896 0.0000
vt 0.3554 0.5895 0.0000
vt 0.3497 0.5766 0.0000
vt 0.3527 0.5766 0.0000
vt 0.3466 0.5766 0.0000
vt 0.3436 0.5766 0.0000
vt 0.3405 0.5766 0.0000
vt 0.3374 0.5765 0.0000
vt 0.3344 0.5764 0.0000
vt 0.3680 0.5768 0.0000
vt 0.3711 0.5769 0.0000
vt 0.3649 0.5768 0.0000
vt 0.3619 0.5767 0.0000
vt 0.3588 0.5766 0.0000
vt 0.3558 0.5766 0.0000
vt 0.3501 0.5636 0.0000
vt 0.3531 0.5636 0.0000
vt 0.3470 0.5636 0.0000
vt 0.3440 0.5637 0.0000
vt 0.3410 0.5637 0.0000
vt 0.3380 0.5637 0.0000
vt 0.3349 0.5637 0.0000
vt 0.3684 0.5639 0.0000
vt 0.3715 0.5640 0.0000
vt 0.3653 0.5639 0.0000
vt 0.3622 0.5638 0.0000
vt 0.3592 0.5637 0.0000
vt 0.3561 0.5637 0.0000
vt 0.3501 0.5506 0.0000
vt 0.3531 0.5506 0.0000
vt 0.3471 0.5507 0.0000
vt 0.3440 0.5508 0.0000
vt 0.3410 0.5509 0.0000
vt 0.3379 0.5509 0.0000
vt 0.3348 0.5510 0.0000
vt 0.3684 0.5511 0.0000
vt 0.3715 0.5511 0.0000
vt 0.3653 0.5510 0.0000
vt 0.3622 0.5509 0.0000
vt 0.3592 0.5508 0.0000
vt 0.3562 0.5507 0.0000
vt 0.3500 0.5376 0.0000
vt 0.3530 0.5376 0.0000
vt 0.3470 0.5377 0.0000
vt 0.3439 0.5379 0.0000
vt 0.3408 0.5380 0.0000
vt 0.3378 0.5382 0.0000
vt 0.3347 0.5383 0.0000
vt 0.3682 0.5382 0.0000
vt 0.3713 0.5383 0.0000
vt 0.3652 0.5381 0.0000
vt 0.3621 0.5379 0.0000
vt 0.3591 0.5378 0.0000
vt 0.3560 0.5376 0.0000
vt 0.3498 0.5245 0.0000
vt 0.3528 0.5244 0.0000
vt 0.3467 0.5247 0.0000
vt 0.3437 0.5250 0.0000
vt 0.3406 0.5253 0.0000
vt 0.3375 0.5255 0.0000
vt 0.3344 0.5256 0.0000
vt 0.3681 0.5255 0.0000
vt 0.3711 0.5256 0.0000
vt 0.3650 0.5253 0.0000
vt 0.3619 0.5250 0.0000
vt 0.3589 0.5247 0.0000
vt 0.3558 0.5245 0.0000
vt 0.3494 0.5113 0.0000
vt 0.3526 0.5111 0.0000
vt 0.3463 0.5116 0.0000
vt 0.3432 0.5121 0.0000
vt 0.3401 0.5125 0.0000
vt 0.3370 0.5129 0.0000
vt 0.3339 0.5130 0.0000
vt 0.3679 0.5129 0.0000
vt 0.3710 0.5131 0.0000
vt 0.3650 0.5126 0.0000
vt 0.3620 0.5121 0.0000
vt 0.3589 0.5116 0.0000
vt 0.3558 0.5113 0.0000
vt 0.3607 0.8739 0.0000
vt 0.3575 0.8739 0.0000
vt 0.3567 0.8607 0.0000
vt 0.3597 0.8606 0.0000
vt 0.3542 0.8738 0.0000
vt 0.3536 0.8607 0.0000
vt 0.3510 0.8735 0.0000
vt 0.3505 0.8606 0.0000
vt 0.3478 0.8732 0.0000
vt 0.3474 0.8604 0.0000
vt 0.3447 0.8729 0.0000
vt 0.3443 0.8604 0.0000
vt 0.3416 0.8729 0.0000
vt 0.3412 0.8605 0.0000
vt 0.3793 0.8711 0.0000
vt 0.3763 0.8713 0.0000
vt 0.3750 0.8587 0.0000
vt 0.3781 0.8584 0.0000
vt 0.3732 0.8718 0.0000
vt 0.3719 0.8591 0.0000
vt 0.3702 0.8724 0.0000
vt 0.3689 0.8596 0.0000
vt 0.3671 0.8731 0.0000
vt 0.3658 0.8600 0.0000
vt 0.3640 0.8736 0.0000
vt 0.3628 0.8604 0.0000
vt 0.3557 0.8477 0.0000
vt 0.3587 0.8475 0.0000
vt 0.3526 0.8477 0.0000
vt 0.3496 0.8477 0.0000
vt 0.3465 0.8477 0.0000
vt 0.3434 0.8477 0.0000
vt 0.3403 0.8479 0.0000
vt 0.3739 0.8460 0.0000
vt 0.3770 0.8458 0.0000
vt 0.3708 0.8464 0.0000
vt 0.3678 0.8467 0.0000
vt 0.3647 0.8471 0.0000
vt 0.3617 0.8473 0.0000
vt 0.3546 0.8347 0.0000
vt 0.3576 0.8345 0.0000
vt 0.3515 0.8347 0.0000
vt 0.3485 0.8348 0.0000
vt 0.3454 0.8349 0.0000
vt 0.3424 0.8350 0.0000
vt 0.3393 0.8352 0.0000
vt 0.3729 0.8333 0.0000
vt 0.3760 0.8331 0.0000
vt 0.3698 0.8336 0.0000
vt 0.3668 0.8338 0.0000
vt 0.3637 0.8341 0.0000
vt 0.3607 0.8343 0.0000
vt 0.3536 0.8217 0.0000
vt 0.3567 0.8216 0.0000
vt 0.3506 0.8218 0.0000
vt 0.3475 0.8219 0.0000
vt 0.3445 0.8220 0.0000
vt 0.3414 0.8222 0.0000
vt 0.3383 0.8224 0.0000
vt 0.3720 0.8205 0.0000
vt 0.3751 0.8203 0.0000
vt 0.3689 0.8208 0.0000
vt 0.3659 0.8210 0.0000
vt 0.3628 0.8212 0.0000
vt 0.3597 0.8214 0.0000
vt 0.3528 0.8088 0.0000
vt 0.3559 0.8086 0.0000
vt 0.3498 0.8089 0.0000
vt 0.3467 0.8090 0.0000
vt 0.3436 0.8091 0.0000
vt 0.3405 0.8093 0.0000
vt 0.3375 0.8095 0.0000
vt 0.3712 0.8078 0.0000
vt 0.3743 0.8076 0.0000
vt 0.3682 0.8079 0.0000
vt 0.3651 0.8081 0.0000
vt 0.3620 0.8083 0.0000
vt 0.3589 0.8085 0.0000
vt 0.3521 0.7959 0.0000
vt 0.3552 0.7957 0.0000
vt 0.3491 0.7960 0.0000
vt 0.3460 0.7961 0.0000
vt 0.3429 0.7962 0.0000
vt 0.3398 0.7964 0.0000
vt 0.3368 0.7965 0.0000
vt 0.3706 0.7949 0.0000
vt 0.3737 0.7948 0.0000
vt 0.3675 0.7951 0.0000
vt 0.3644 0.7953 0.0000
vt 0.3613 0.7954 0.0000
vt 0.3583 0.7956 0.0000
vt 0.3515 0.7830 0.0000
vt 0.3546 0.7828 0.0000
vt 0.3485 0.7831 0.0000
vt 0.3454 0.7832 0.0000
vt 0.3423 0.7833 0.0000
vt 0.3392 0.7835 0.0000
vt 0.3362 0.7836 0.0000
vt 0.3700 0.7821 0.0000
vt 0.3731 0.7820 0.0000
vt 0.3669 0.7823 0.0000
vt 0.3639 0.7824 0.0000
vt 0.3608 0.7826 0.0000
vt 0.3577 0.7827 0.0000
vt 0.3510 0.7701 0.0000
vt 0.3541 0.7699 0.0000
vt 0.3480 0.7702 0.0000
vt 0.3449 0.7703 0.0000
vt 0.3418 0.7704 0.0000
vt 0.3387 0.7705 0.0000
vt 0.3356 0.7706 0.0000
vt 0.3695 0.7693 0.0000
vt 0.3726 0.7692 0.0000
vt 0.3665 0.7694 0.0000
vt 0.3634 0.7696 0.0000
vt 0.3603 0.7697 0.0000
vt 0.3572 0.7698 0.0000
vt 0.3506 0.7572 0.0000
vt 0.3537 0.7571 0.0000
vt 0.3475 0.7573 0.0000
vt 0.3444 0.7574 0.0000
vt 0.3413 0.7575 0.0000
vt 0.3383 0.7576 0.0000
vt 0.3352 0.7577 0.0000
vt 0.3691 0.7565 0.0000
vt 0.3722 0.7564 0.0000
vt 0.3660 0.7566 0.0000
vt 0.3629 0.7567 0.0000
vt 0.3598 0.7568 0.0000
vt 0.3568 0.7569 0.0000
vt 0.3502 0.7443 0.0000
vt 0.3533 0.7442 0.0000
vt 0.3471 0.7444 0.0000
vt 0.3440 0.7445 0.0000
vt 0.3409 0.7446 0.0000
vt 0.3378 0.7447 0.0000
vt 0.3347 0.7448 0.0000
vt 0.3687 0.7437 0.0000
vt 0.3718 0.7436 0.0000
vt 0.3656 0.7438 0.0000
vt 0.3625 0.7439 0.0000
vt 0.3594 0.7440 0.0000
vt 0.3563 0.7441 0.0000
vt 0.3498 0.7314 0.0000
vt 0.3529 0.7313 0.0000
vt 0.3467 0.7315 0.0000
vt 0.3436 0.7315 0.0000
vt 0.3405 0.7316 0.0000
vt 0.3374 0.7317 0.0000
vt 0.3344 0.7318 0.0000
vt 0.3683 0.7308 0.0000
vt 0.3714 0.7307 0.0000
vt 0.3652 0.7309 0.0000
vt 0.3621 0.7310 0.0000
vt 0.3591 0.7311 0.0000
vt 0.3560 0.7312 0.0000
vt 0.3494 0.7185 0.0000
vt 0.3525 0.7184 0.0000
vt 0.3463 0.7186 0.0000
vt 0.3432 0.7186 0.0000
vt 0.3402 0.7187 0.0000
vt 0.3371 0.7188 0.0000
vt 0.3340 0.7189 0.0000
vt 0.3680 0.7180 0.0000
vt 0.3711 0.7179 0.0000
vt 0.3649 0.7181 0.0000
vt 0.3618 0.7182 0.0000
vt 0.3588 0.7182 0.0000
vt 0.3556 0.7183 0.0000
vt 0.3490 0.7056 0.0000
vt 0.3521 0.7055 0.0000
vt 0.3459 0.7057 0.0000
vt 0.3429 0.7057 0.0000
vt 0.3398 0.7058 0.0000
vt 0.3367 0.7059 0.0000
vt 0.3336 0.7059 0.0000
vt 0.3675 0.7052 0.0000
vt 0.3706 0.7051 0.0000
vt 0.3644 0.7052 0.0000
vt 0.3613 0.7053 0.0000
vt 0.3582 0.7054 0.0000
vt 0.3551 0.7055 0.0000
vt 0.3456 0.9926 0.0000
vt 0.3424 0.9893 0.0000
vt 0.3549 0.9929 0.0000
vt 0.3502 0.9939 0.0000
vt 0.3701 0.9748 0.0000
vt 0.3604 0.9832 0.0000
vt 0.3619 0.9789 0.0000
vt 0.3654 0.9759 0.0000
vt 0.3510 0.4120 0.0000
vt 0.3544 0.4116 0.0000
vt 0.3476 0.4125 0.0000
vt 0.3443 0.4130 0.0000
vt 0.3410 0.4133 0.0000
vt 0.3812 0.4134 0.0000
vt 0.3781 0.4133 0.0000
vt 0.4151 0.4130 0.0000
vt 0.4184 0.4135 0.0000
vt 0.4116 0.4125 0.0000
vt 0.4081 0.4120 0.0000
vt 0.4047 0.4116 0.0000
vt 0.4012 0.4115 0.0000
vt 0.4034 0.9734 0.0000
vt 0.4001 0.9732 0.0000
vt 0.4066 0.9734 0.0000
vt 0.4098 0.9731 0.0000
vt 0.4130 0.9726 0.0000
vt 0.4162 0.9720 0.0000
vt 0.4193 0.9713 0.0000
vt 0.4224 0.9709 0.0000
vt 0.3877 0.9724 0.0000
vt 0.3846 0.9726 0.0000
vt 0.3908 0.9724 0.0000
vt 0.3939 0.9726 0.0000
vt 0.3970 0.9729 0.0000
vt 0.3848 0.9850 0.0000
vt 0.4018 0.9899 0.0000
vt 0.3862 0.9807 0.0000
vt 0.3378 0.4134 0.0000
vt 0.3347 0.4133 0.0000
vt 0.3717 0.4130 0.0000
vt 0.3750 0.4135 0.0000
vt 0.3682 0.4125 0.0000
vt 0.3647 0.4120 0.0000
vt 0.3613 0.4116 0.0000
vt 0.3578 0.4115 0.0000
vt 0.3600 0.9734 0.0000
vt 0.3567 0.9732 0.0000
vt 0.3631 0.9734 0.0000
vt 0.3664 0.9731 0.0000
vt 0.3696 0.9726 0.0000
vt 0.3728 0.9720 0.0000
vt 0.3759 0.9713 0.0000
vt 0.3790 0.9709 0.0000
vt 0.3443 0.9724 0.0000
vt 0.3412 0.9726 0.0000
vt 0.3474 0.9724 0.0000
vt 0.3505 0.9726 0.0000
vt 0.3536 0.9729 0.0000
vt 0.3414 0.9850 0.0000
vt 0.3584 0.9899 0.0000
vt 0.3428 0.9807 0.0000
vt 0.4033 0.9856 0.0000
vt 0.3898 0.9776 0.0000
vt 0.4023 0.9812 0.0000
vt 0.3945 0.9766 0.0000
vt 0.3599 0.9856 0.0000
vt 0.3464 0.9776 0.0000
vt 0.3589 0.9812 0.0000
vt 0.3511 0.9766 0.0000
vt 0.4797 0.6926 0.0000
vt 0.4767 0.6927 0.0000
vt 0.4765 0.6798 0.0000
vt 0.4796 0.6797 0.0000
vt 0.4736 0.6927 0.0000
vt 0.4735 0.6798 0.0000
vt 0.4705 0.6928 0.0000
vt 0.4704 0.6799 0.0000
vt 0.4675 0.6929 0.0000
vt 0.4673 0.6799 0.0000
vt 0.4644 0.6929 0.0000
vt 0.4642 0.6800 0.0000
vt 0.4613 0.6930 0.0000
vt 0.4611 0.6800 0.0000
vt 0.4983 0.6923 0.0000
vt 0.4952 0.6924 0.0000
vt 0.4949 0.6795 0.0000
vt 0.4980 0.6795 0.0000
vt 0.4921 0.6924 0.0000
vt 0.4919 0.6796 0.0000
vt 0.4890 0.6925 0.0000
vt 0.4888 0.6796 0.0000
vt 0.4859 0.6925 0.0000
vt 0.4857 0.6797 0.0000
vt 0.4828 0.6926 0.0000
vt 0.4826 0.6797 0.0000
vt 0.4761 0.6669 0.0000
vt 0.4792 0.6669 0.0000
vt 0.4730 0.6669 0.0000
vt 0.4699 0.6670 0.0000
vt 0.4668 0.6670 0.0000
vt 0.4638 0.6670 0.0000
vt 0.4607 0.6671 0.0000
vt 0.4947 0.6667 0.0000
vt 0.4978 0.6667 0.0000
vt 0.4916 0.6668 0.0000
vt 0.4885 0.6668 0.0000
vt 0.4854 0.6668 0.0000
vt 0.4823 0.6668 0.0000
vt 0.4761 0.6540 0.0000
vt 0.4792 0.6540 0.0000
vt 0.4730 0.6540 0.0000
vt 0.4699 0.6540 0.0000
vt 0.4668 0.6541 0.0000
vt 0.4638 0.6541 0.0000
vt 0.4607 0.6541 0.0000
vt 0.4947 0.6539 0.0000
vt 0.4978 0.6539 0.0000
vt 0.4916 0.6539 0.0000
vt 0.4885 0.6539 0.0000
vt 0.4854 0.6539 0.0000
vt 0.4823 0.6540 0.0000
vt 0.4762 0.6411 0.0000
vt 0.4792 0.6411 0.0000
vt 0.4731 0.6411 0.0000
vt 0.4700 0.6411 0.0000
vt 0.4669 0.6411 0.0000
vt 0.4638 0.6411 0.0000
vt 0.4607 0.6411 0.0000
vt 0.4947 0.6411 0.0000
vt 0.4978 0.6411 0.0000
vt 0.4916 0.6411 0.0000
vt 0.4885 0.6411 0.0000
vt 0.4854 0.6411 0.0000
vt 0.4823 0.6411 0.0000
vt 0.4763 0.6282 0.0000
vt 0.4794 0.6282 0.0000
vt 0.4732 0.6282 0.0000
vt 0.4701 0.6282 0.0000
vt 0.4670 0.6282 0.0000
vt 0.4639 0.6282 0.0000
vt 0.4608 0.6281 0.0000
vt 0.4948 0.6283 0.0000
vt 0.4979 0.6283 0.0000
vt 0.4918 0.6282 0.0000
vt 0.4887 0.6282 0.0000
vt 0.4856 0.6282 0.0000
vt 0.4825 0.6282 0.0000
vt 0.4764 0.6153 0.0000
vt 0.4795 0.6153 0.0000
vt 0.4733 0.6153 0.0000
vt 0.4702 0.6153 0.0000
vt 0.4671 0.6152 0.0000
vt 0.4640 0.6152 0.0000
vt 0.4609 0.6152 0.0000
vt 0.4950 0.6154 0.0000
vt 0.4981 0.6155 0.0000
vt 0.4919 0.6154 0.0000
vt 0.4888 0.6154 0.0000
vt 0.4858 0.6153 0.0000
vt 0.4827 0.6153 0.0000
vt 0.4767 0.6024 0.0000
vt 0.4798 0.6024 0.0000
vt 0.4736 0.6024 0.0000
vt 0.4704 0.6024 0.0000
vt 0.4673 0.6023 0.0000
vt 0.4641 0.6023 0.0000
vt 0.4610 0.6022 0.0000
vt 0.4953 0.6026 0.0000
vt 0.4984 0.6026 0.0000
vt 0.4922 0.6025 0.0000
vt 0.4891 0.6025 0.0000
vt 0.4860 0.6024 0.0000
vt 0.4829 0.6024 0.0000
vt 0.4771 0.5895 0.0000
vt 0.4802 0.5895 0.0000
vt 0.4741 0.5895 0.0000
vt 0.4710 0.5895 0.0000
vt 0.4679 0.5895 0.0000
vt 0.4648 0.5894 0.0000
vt 0.4617 0.5893 0.0000
vt 0.4956 0.5897 0.0000
vt 0.4987 0.5898 0.0000
vt 0.4925 0.5896 0.0000
vt 0.4895 0.5896 0.0000
vt 0.4864 0.5896 0.0000
vt 0.4833 0.5895 0.0000
vt 0.4776 0.5766 0.0000
vt 0.4807 0.5766 0.0000
vt 0.4745 0.5766 0.0000
vt 0.4715 0.5766 0.0000
vt 0.4684 0.5766 0.0000
vt 0.4654 0.5765 0.0000
vt 0.4623 0.5764 0.0000
vt 0.4959 0.5768 0.0000
vt 0.4990 0.5769 0.0000
vt 0.4929 0.5768 0.0000
vt 0.4898 0.5767 0.0000
vt 0.4868 0.5766 0.0000
vt 0.4837 0.5766 0.0000
vt 0.4780 0.5636 0.0000
vt 0.4810 0.5636 0.0000
vt 0.4749 0.5636 0.0000
vt 0.4719 0.5637 0.0000
vt 0.4689 0.5637 0.0000
vt 0.4659 0.5637 0.0000
vt 0.4628 0.5637 0.0000
vt 0.4963 0.5639 0.0000
vt 0.4994 0.5640 0.0000
vt 0.4932 0.5639 0.0000
vt 0.4901 0.5638 0.0000
vt 0.4871 0.5637 0.0000
vt 0.4841 0.5637 0.0000
vt 0.4780 0.5506 0.0000
vt 0.4811 0.5506 0.0000
vt 0.4750 0.5507 0.0000
vt 0.4719 0.5508 0.0000
vt 0.4689 0.5509 0.0000
vt 0.4658 0.5509 0.0000
vt 0.4627 0.5510 0.0000
vt 0.4963 0.5511 0.0000
vt 0.4994 0.5511 0.0000
vt 0.4932 0.5510 0.0000
vt 0.4902 0.5509 0.0000
vt 0.4871 0.5508 0.0000
vt 0.4841 0.5507 0.0000
vt 0.4779 0.5376 0.0000
vt 0.4809 0.5376 0.0000
vt 0.4749 0.5377 0.0000
vt 0.4718 0.5379 0.0000
vt 0.4688 0.5380 0.0000
vt 0.4657 0.5382 0.0000
vt 0.4626 0.5383 0.0000
vt 0.4962 0.5382 0.0000
vt 0.4993 0.5383 0.0000
vt 0.4931 0.5381 0.0000
vt 0.4900 0.5379 0.0000
vt 0.4870 0.5378 0.0000
vt 0.4840 0.5376 0.0000
vt 0.4777 0.5245 0.0000
vt 0.4807 0.5244 0.0000
vt 0.4747 0.5247 0.0000
vt 0.4716 0.5250 0.0000
vt 0.4685 0.5253 0.0000
vt 0.4654 0.5255 0.0000
vt 0.4623 0.5256 0.0000
vt 0.4960 0.5255 0.0000
vt 0.4991 0.5256 0.0000
vt 0.4929 0.5253 0.0000
vt 0.4898 0.5250 0.0000
vt 0.4868 0.5247 0.0000
vt 0.4838 0.5245 0.0000
vt 0.4774 0.5113 0.0000
vt 0.4806 0.5111 0.0000
vt 0.4742 0.5116 0.0000
vt 0.4711 0.5121 0.0000
vt 0.4680 0.5125 0.0000
vt 0.4650 0.5129 0.0000
vt 0.4619 0.5130 0.0000
vt 0.4959 0.5129 0.0000
vt 0.4989 0.5131 0.0000
vt 0.4929 0.5126 0.0000
vt 0.4899 0.5121 0.0000
vt 0.4869 0.5116 0.0000
vt 0.4837 0.5113 0.0000
vt 0.4887 0.8739 0.0000
vt 0.4854 0.8739 0.0000
vt 0.4846 0.8607 0.0000
vt 0.4877 0.8606 0.0000
vt 0.4822 0.8738 0.0000
vt 0.4815 0.8607 0.0000
vt 0.4789 0.8735 0.0000
vt 0.4785 0.8606 0.0000
vt 0.4757 0.8732 0.0000
vt 0.4753 0.8604 0.0000
vt 0.4726 0.8729 0.0000
vt 0.4722 0.8604 0.0000
vt 0.4695 0.8729 0.0000
vt 0.4691 0.8605 0.0000
vt 0.5073 0.8711 0.0000
vt 0.5042 0.8713 0.0000
vt 0.5029 0.8587 0.0000
vt 0.5060 0.8584 0.0000
vt 0.5012 0.8718 0.0000
vt 0.4999 0.8591 0.0000
vt 0.4981 0.8724 0.0000
vt 0.4968 0.8596 0.0000
vt 0.4950 0.8731 0.0000
vt 0.4937 0.8600 0.0000
vt 0.4919 0.8736 0.0000
vt 0.4907 0.8604 0.0000
vt 0.4836 0.8477 0.0000
vt 0.4866 0.8475 0.0000
vt 0.4805 0.8477 0.0000
vt 0.4775 0.8477 0.0000
vt 0.4744 0.8477 0.0000
vt 0.4713 0.8477 0.0000
vt 0.4682 0.8479 0.0000
vt 0.5018 0.8460 0.0000
vt 0.5049 0.8458 0.0000
vt 0.4987 0.8464 0.0000
vt 0.4957 0.8467 0.0000
vt 0.4927 0.8471 0.0000
vt 0.4896 0.8473 0.0000
vt 0.4825 0.8347 0.0000
vt 0.4856 0.8345 0.0000
vt 0.4795 0.8347 0.0000
vt 0.4764 0.8348 0.0000
vt 0.4734 0.8349 0.0000
vt 0.4703 0.8350 0.0000
vt 0.4672 0.8352 0.0000
vt 0.5008 0.8333 0.0000
vt 0.5039 0.8331 0.0000
vt 0.4977 0.8336 0.0000
vt 0.4947 0.8338 0.0000
vt 0.4916 0.8341 0.0000
vt 0.4886 0.8343 0.0000
vt 0.4816 0.8217 0.0000
vt 0.4846 0.8216 0.0000
vt 0.4785 0.8218 0.0000
vt 0.4755 0.8219 0.0000
vt 0.4724 0.8220 0.0000
vt 0.4693 0.8222 0.0000
vt 0.4662 0.8224 0.0000
vt 0.4999 0.8205 0.0000
vt 0.5030 0.8203 0.0000
vt 0.4969 0.8208 0.0000
vt 0.4938 0.8210 0.0000
vt 0.4907 0.8212 0.0000
vt 0.4877 0.8214 0.0000
vt 0.4807 0.8088 0.0000
vt 0.4838 0.8086 0.0000
vt 0.4777 0.8089 0.0000
vt 0.4746 0.8090 0.0000
vt 0.4716 0.8091 0.0000
vt 0.4685 0.8093 0.0000
vt 0.4654 0.8095 0.0000
vt 0.4992 0.8078 0.0000
vt 0.5023 0.8076 0.0000
vt 0.4961 0.8079 0.0000
vt 0.4930 0.8081 0.0000
vt 0.4899 0.8083 0.0000
vt 0.4869 0.8085 0.0000
vt 0.4800 0.7959 0.0000
vt 0.4831 0.7957 0.0000
vt 0.4770 0.7960 0.0000
vt 0.4739 0.7961 0.0000
vt 0.4708 0.7962 0.0000
vt 0.4678 0.7964 0.0000
vt 0.4647 0.7965 0.0000
vt 0.4985 0.7949 0.0000
vt 0.5016 0.7948 0.0000
vt 0.4954 0.7951 0.0000
vt 0.4924 0.7953 0.0000
vt 0.4893 0.7954 0.0000
vt 0.4862 0.7956 0.0000
vt 0.4795 0.7830 0.0000
vt 0.4825 0.7828 0.0000
vt 0.4764 0.7831 0.0000
vt 0.4733 0.7832 0.0000
vt 0.4702 0.7833 0.0000
vt 0.4672 0.7835 0.0000
vt 0.4641 0.7836 0.0000
vt 0.4980 0.7821 0.0000
vt 0.5011 0.7820 0.0000
vt 0.4949 0.7823 0.0000
vt 0.4918 0.7824 0.0000
vt 0.4887 0.7826 0.0000
vt 0.4856 0.7827 0.0000
vt 0.4790 0.7701 0.0000
vt 0.4820 0.7699 0.0000
vt 0.4759 0.7702 0.0000
vt 0.4728 0.7703 0.0000
vt 0.4697 0.7704 0.0000
vt 0.4666 0.7705 0.0000
vt 0.4636 0.7706 0.0000
vt 0.4975 0.7693 0.0000
vt 0.5006 0.7692 0.0000
vt 0.4944 0.7694 0.0000
vt 0.4913 0.7696 0.0000
vt 0.4882 0.7697 0.0000
vt 0.4851 0.7698 0.0000
vt 0.4785 0.7572 0.0000
vt 0.4816 0.7571 0.0000
vt 0.4754 0.7573 0.0000
vt 0.4723 0.7574 0.0000
vt 0.4693 0.7575 0.0000
vt 0.4662 0.7576 0.0000
vt 0.4631 0.7577 0.0000
vt 0.4970 0.7565 0.0000
vt 0.5001 0.7564 0.0000
vt 0.4939 0.7566 0.0000
vt 0.4909 0.7567 0.0000
vt 0.4878 0.7568 0.0000
vt 0.4847 0.7569 0.0000
vt 0.4781 0.7443 0.0000
vt 0.4812 0.7442 0.0000
vt 0.4750 0.7444 0.0000
vt 0.4719 0.7445 0.0000
vt 0.4688 0.7446 0.0000
vt 0.4658 0.7447 0.0000
vt 0.4627 0.7448 0.0000
vt 0.4966 0.7437 0.0000
vt 0.4997 0.7436 0.0000
vt 0.4935 0.7438 0.0000
vt 0.4904 0.7439 0.0000
vt 0.4874 0.7440 0.0000
vt 0.4843 0.7441 0.0000
vt 0.4777 0.7314 0.0000
vt 0.4808 0.7313 0.0000
vt 0.4746 0.7315 0.0000
vt 0.4715 0.7315 0.0000
vt 0.4685 0.7316 0.0000
vt 0.4654 0.7317 0.0000
vt 0.4623 0.7318 0.0000
vt 0.4963 0.7308 0.0000
vt 0.4993 0.7307 0.0000
vt 0.4932 0.7309 0.0000
vt 0.4901 0.7310 0.0000
vt 0.4870 0.7311 0.0000
vt 0.4839 0.7312 0.0000
vt 0.4774 0.7185 0.0000
vt 0.4805 0.7184 0.0000
vt 0.4743 0.7186 0.0000
vt 0.4712 0.7186 0.0000
vt 0.4681 0.7187 0.0000
vt 0.4650 0.7188 0.0000
vt 0.4619 0.7189 0.0000
vt 0.4959 0.7180 0.0000
vt 0.4990 0.7179 0.0000
vt 0.4928 0.7181 0.0000
vt 0.4898 0.7182 0.0000
vt 0.4867 0.7182 0.0000
vt 0.4836 0.7183 0.0000
vt 0.4769 0.7056 0.0000
vt 0.4800 0.7055 0.0000
vt 0.4739 0.7057 0.0000
vt 0.4708 0.7057 0.0000
vt 0.4677 0.7058 0.0000
vt 0.4646 0.7059 0.0000
vt 0.4616 0.7059 0.0000
vt 0.4954 0.7052 0.0000
vt 0.4985 0.7051 0.0000
vt 0.4923 0.7052 0.0000
vt 0.4892 0.7053 0.0000
vt 0.4861 0.7054 0.0000
vt 0.4831 0.7055 0.0000
vt 0.4736 0.9926 0.0000
vt 0.4703 0.9893 0.0000
vt 0.4828 0.9929 0.0000
vt 0.4781 0.9939 0.0000
vt 0.4980 0.9748 0.0000
vt 0.4884 0.9832 0.0000
vt 0.4898 0.9789 0.0000
vt 0.4934 0.9759 0.0000
vt 0.4789 0.4120 0.0000
vt 0.4823 0.4116 0.0000
vt 0.4755 0.4125 0.0000
vt 0.4722 0.4130 0.0000
vt 0.4689 0.4133 0.0000
vt 0.4379 0.6926 0.0000
vt 0.4348 0.6927 0.0000
vt 0.4346 0.6798 0.0000
vt 0.4377 0.6797 0.0000
vt 0.4317 0.6927 0.0000
vt 0.4316 0.6798 0.0000
vt 0.4287 0.6928 0.0000
vt 0.4285 0.6799 0.0000
vt 0.4256 0.6929 0.0000
vt 0.4254 0.6799 0.0000
vt 0.4225 0.6929 0.0000
vt 0.4223 0.6800 0.0000
vt 0.4194 0.6930 0.0000
vt 0.4192 0.6800 0.0000
vt 0.4564 0.6923 0.0000
vt 0.4533 0.6924 0.0000
vt 0.4531 0.6795 0.0000
vt 0.4562 0.6795 0.0000
vt 0.4502 0.6924 0.0000
vt 0.4500 0.6796 0.0000
vt 0.4471 0.6925 0.0000
vt 0.4469 0.6796 0.0000
vt 0.4440 0.6925 0.0000
vt 0.4438 0.6797 0.0000
vt 0.4409 0.6926 0.0000
vt 0.4408 0.6797 0.0000
vt 0.4342 0.6669 0.0000
vt 0.4373 0.6669 0.0000
vt 0.4311 0.6669 0.0000
vt 0.4280 0.6670 0.0000
vt 0.4249 0.6670 0.0000
vt 0.4219 0.6670 0.0000
vt 0.4188 0.6671 0.0000
vt 0.4529 0.6667 0.0000
vt 0.4560 0.6667 0.0000
vt 0.4498 0.6668 0.0000
vt 0.4467 0.6668 0.0000
vt 0.4435 0.6668 0.0000
vt 0.4404 0.6668 0.0000
vt 0.4342 0.6540 0.0000
vt 0.4373 0.6540 0.0000
vt 0.4311 0.6540 0.0000
vt 0.4280 0.6540 0.0000
vt 0.4250 0.6541 0.0000
vt 0.4219 0.6541 0.0000
vt 0.4188 0.6541 0.0000
vt 0.4528 0.6539 0.0000
vt 0.4559 0.6539 0.0000
vt 0.4497 0.6539 0.0000
vt 0.4466 0.6539 0.0000
vt 0.4435 0.6539 0.0000
vt 0.4404 0.6540 0.0000
vt 0.4343 0.6411 0.0000
vt 0.4374 0.6411 0.0000
vt 0.4312 0.6411 0.0000
vt 0.4281 0.6411 0.0000
vt 0.4250 0.6411 0.0000
vt 0.4219 0.6411 0.0000
vt 0.4188 0.6411 0.0000
vt 0.4528 0.6411 0.0000
vt 0.4559 0.6411 0.0000
vt 0.4497 0.6411 0.0000
vt 0.4466 0.6411 0.0000
vt 0.4436 0.6411 0.0000
vt 0.4405 0.6411 0.0000
vt 0.4344 0.6282 0.0000
vt 0.4375 0.6282 0.0000
vt 0.4313 0.6282 0.0000
vt 0.4282 0.6282 0.0000
vt 0.4251 0.6282 0.0000
vt 0.4220 0.6282 0.0000
vt 0.4189 0.6281 0.0000
vt 0.4530 0.6283 0.0000
vt 0.4561 0.6283 0.0000
vt 0.4499 0.6282 0.0000
vt 0.4468 0.6282 0.0000
vt 0.4437 0.6282 0.0000
vt 0.4406 0.6282 0.0000
vt 0.4346 0.6153 0.0000
vt 0.4377 0.6153 0.0000
vt 0.4315 0.6153 0.0000
vt 0.4284 0.6153 0.0000
vt 0.4253 0.6152 0.0000
vt 0.4222 0.6152 0.0000
vt 0.4191 0.6152 0.0000
vt 0.4532 0.6154 0.0000
vt 0.4563 0.6155 0.0000
vt 0.4501 0.6154 0.0000
vt 0.4470 0.6154 0.0000
vt 0.4439 0.6153 0.0000
vt 0.4408 0.6153 0.0000
vt 0.4348 0.6024 0.0000
vt 0.4379 0.6024 0.0000
vt 0.4317 0.6024 0.0000
vt 0.4286 0.6024 0.0000
vt 0.4254 0.6023 0.0000
vt 0.4223 0.6023 0.0000
vt 0.4191 0.6022 0.0000
vt 0.4534 0.6026 0.0000
vt 0.4565 0.6026 0.0000
vt 0.4503 0.6025 0.0000
vt 0.4472 0.6025 0.0000
vt 0.4441 0.6024 0.0000
vt 0.4410 0.6024 0.0000
vt 0.4353 0.5895 0.0000
vt 0.4383 0.5895 0.0000
vt 0.4322 0.5895 0.0000
vt 0.4291 0.5895 0.0000
vt 0.4260 0.5895 0.0000
vt 0.4229 0.5894 0.0000
vt 0.4198 0.5893 0.0000
vt 0.4537 0.5897 0.0000
vt 0.4568 0.5898 0.0000
vt 0.4507 0.5896 0.0000
vt 0.4476 0.5896 0.0000
vt 0.4445 0.5896 0.0000
vt 0.4414 0.5895 0.0000
vt 0.4357 0.5766 0.0000
vt 0.4388 0.5766 0.0000
vt 0.4327 0.5766 0.0000
vt 0.4296 0.5766 0.0000
vt 0.4265 0.5766 0.0000
vt 0.4235 0.5765 0.0000
vt 0.4204 0.5764 0.0000
vt 0.4540 0.5768 0.0000
vt 0.4571 0.5769 0.0000
vt 0.4510 0.5768 0.0000
vt 0.4479 0.5767 0.0000
vt 0.4449 0.5766 0.0000
vt 0.4418 0.5766 0.0000
vt 0.4361 0.5636 0.0000
vt 0.4391 0.5636 0.0000
vt 0.4331 0.5636 0.0000
vt 0.4300 0.5637 0.0000
vt 0.4270 0.5637 0.0000
vt 0.4240 0.5637 0.0000
vt 0.4210 0.5637 0.0000
vt 0.4544 0.5639 0.0000
vt 0.4575 0.5640 0.0000
vt 0.4513 0.5639 0.0000
vt 0.4483 0.5638 0.0000
vt 0.4452 0.5637 0.0000
vt 0.4422 0.5637 0.0000
vt 0.4361 0.5506 0.0000
vt 0.4392 0.5506 0.0000
vt 0.4331 0.5507 0.0000
vt 0.4301 0.5508 0.0000
vt 0.4270 0.5509 0.0000
vt 0.4239 0.5509 0.0000
vt 0.4209 0.5510 0.0000
vt 0.4544 0.5511 0.0000
vt 0.4575 0.5511 0.0000
vt 0.4513 0.5510 0.0000
vt 0.4483 0.5509 0.0000
vt 0.4452 0.5508 0.0000
vt 0.4422 0.5507 0.0000
vt 0.4360 0.5376 0.0000
vt 0.4391 0.5376 0.0000
vt 0.4330 0.5377 0.0000
vt 0.4300 0.5379 0.0000
vt 0.4269 0.5380 0.0000
vt 0.4238 0.5382 0.0000
vt 0.4207 0.5383 0.0000
vt 0.4543 0.5382 0.0000
vt 0.4574 0.5383 0.0000
vt 0.4512 0.5381 0.0000
vt 0.4481 0.5379 0.0000
vt 0.4451 0.5378 0.0000
vt 0.4421 0.5376 0.0000
vt 0.4358 0.5245 0.0000
vt 0.4388 0.5244 0.0000
vt 0.4328 0.5247 0.0000
vt 0.4297 0.5250 0.0000
vt 0.4267 0.5253 0.0000
vt 0.4236 0.5255 0.0000
vt 0.4205 0.5256 0.0000
vt 0.4541 0.5255 0.0000
vt 0.4572 0.5256 0.0000
vt 0.4510 0.5253 0.0000
vt 0.4480 0.5250 0.0000
vt 0.4449 0.5247 0.0000
vt 0.4419 0.5245 0.0000
vt 0.4355 0.5113 0.0000
vt 0.4387 0.5111 0.0000
vt 0.4323 0.5116 0.0000
vt 0.4292 0.5121 0.0000
vt 0.4261 0.5125 0.0000
vt 0.4231 0.5129 0.0000
vt 0.4200 0.5130 0.0000
vt 0.4540 0.5129 0.0000
vt 0.4570 0.5131 0.0000
vt 0.4511 0.5126 0.0000
vt 0.4481 0.5121 0.0000
vt 0.4450 0.5116 0.0000
vt 0.4419 0.5113 0.0000
vt 0.4468 0.8739 0.0000
vt 0.4435 0.8739 0.0000
vt 0.4427 0.8607 0.0000
vt 0.4458 0.8606 0.0000
vt 0.4403 0.8738 0.0000
vt 0.4397 0.8607 0.0000
vt 0.4370 0.8735 0.0000
vt 0.4366 0.8606 0.0000
vt 0.4339 0.8732 0.0000
vt 0.4335 0.8604 0.0000
vt 0.4307 0.8729 0.0000
vt 0.4303 0.8604 0.0000
vt 0.4276 0.8729 0.0000
vt 0.4273 0.8605 0.0000
vt 0.4654 0.8711 0.0000
vt 0.4623 0.8713 0.0000
vt 0.4611 0.8587 0.0000
vt 0.4641 0.8584 0.0000
vt 0.4593 0.8718 0.0000
vt 0.4580 0.8591 0.0000
vt 0.4562 0.8724 0.0000
vt 0.4549 0.8596 0.0000
vt 0.4532 0.8731 0.0000
vt 0.4519 0.8600 0.0000
vt 0.4500 0.8736 0.0000
vt 0.4488 0.8604 0.0000
vt 0.4417 0.8477 0.0000
vt 0.4447 0.8475 0.0000
vt 0.4387 0.8477 0.0000
vt 0.4356 0.8477 0.0000
vt 0.4325 0.8477 0.0000
vt 0.4294 0.8477 0.0000
vt 0.4263 0.8479 0.0000
vt 0.4599 0.8460 0.0000
vt 0.4630 0.8458 0.0000
vt 0.4569 0.8464 0.0000
vt 0.4538 0.8467 0.0000
vt 0.4508 0.8471 0.0000
vt 0.4477 0.8473 0.0000
vt 0.4406 0.8347 0.0000
vt 0.4437 0.8345 0.0000
vt 0.4376 0.8347 0.0000
vt 0.4345 0.8348 0.0000
vt 0.4315 0.8349 0.0000
vt 0.4284 0.8350 0.0000
vt 0.4253 0.8352 0.0000
vt 0.4589 0.8333 0.0000
vt 0.4620 0.8331 0.0000
vt 0.4559 0.8336 0.0000
vt 0.4528 0.8338 0.0000
vt 0.4498 0.8341 0.0000
vt 0.4467 0.8343 0.0000
vt 0.4397 0.8217 0.0000
vt 0.4427 0.8216 0.0000
vt 0.4366 0.8218 0.0000
vt 0.4336 0.8219 0.0000
vt 0.4305 0.8220 0.0000
vt 0.4274 0.8222 0.0000
vt 0.4244 0.8224 0.0000
vt 0.4581 0.8205 0.0000
vt 0.4611 0.8203 0.0000
vt 0.4550 0.8208 0.0000
vt 0.4519 0.8210 0.0000
vt 0.4488 0.8212 0.0000
vt 0.4458 0.8214 0.0000
vt 0.4389 0.8088 0.0000
vt 0.4419 0.8086 0.0000
vt 0.4358 0.8089 0.0000
vt 0.4327 0.8090 0.0000
vt 0.4297 0.8091 0.0000
vt 0.4266 0.8093 0.0000
vt 0.4235 0.8095 0.0000
vt 0.4573 0.8078 0.0000
vt 0.4604 0.8076 0.0000
vt 0.4542 0.8079 0.0000
vt 0.4511 0.8081 0.0000
vt 0.4481 0.8083 0.0000
vt 0.4450 0.8085 0.0000
vt 0.4382 0.7959 0.0000
vt 0.4412 0.7957 0.0000
vt 0.4351 0.7960 0.0000
vt 0.4320 0.7961 0.0000
vt 0.4290 0.7962 0.0000
vt 0.4259 0.7964 0.0000
vt 0.4228 0.7965 0.0000
vt 0.4566 0.7949 0.0000
vt 0.4597 0.7948 0.0000
vt 0.4536 0.7951 0.0000
vt 0.4505 0.7953 0.0000
vt 0.4474 0.7954 0.0000
vt 0.4443 0.7956 0.0000
vt 0.4376 0.7830 0.0000
vt 0.4407 0.7828 0.0000
vt 0.4345 0.7831 0.0000
vt 0.4314 0.7832 0.0000
vt 0.4284 0.7833 0.0000
vt 0.4253 0.7835 0.0000
vt 0.4222 0.7836 0.0000
vt 0.4561 0.7821 0.0000
vt 0.4592 0.7820 0.0000
vt 0.4530 0.7823 0.0000
vt 0.4499 0.7824 0.0000
vt 0.4468 0.7826 0.0000
vt 0.4437 0.7827 0.0000
vt 0.4371 0.7701 0.0000
vt 0.4402 0.7699 0.0000
vt 0.4340 0.7702 0.0000
vt 0.4309 0.7703 0.0000
vt 0.4278 0.7704 0.0000
vt 0.4248 0.7705 0.0000
vt 0.4217 0.7706 0.0000
vt 0.4556 0.7693 0.0000
vt 0.4587 0.7692 0.0000
vt 0.4525 0.7694 0.0000
vt 0.4494 0.7696 0.0000
vt 0.4463 0.7697 0.0000
vt 0.4432 0.7698 0.0000
vt 0.4366 0.7572 0.0000
vt 0.4397 0.7571 0.0000
vt 0.4335 0.7573 0.0000
vt 0.4305 0.7574 0.0000
vt 0.4274 0.7575 0.0000
vt 0.4243 0.7576 0.0000
vt 0.4212 0.7577 0.0000
vt 0.4552 0.7565 0.0000
vt 0.4582 0.7564 0.0000
vt 0.4521 0.7566 0.0000
vt 0.4490 0.7567 0.0000
vt 0.4459 0.7568 0.0000
vt 0.4428 0.7569 0.0000
vt 0.4362 0.7443 0.0000
vt 0.4393 0.7442 0.0000
vt 0.4331 0.7444 0.0000
vt 0.4300 0.7445 0.0000
vt 0.4270 0.7446 0.0000
vt 0.4239 0.7447 0.0000
vt 0.4208 0.7448 0.0000
vt 0.4547 0.7437 0.0000
vt 0.4578 0.7436 0.0000
vt 0.4517 0.7438 0.0000
vt 0.4486 0.7439 0.0000
vt 0.4455 0.7440 0.0000
vt 0.4424 0.7441 0.0000
vt 0.4358 0.7314 0.0000
vt 0.4389 0.7313 0.0000
vt 0.4327 0.7315 0.0000
vt 0.4297 0.7315 0.0000
vt 0.4266 0.7316 0.0000
vt 0.4235 0.7317 0.0000
vt 0.4204 0.7318 0.0000
vt 0.4544 0.7308 0.0000
vt 0.4575 0.7307 0.0000
vt 0.4513 0.7309 0.0000
vt 0.4482 0.7310 0.0000
vt 0.4451 0.7311 0.0000
vt 0.4420 0.7312 0.0000
vt 0.4355 0.7185 0.0000
vt 0.4386 0.7184 0.0000
vt 0.4324 0.7186 0.0000
vt 0.4293 0.7186 0.0000
vt 0.4262 0.7187 0.0000
vt 0.4231 0.7188 0.0000
vt 0.4200 0.7189 0.0000
vt 0.4540 0.7180 0.0000
vt 0.4571 0.7179 0.0000
vt 0.4509 0.7181 0.0000
vt 0.4479 0.7182 0.0000
vt 0.4448 0.7182 0.0000
vt 0.4417 0.7183 0.0000
vt 0.4350 0.7056 0.0000
vt 0.4381 0.7055 0.0000
vt 0.4320 0.7057 0.0000
vt 0.4289 0.7057 0.0000
vt 0.4258 0.7058 0.0000
vt 0.4228 0.7059 0.0000
vt 0.4197 0.7059 0.0000
vt 0.4536 0.7052 0.0000
vt 0.4567 0.7051 0.0000
vt 0.4505 0.7052 0.0000
vt 0.4473 0.7053 0.0000
vt 0.4442 0.7054 0.0000
vt 0.4412 0.7055 0.0000
vt 0.4317 0.9926 0.0000
vt 0.4284 0.9893 0.0000
vt 0.4409 0.9929 0.0000
vt 0.4362 0.9939 0.0000
vt 0.4562 0.9748 0.0000
vt 0.4465 0.9832 0.0000
vt 0.4479 0.9789 0.0000
vt 0.4515 0.9759 0.0000
vt 0.4370 0.4120 0.0000
vt 0.4404 0.4116 0.0000
vt 0.4336 0.4125 0.0000
vt 0.4303 0.4130 0.0000
vt 0.4270 0.4133 0.0000
vt 0.4657 0.4134 0.0000
vt 0.4627 0.4133 0.0000
vt 0.4996 0.4130 0.0000
vt 0.5029 0.4135 0.0000
vt 0.4961 0.4125 0.0000
vt 0.4927 0.4120 0.0000
vt 0.4892 0.4116 0.0000
vt 0.4857 0.4115 0.0000
vt 0.4879 0.9734 0.0000
vt 0.4847 0.9732 0.0000
vt 0.4911 0.9734 0.0000
vt 0.4943 0.9731 0.0000
vt 0.4975 0.9726 0.0000
vt 0.5007 0.9720 0.0000
vt 0.5038 0.9713 0.0000
vt 0.5069 0.9709 0.0000
vt 0.4722 0.9724 0.0000
vt 0.4692 0.9726 0.0000
vt 0.4753 0.9724 0.0000
vt 0.4784 0.9726 0.0000
vt 0.4815 0.9729 0.0000
vt 0.4693 0.9850 0.0000
vt 0.4863 0.9899 0.0000
vt 0.4708 0.9807 0.0000
vt 0.4239 0.4134 0.0000
vt 0.4208 0.4133 0.0000
vt 0.4577 0.4130 0.0000
vt 0.4610 0.4135 0.0000
vt 0.4543 0.4125 0.0000
vt 0.4508 0.4120 0.0000
vt 0.4473 0.4116 0.0000
vt 0.4439 0.4115 0.0000
vt 0.4460 0.9734 0.0000
vt 0.4428 0.9732 0.0000
vt 0.4492 0.9734 0.0000
vt 0.4524 0.9731 0.0000
vt 0.4556 0.9726 0.0000
vt 0.4588 0.9720 0.0000
vt 0.4619 0.9713 0.0000
vt 0.4650 0.9709 0.0000
vt 0.4304 0.9724 0.0000
vt 0.4273 0.9726 0.0000
vt 0.4334 0.9724 0.0000
vt 0.4365 0.9726 0.0000
vt 0.4396 0.9729 0.0000
vt 0.4274 0.9850 0.0000
vt 0.4445 0.9899 0.0000
vt 0.4289 0.9807 0.0000
vt 0.4878 0.9856 0.0000
vt 0.4743 0.9776 0.0000
vt 0.4868 0.9812 0.0000
vt 0.4790 0.9766 0.0000
vt 0.4459 0.9856 0.0000
vt 0.4324 0.9776 0.0000
vt 0.4449 0.9812 0.0000
vt 0.4371 0.9766 0.0000
vt 0.5658 0.6926 0.0000
vt 0.5627 0.6927 0.0000
vt 0.5626 0.6798 0.0000
vt 0.5656 0.6797 0.0000
vt 0.5596 0.6927 0.0000
vt 0.5595 0.6798 0.0000
vt 0.5566 0.6928 0.0000
vt 0.5565 0.6799 0.0000
vt 0.5535 0.6929 0.0000
vt 0.5534 0.6799 0.0000
vt 0.5504 0.6929 0.0000
vt 0.5502 0.6800 0.0000
vt 0.5473 0.6930 0.0000
vt 0.5471 0.6800 0.0000
vt 0.5843 0.6923 0.0000
vt 0.5812 0.6924 0.0000
vt 0.5810 0.6795 0.0000
vt 0.5841 0.6795 0.0000
vt 0.5781 0.6924 0.0000
vt 0.5779 0.6796 0.0000
vt 0.5750 0.6925 0.0000
vt 0.5748 0.6796 0.0000
vt 0.5720 0.6925 0.0000
vt 0.5718 0.6797 0.0000
vt 0.5689 0.6926 0.0000
vt 0.5687 0.6797 0.0000
vt 0.5621 0.6669 0.0000
vt 0.5652 0.6669 0.0000
vt 0.5590 0.6669 0.0000
vt 0.5559 0.6670 0.0000
vt 0.5529 0.6670 0.0000
vt 0.5498 0.6670 0.0000
vt 0.5467 0.6671 0.0000
vt 0.5808 0.6667 0.0000
vt 0.5839 0.6667 0.0000
vt 0.5777 0.6668 0.0000
vt 0.5746 0.6668 0.0000
vt 0.5715 0.6668 0.0000
vt 0.5684 0.6668 0.0000
vt 0.5621 0.6540 0.0000
vt 0.5652 0.6540 0.0000
vt 0.5590 0.6540 0.0000
vt 0.5560 0.6540 0.0000
vt 0.5529 0.6541 0.0000
vt 0.5498 0.6541 0.0000
vt 0.5467 0.6541 0.0000
vt 0.5807 0.6539 0.0000
vt 0.5838 0.6539 0.0000
vt 0.5776 0.6539 0.0000
vt 0.5745 0.6539 0.0000
vt 0.5714 0.6539 0.0000
vt 0.5683 0.6540 0.0000
vt 0.5622 0.6411 0.0000
vt 0.5653 0.6411 0.0000
vt 0.5591 0.6411 0.0000
vt 0.5560 0.6411 0.0000
vt 0.5529 0.6411 0.0000
vt 0.5499 0.6411 0.0000
vt 0.5468 0.6411 0.0000
vt 0.5808 0.6411 0.0000
vt 0.5839 0.6411 0.0000
vt 0.5777 0.6411 0.0000
vt 0.5746 0.6411 0.0000
vt 0.5715 0.6411 0.0000
vt 0.5684 0.6411 0.0000
vt 0.5623 0.6282 0.0000
vt 0.5654 0.6282 0.0000
vt 0.5592 0.6282 0.0000
vt 0.5561 0.6282 0.0000
vt 0.5531 0.6282 0.0000
vt 0.5500 0.6282 0.0000
vt 0.5469 0.6281 0.0000
vt 0.5809 0.6283 0.0000
vt 0.5840 0.6283 0.0000
vt 0.5778 0.6282 0.0000
vt 0.5747 0.6282 0.0000
vt 0.5716 0.6282 0.0000
vt 0.5685 0.6282 0.0000
vt 0.5625 0.6153 0.0000
vt 0.5656 0.6153 0.0000
vt 0.5594 0.6153 0.0000
vt 0.5563 0.6153 0.0000
vt 0.5532 0.6152 0.0000
vt 0.5501 0.6152 0.0000
vt 0.5470 0.6152 0.0000
vt 0.5811 0.6154 0.0000
vt 0.5842 0.6155 0.0000
vt 0.5780 0.6154 0.0000
vt 0.5749 0.6154 0.0000
vt 0.5718 0.6153 0.0000
vt 0.5687 0.6153 0.0000
vt 0.5627 0.6024 0.0000
vt 0.5658 0.6024 0.0000
vt 0.5596 0.6024 0.0000
vt 0.5565 0.6024 0.0000
vt 0.5534 0.6023 0.0000
vt 0.5502 0.6023 0.0000
vt 0.5470 0.6022 0.0000
vt 0.5813 0.6026 0.0000
vt 0.5844 0.6026 0.0000
vt 0.5783 0.6025 0.0000
vt 0.5752 0.6025 0.0000
vt 0.5721 0.6024 0.0000
vt 0.5689 0.6024 0.0000
vt 0.5632 0.5895 0.0000
vt 0.5663 0.5895 0.0000
vt 0.5601 0.5895 0.0000
vt 0.5570 0.5895 0.0000
vt 0.5539 0.5895 0.0000
vt 0.5508 0.5894 0.0000
vt 0.5477 0.5893 0.0000
vt 0.5817 0.5897 0.0000
vt 0.5848 0.5898 0.0000
vt 0.5786 0.5896 0.0000
vt 0.5755 0.5896 0.0000
vt 0.5724 0.5896 0.0000
vt 0.5693 0.5895 0.0000
vt 0.5636 0.5766 0.0000
vt 0.5667 0.5766 0.0000
vt 0.5606 0.5766 0.0000
vt 0.5575 0.5766 0.0000
vt 0.5545 0.5766 0.0000
vt 0.5514 0.5765 0.0000
vt 0.5483 0.5764 0.0000
vt 0.5820 0.5768 0.0000
vt 0.5850 0.5769 0.0000
vt 0.5789 0.5768 0.0000
vt 0.5759 0.5767 0.0000
vt 0.5728 0.5766 0.0000
vt 0.5698 0.5766 0.0000
vt 0.5640 0.5636 0.0000
vt 0.5671 0.5636 0.0000
vt 0.5610 0.5636 0.0000
vt 0.5580 0.5637 0.0000
vt 0.5549 0.5637 0.0000
vt 0.5519 0.5637 0.0000
vt 0.5489 0.5637 0.0000
vt 0.5823 0.5639 0.0000
vt 0.5854 0.5640 0.0000
vt 0.5792 0.5639 0.0000
vt 0.5762 0.5638 0.0000
vt 0.5731 0.5637 0.0000
vt 0.5701 0.5637 0.0000
vt 0.5641 0.5506 0.0000
vt 0.5671 0.5506 0.0000
vt 0.5610 0.5507 0.0000
vt 0.5580 0.5508 0.0000
vt 0.5549 0.5509 0.0000
vt 0.5519 0.5509 0.0000
vt 0.5488 0.5510 0.0000
vt 0.5823 0.5511 0.0000
vt 0.5854 0.5511 0.0000
vt 0.5793 0.5510 0.0000
vt 0.5762 0.5509 0.0000
vt 0.5732 0.5508 0.0000
vt 0.5701 0.5507 0.0000
vt 0.5640 0.5376 0.0000
vt 0.5670 0.5376 0.0000
vt 0.5609 0.5377 0.0000
vt 0.5579 0.5379 0.0000
vt 0.5548 0.5380 0.0000
vt 0.5517 0.5382 0.0000
vt 0.5486 0.5383 0.0000
vt 0.5822 0.5382 0.0000
vt 0.5853 0.5383 0.0000
vt 0.5791 0.5381 0.0000
vt 0.5761 0.5379 0.0000
vt 0.5730 0.5378 0.0000
vt 0.5700 0.5376 0.0000
vt 0.5637 0.5245 0.0000
vt 0.5668 0.5244 0.0000
vt 0.5607 0.5247 0.0000
vt 0.5577 0.5250 0.0000
vt 0.5546 0.5253 0.0000
vt 0.5515 0.5255 0.0000
vt 0.5484 0.5256 0.0000
vt 0.5820 0.5255 0.0000
vt 0.5851 0.5256 0.0000
vt 0.5789 0.5253 0.0000
vt 0.5759 0.5250 0.0000
vt 0.5728 0.5247 0.0000
vt 0.5698 0.5245 0.0000
vt 0.5634 0.5113 0.0000
vt 0.5666 0.5111 0.0000
vt 0.5603 0.5116 0.0000
vt 0.5571 0.5121 0.0000
vt 0.5541 0.5125 0.0000
vt 0.5510 0.5129 0.0000
vt 0.5479 0.5130 0.0000
vt 0.5819 0.5129 0.0000
vt 0.5849 0.5131 0.0000
vt 0.5790 0.5126 0.0000
vt 0.5760 0.5121 0.0000
vt 0.5729 0.5116 0.0000
vt 0.5698 0.5113 0.0000
vt 0.5747 0.8739 0.0000
vt 0.5715 0.8739 0.0000
vt 0.5707 0.8607 0.0000
vt 0.5737 0.8606 0.0000
vt 0.5682 0.8738 0.0000
vt 0.5676 0.8607 0.0000
vt 0.5650 0.8735 0.0000
vt 0.5645 0.8606 0.0000
vt 0.5618 0.8732 0.0000
vt 0.5614 0.8604 0.0000
vt 0.5587 0.8729 0.0000
vt 0.5583 0.8604 0.0000
vt 0.5556 0.8729 0.0000
vt 0.5552 0.8605 0.0000
vt 0.5933 0.8711 0.0000
vt 0.5902 0.8713 0.0000
vt 0.5890 0.8587 0.0000
vt 0.5921 0.8584 0.0000
vt 0.5872 0.8718 0.0000
vt 0.5859 0.8591 0.0000
vt 0.5842 0.8724 0.0000
vt 0.5828 0.8596 0.0000
vt 0.5811 0.8731 0.0000
vt 0.5798 0.8600 0.0000
vt 0.5779 0.8736 0.0000
vt 0.5768 0.8604 0.0000
vt 0.5696 0.8477 0.0000
vt 0.5727 0.8475 0.0000
vt 0.5666 0.8477 0.0000
vt 0.5635 0.8477 0.0000
vt 0.5604 0.8477 0.0000
vt 0.5574 0.8477 0.0000
vt 0.5543 0.8479 0.0000
vt 0.5879 0.8460 0.0000
vt 0.5909 0.8458 0.0000
vt 0.5848 0.8464 0.0000
vt 0.5817 0.8467 0.0000
vt 0.5787 0.8471 0.0000
vt 0.5757 0.8473 0.0000
vt 0.5686 0.8347 0.0000
vt 0.5716 0.8345 0.0000
vt 0.5655 0.8347 0.0000
vt 0.5625 0.8348 0.0000
vt 0.5594 0.8349 0.0000
vt 0.5563 0.8350 0.0000
vt 0.5532 0.8352 0.0000
vt 0.5869 0.8333 0.0000
vt 0.5899 0.8331 0.0000
vt 0.5838 0.8336 0.0000
vt 0.5807 0.8338 0.0000
vt 0.5777 0.8341 0.0000
vt 0.5746 0.8343 0.0000
vt 0.5676 0.8217 0.0000
vt 0.5707 0.8216 0.0000
vt 0.5646 0.8218 0.0000
vt 0.5615 0.8219 0.0000
vt 0.5584 0.8220 0.0000
vt 0.5554 0.8222 0.0000
vt 0.5523 0.8224 0.0000
vt 0.5860 0.8205 0.0000
vt 0.5891 0.8203 0.0000
vt 0.5829 0.8208 0.0000
vt 0.5798 0.8210 0.0000
vt 0.5768 0.8212 0.0000
vt 0.5737 0.8214 0.0000
vt 0.5668 0.8088 0.0000
vt 0.5698 0.8086 0.0000
vt 0.5637 0.8089 0.0000
vt 0.5607 0.8090 0.0000
vt 0.5576 0.8091 0.0000
vt 0.5545 0.8093 0.0000
vt 0.5514 0.8095 0.0000
vt 0.5852 0.8078 0.0000
vt 0.5883 0.8076 0.0000
vt 0.5821 0.8079 0.0000
vt 0.5791 0.8081 0.0000
vt 0.5760 0.8083 0.0000
vt 0.5729 0.8085 0.0000
vt 0.5661 0.7959 0.0000
vt 0.5692 0.7957 0.0000
vt 0.5630 0.7960 0.0000
vt 0.5600 0.7961 0.0000
vt 0.5569 0.7962 0.0000
vt 0.5538 0.7964 0.0000
vt 0.5507 0.7965 0.0000
vt 0.5846 0.7949 0.0000
vt 0.5877 0.7948 0.0000
vt 0.5815 0.7951 0.0000
vt 0.5784 0.7953 0.0000
vt 0.5753 0.7954 0.0000
vt 0.5722 0.7956 0.0000
vt 0.5655 0.7830 0.0000
vt 0.5686 0.7828 0.0000
vt 0.5624 0.7831 0.0000
vt 0.5594 0.7832 0.0000
vt 0.5563 0.7833 0.0000
vt 0.5532 0.7835 0.0000
vt 0.5501 0.7836 0.0000
vt 0.5840 0.7821 0.0000
vt 0.5871 0.7820 0.0000
vt 0.5809 0.7823 0.0000
vt 0.5778 0.7824 0.0000
vt 0.5748 0.7826 0.0000
vt 0.5717 0.7827 0.0000
vt 0.5650 0.7701 0.0000
vt 0.5681 0.7699 0.0000
vt 0.5619 0.7702 0.0000
vt 0.5589 0.7703 0.0000
vt 0.5558 0.7704 0.0000
vt 0.5527 0.7705 0.0000
vt 0.5496 0.7706 0.0000
vt 0.5835 0.7693 0.0000
vt 0.5866 0.7692 0.0000
vt 0.5804 0.7694 0.0000
vt 0.5773 0.7696 0.0000
vt 0.5743 0.7697 0.0000
vt 0.5712 0.7698 0.0000
vt 0.5646 0.7572 0.0000
vt 0.5676 0.7571 0.0000
vt 0.5615 0.7573 0.0000
vt 0.5584 0.7574 0.0000
vt 0.5553 0.7575 0.0000
vt 0.5522 0.7576 0.0000
vt 0.5491 0.7577 0.0000
vt 0.5831 0.7565 0.0000
vt 0.5862 0.7564 0.0000
vt 0.5800 0.7566 0.0000
vt 0.5769 0.7567 0.0000
vt 0.5738 0.7568 0.0000
vt 0.5707 0.7569 0.0000
vt 0.5641 0.7443 0.0000
vt 0.5672 0.7442 0.0000
vt 0.5611 0.7444 0.0000
vt 0.5580 0.7445 0.0000
vt 0.5549 0.7446 0.0000
vt 0.5518 0.7447 0.0000
vt 0.5487 0.7448 0.0000
vt 0.5827 0.7437 0.0000
vt 0.5858 0.7436 0.0000
vt 0.5796 0.7438 0.0000
vt 0.5765 0.7439 0.0000
vt 0.5734 0.7440 0.0000
vt 0.5703 0.7441 0.0000
vt 0.5638 0.7314 0.0000
vt 0.5668 0.7313 0.0000
vt 0.5607 0.7315 0.0000
vt 0.5576 0.7315 0.0000
vt 0.5545 0.7316 0.0000
vt 0.5514 0.7317 0.0000
vt 0.5483 0.7318 0.0000
vt 0.5823 0.7308 0.0000
vt 0.5854 0.7307 0.0000
vt 0.5792 0.7309 0.0000
vt 0.5761 0.7310 0.0000
vt 0.5730 0.7311 0.0000
vt 0.5699 0.7312 0.0000
vt 0.5634 0.7185 0.0000
vt 0.5665 0.7184 0.0000
vt 0.5603 0.7186 0.0000
vt 0.5572 0.7186 0.0000
vt 0.5541 0.7187 0.0000
vt 0.5510 0.7188 0.0000
vt 0.5480 0.7189 0.0000
vt 0.5819 0.7180 0.0000
vt 0.5850 0.7179 0.0000
vt 0.5789 0.7181 0.0000
vt 0.5758 0.7182 0.0000
vt 0.5727 0.7182 0.0000
vt 0.5696 0.7183 0.0000
vt 0.5630 0.7056 0.0000
vt 0.5660 0.7055 0.0000
vt 0.5599 0.7057 0.0000
vt 0.5568 0.7057 0.0000
vt 0.5538 0.7058 0.0000
vt 0.5507 0.7059 0.0000
vt 0.5476 0.7059 0.0000
vt 0.5815 0.7052 0.0000
vt 0.5846 0.7051 0.0000
vt 0.5784 0.7052 0.0000
vt 0.5753 0.7053 0.0000
vt 0.5722 0.7054 0.0000
vt 0.5691 0.7055 0.0000
vt 0.5596 0.9926 0.0000
vt 0.5564 0.9893 0.0000
vt 0.5688 0.9929 0.0000
vt 0.5642 0.9939 0.0000
vt 0.5841 0.9748 0.0000
vt 0.5744 0.9832 0.0000
vt 0.5759 0.9789 0.0000
vt 0.5794 0.9759 0.0000
vt 0.5649 0.4120 0.0000
vt 0.5683 0.4116 0.0000
vt 0.5616 0.4125 0.0000
vt 0.5582 0.4130 0.0000
vt 0.5550 0.4133 0.0000
vt 0.5224 0.6926 0.0000
vt 0.5193 0.6927 0.0000
vt 0.5192 0.6798 0.0000
vt 0.5222 0.6797 0.0000
vt 0.5162 0.6927 0.0000
vt 0.5161 0.6798 0.0000
vt 0.5132 0.6928 0.0000
vt 0.5130 0.6799 0.0000
vt 0.5101 0.6929 0.0000
vt 0.5100 0.6799 0.0000
vt 0.5070 0.6929 0.0000
vt 0.5068 0.6800 0.0000
vt 0.5039 0.6930 0.0000
vt 0.5037 0.6800 0.0000
vt 0.5409 0.6923 0.0000
vt 0.5378 0.6924 0.0000
vt 0.5376 0.6795 0.0000
vt 0.5407 0.6795 0.0000
vt 0.5347 0.6924 0.0000
vt 0.5345 0.6796 0.0000
vt 0.5316 0.6925 0.0000
vt 0.5314 0.6796 0.0000
vt 0.5286 0.6925 0.0000
vt 0.5283 0.6797 0.0000
vt 0.5255 0.6926 0.0000
vt 0.5253 0.6797 0.0000
vt 0.5187 0.6669 0.0000
vt 0.5218 0.6669 0.0000
vt 0.5156 0.6669 0.0000
vt 0.5125 0.6670 0.0000
vt 0.5095 0.6670 0.0000
vt 0.5064 0.6670 0.0000
vt 0.5033 0.6671 0.0000
vt 0.5374 0.6667 0.0000
vt 0.5405 0.6667 0.0000
vt 0.5343 0.6668 0.0000
vt 0.5312 0.6668 0.0000
vt 0.5281 0.6668 0.0000
vt 0.5250 0.6668 0.0000
vt 0.5187 0.6540 0.0000
vt 0.5218 0.6540 0.0000
vt 0.5156 0.6540 0.0000
vt 0.5126 0.6540 0.0000
vt 0.5095 0.6541 0.0000
vt 0.5064 0.6541 0.0000
vt 0.5033 0.6541 0.0000
vt 0.5373 0.6539 0.0000
vt 0.5404 0.6539 0.0000
vt 0.5342 0.6539 0.0000
vt 0.5311 0.6539 0.0000
vt 0.5280 0.6539 0.0000
vt 0.5249 0.6540 0.0000
vt 0.5188 0.6411 0.0000
vt 0.5219 0.6411 0.0000
vt 0.5157 0.6411 0.0000
vt 0.5126 0.6411 0.0000
vt 0.5095 0.6411 0.0000
vt 0.5065 0.6411 0.0000
vt 0.5034 0.6411 0.0000
vt 0.5374 0.6411 0.0000
vt 0.5405 0.6411 0.0000
vt 0.5343 0.6411 0.0000
vt 0.5312 0.6411 0.0000
vt 0.5281 0.6411 0.0000
vt 0.5250 0.6411 0.0000
vt 0.5189 0.6282 0.0000
vt 0.5220 0.6282 0.0000
vt 0.5158 0.6282 0.0000
vt 0.5127 0.6282 0.0000
vt 0.5097 0.6282 0.0000
vt 0.5066 0.6282 0.0000
vt 0.5035 0.6281 0.0000
vt 0.5375 0.6283 0.0000
vt 0.5406 0.6283 0.0000
vt 0.5344 0.6282 0.0000
vt 0.5313 0.6282 0.0000
vt 0.5282 0.6282 0.0000
vt 0.5251 0.6282 0.0000
vt 0.5191 0.6153 0.0000
vt 0.5222 0.6153 0.0000
vt 0.5160 0.6153 0.0000
vt 0.5129 0.6153 0.0000
vt 0.5098 0.6152 0.0000
vt 0.5067 0.6152 0.0000
vt 0.5036 0.6152 0.0000
vt 0.5377 0.6154 0.0000
vt 0.5408 0.6155 0.0000
vt 0.5346 0.6154 0.0000
vt 0.5315 0.6154 0.0000
vt 0.5284 0.6153 0.0000
vt 0.5253 0.6153 0.0000
vt 0.5193 0.6024 0.0000
vt 0.5224 0.6024 0.0000
vt 0.5162 0.6024 0.0000
vt 0.5131 0.6024 0.0000
vt 0.5099 0.6023 0.0000
vt 0.5068 0.6023 0.0000
vt 0.5036 0.6022 0.0000
vt 0.5379 0.6026 0.0000
vt 0.5410 0.6026 0.0000
vt 0.5348 0.6025 0.0000
vt 0.5318 0.6025 0.0000
vt 0.5286 0.6024 0.0000
vt 0.5255 0.6024 0.0000
vt 0.5198 0.5895 0.0000
vt 0.5229 0.5895 0.0000
vt 0.5167 0.5895 0.0000
vt 0.5136 0.5895 0.0000
vt 0.5105 0.5895 0.0000
vt 0.5074 0.5894 0.0000
vt 0.5043 0.5893 0.0000
vt 0.5383 0.5897 0.0000
vt 0.5414 0.5898 0.0000
vt 0.5352 0.5896 0.0000
vt 0.5321 0.5896 0.0000
vt 0.5290 0.5896 0.0000
vt 0.5259 0.5895 0.0000
vt 0.5202 0.5766 0.0000
vt 0.5233 0.5766 0.0000
vt 0.5172 0.5766 0.0000
vt 0.5141 0.5766 0.0000
vt 0.5111 0.5766 0.0000
vt 0.5080 0.5765 0.0000
vt 0.5049 0.5764 0.0000
vt 0.5386 0.5768 0.0000
vt 0.5416 0.5769 0.0000
vt 0.5355 0.5768 0.0000
vt 0.5324 0.5767 0.0000
vt 0.5294 0.5766 0.0000
vt 0.5263 0.5766 0.0000
vt 0.5206 0.5636 0.0000
vt 0.5237 0.5636 0.0000
vt 0.5176 0.5636 0.0000
vt 0.5146 0.5637 0.0000
vt 0.5115 0.5637 0.0000
vt 0.5085 0.5637 0.0000
vt 0.5055 0.5637 0.0000
vt 0.5389 0.5639 0.0000
vt 0.5420 0.5640 0.0000
vt 0.5358 0.5639 0.0000
vt 0.5328 0.5638 0.0000
vt 0.5297 0.5637 0.0000
vt 0.5267 0.5637 0.0000
vt 0.5207 0.5506 0.0000
vt 0.5237 0.5506 0.0000
vt 0.5176 0.5507 0.0000
vt 0.5146 0.5508 0.0000
vt 0.5115 0.5509 0.0000
vt 0.5085 0.5509 0.0000
vt 0.5054 0.5510 0.0000
vt 0.5389 0.5511 0.0000
vt 0.5420 0.5511 0.0000
vt 0.5359 0.5510 0.0000
vt 0.5328 0.5509 0.0000
vt 0.5298 0.5508 0.0000
vt 0.5267 0.5507 0.0000
vt 0.5206 0.5376 0.0000
vt 0.5236 0.5376 0.0000
vt 0.5175 0.5377 0.0000
vt 0.5145 0.5379 0.0000
vt 0.5114 0.5380 0.0000
vt 0.5083 0.5382 0.0000
vt 0.5052 0.5383 0.0000
vt 0.5388 0.5382 0.0000
vt 0.5419 0.5383 0.0000
vt 0.5357 0.5381 0.0000
vt 0.5327 0.5379 0.0000
vt 0.5296 0.5378 0.0000
vt 0.5266 0.5376 0.0000
vt 0.5203 0.5245 0.0000
vt 0.5234 0.5244 0.0000
vt 0.5173 0.5247 0.0000
vt 0.5143 0.5250 0.0000
vt 0.5112 0.5253 0.0000
vt 0.5081 0.5255 0.0000
vt 0.5050 0.5256 0.0000
vt 0.5386 0.5255 0.0000
vt 0.5417 0.5256 0.0000
vt 0.5355 0.5253 0.0000
vt 0.5325 0.5250 0.0000
vt 0.5294 0.5247 0.0000
vt 0.5264 0.5245 0.0000
vt 0.5200 0.5113 0.0000
vt 0.5232 0.5111 0.0000
vt 0.5169 0.5116 0.0000
vt 0.5137 0.5121 0.0000
vt 0.5107 0.5125 0.0000
vt 0.5076 0.5129 0.0000
vt 0.5045 0.5130 0.0000
vt 0.5385 0.5129 0.0000
vt 0.5415 0.5131 0.0000
vt 0.5356 0.5126 0.0000
vt 0.5326 0.5121 0.0000
vt 0.5295 0.5116 0.0000
vt 0.5264 0.5113 0.0000
vt 0.5313 0.8739 0.0000
vt 0.5281 0.8739 0.0000
vt 0.5273 0.8607 0.0000
vt 0.5303 0.8606 0.0000
vt 0.5248 0.8738 0.0000
vt 0.5242 0.8607 0.0000
vt 0.5216 0.8735 0.0000
vt 0.5211 0.8606 0.0000
vt 0.5184 0.8732 0.0000
vt 0.5180 0.8604 0.0000
vt 0.5152 0.8729 0.0000
vt 0.5149 0.8604 0.0000
vt 0.5121 0.8729 0.0000
vt 0.5118 0.8605 0.0000
vt 0.5499 0.8711 0.0000
vt 0.5468 0.8713 0.0000
vt 0.5456 0.8587 0.0000
vt 0.5487 0.8584 0.0000
vt 0.5438 0.8718 0.0000
vt 0.5425 0.8591 0.0000
vt 0.5408 0.8724 0.0000
vt 0.5394 0.8596 0.0000
vt 0.5377 0.8731 0.0000
vt 0.5364 0.8600 0.0000
vt 0.5345 0.8736 0.0000
vt 0.5333 0.8604 0.0000
vt 0.5262 0.8477 0.0000
vt 0.5292 0.8475 0.0000
vt 0.5232 0.8477 0.0000
vt 0.5201 0.8477 0.0000
vt 0.5170 0.8477 0.0000
vt 0.5140 0.8477 0.0000
vt 0.5109 0.8479 0.0000
vt 0.5445 0.8460 0.0000
vt 0.5475 0.8458 0.0000
vt 0.5414 0.8464 0.0000
vt 0.5383 0.8467 0.0000
vt 0.5353 0.8471 0.0000
vt 0.5323 0.8473 0.0000
vt 0.5252 0.8347 0.0000
vt 0.5282 0.8345 0.0000
vt 0.5221 0.8347 0.0000
vt 0.5191 0.8348 0.0000
vt 0.5160 0.8349 0.0000
vt 0.5129 0.8350 0.0000
vt 0.5098 0.8352 0.0000
vt 0.5435 0.8333 0.0000
vt 0.5465 0.8331 0.0000
vt 0.5404 0.8336 0.0000
vt 0.5373 0.8338 0.0000
vt 0.5343 0.8341 0.0000
vt 0.5312 0.8343 0.0000
vt 0.5242 0.8217 0.0000
vt 0.5273 0.8216 0.0000
vt 0.5212 0.8218 0.0000
vt 0.5181 0.8219 0.0000
vt 0.5150 0.8220 0.0000
vt 0.5120 0.8222 0.0000
vt 0.5089 0.8224 0.0000
vt 0.5426 0.8205 0.0000
vt 0.5457 0.8203 0.0000
vt 0.5395 0.8208 0.0000
vt 0.5364 0.8210 0.0000
vt 0.5334 0.8212 0.0000
vt 0.5303 0.8214 0.0000
vt 0.5234 0.8088 0.0000
vt 0.5264 0.8086 0.0000
vt 0.5203 0.8089 0.0000
vt 0.5173 0.8090 0.0000
vt 0.5142 0.8091 0.0000
vt 0.5111 0.8093 0.0000
vt 0.5080 0.8095 0.0000
vt 0.5418 0.8078 0.0000
vt 0.5449 0.8076 0.0000
vt 0.5387 0.8079 0.0000
vt 0.5357 0.8081 0.0000
vt 0.5326 0.8083 0.0000
vt 0.5295 0.8085 0.0000
vt 0.5227 0.7959 0.0000
vt 0.5258 0.7957 0.0000
vt 0.5196 0.7960 0.0000
vt 0.5166 0.7961 0.0000
vt 0.5135 0.7962 0.0000
vt 0.5104 0.7964 0.0000
vt 0.5073 0.7965 0.0000
vt 0.5412 0.7949 0.0000
vt 0.5443 0.7948 0.0000
vt 0.5381 0.7951 0.0000
vt 0.5350 0.7953 0.0000
vt 0.5319 0.7954 0.0000
vt 0.5288 0.7956 0.0000
vt 0.5221 0.7830 0.0000
vt 0.5252 0.7828 0.0000
vt 0.5190 0.7831 0.0000
vt 0.5160 0.7832 0.0000
vt 0.5129 0.7833 0.0000
vt 0.5098 0.7835 0.0000
vt 0.5067 0.7836 0.0000
vt 0.5406 0.7821 0.0000
vt 0.5437 0.7820 0.0000
vt 0.5375 0.7823 0.0000
vt 0.5344 0.7824 0.0000
vt 0.5313 0.7826 0.0000
vt 0.5283 0.7827 0.0000
vt 0.5216 0.7701 0.0000
vt 0.5247 0.7699 0.0000
vt 0.5185 0.7702 0.0000
vt 0.5154 0.7703 0.0000
vt 0.5124 0.7704 0.0000
vt 0.5093 0.7705 0.0000
vt 0.5062 0.7706 0.0000
vt 0.5401 0.7693 0.0000
vt 0.5432 0.7692 0.0000
vt 0.5370 0.7694 0.0000
vt 0.5339 0.7696 0.0000
vt 0.5309 0.7697 0.0000
vt 0.5278 0.7698 0.0000
vt 0.5212 0.7572 0.0000
vt 0.5242 0.7571 0.0000
vt 0.5181 0.7573 0.0000
vt 0.5150 0.7574 0.0000
vt 0.5119 0.7575 0.0000
vt 0.5088 0.7576 0.0000
vt 0.5057 0.7577 0.0000
vt 0.5397 0.7565 0.0000
vt 0.5428 0.7564 0.0000
vt 0.5366 0.7566 0.0000
vt 0.5335 0.7567 0.0000
vt 0.5304 0.7568 0.0000
vt 0.5273 0.7569 0.0000
vt 0.5207 0.7443 0.0000
vt 0.5238 0.7442 0.0000
vt 0.5177 0.7444 0.0000
vt 0.5146 0.7445 0.0000
vt 0.5115 0.7446 0.0000
vt 0.5084 0.7447 0.0000
vt 0.5053 0.7448 0.0000
vt 0.5393 0.7437 0.0000
vt 0.5424 0.7436 0.0000
vt 0.5362 0.7438 0.0000
vt 0.5331 0.7439 0.0000
vt 0.5300 0.7440 0.0000
vt 0.5269 0.7441 0.0000
vt 0.5204 0.7314 0.0000
vt 0.5234 0.7313 0.0000
vt 0.5173 0.7315 0.0000
vt 0.5142 0.7315 0.0000
vt 0.5111 0.7316 0.0000
vt 0.5080 0.7317 0.0000
vt 0.5049 0.7318 0.0000
vt 0.5389 0.7308 0.0000
vt 0.5420 0.7307 0.0000
vt 0.5358 0.7309 0.0000
vt 0.5327 0.7310 0.0000
vt 0.5296 0.7311 0.0000
vt 0.5265 0.7312 0.0000
vt 0.5200 0.7185 0.0000
vt 0.5231 0.7184 0.0000
vt 0.5169 0.7186 0.0000
vt 0.5138 0.7186 0.0000
vt 0.5107 0.7187 0.0000
vt 0.5076 0.7188 0.0000
vt 0.5045 0.7189 0.0000
vt 0.5385 0.7180 0.0000
vt 0.5416 0.7179 0.0000
vt 0.5355 0.7181 0.0000
vt 0.5324 0.7182 0.0000
vt 0.5293 0.7182 0.0000
vt 0.5262 0.7183 0.0000
vt 0.5196 0.7056 0.0000
vt 0.5226 0.7055 0.0000
vt 0.5165 0.7057 0.0000
vt 0.5134 0.7057 0.0000
vt 0.5104 0.7058 0.0000
vt 0.5073 0.7059 0.0000
vt 0.5042 0.7059 0.0000
vt 0.5381 0.7052 0.0000
vt 0.5412 0.7051 0.0000
vt 0.5350 0.7052 0.0000
vt 0.5319 0.7053 0.0000
vt 0.5288 0.7054 0.0000
vt 0.5257 0.7055 0.0000
vt 0.5162 0.9926 0.0000
vt 0.5130 0.9893 0.0000
vt 0.5254 0.9929 0.0000
vt 0.5208 0.9939 0.0000
vt 0.5407 0.9748 0.0000
vt 0.5310 0.9832 0.0000
vt 0.5325 0.9789 0.0000
vt 0.5360 0.9759 0.0000
vt 0.5215 0.4120 0.0000
vt 0.5249 0.4116 0.0000
vt 0.5182 0.4125 0.0000
vt 0.5148 0.4130 0.0000
vt 0.5116 0.4133 0.0000
vt 0.5518 0.4134 0.0000
vt 0.5487 0.4133 0.0000
vt 0.5857 0.4130 0.0000
vt 0.5889 0.4135 0.0000
vt 0.5822 0.4125 0.0000
vt 0.5787 0.4120 0.0000
vt 0.5752 0.4116 0.0000
vt 0.5718 0.4115 0.0000
vt 0.5739 0.9734 0.0000
vt 0.5707 0.9732 0.0000
vt 0.5771 0.9734 0.0000
vt 0.5803 0.9731 0.0000
vt 0.5836 0.9726 0.0000
vt 0.5867 0.9720 0.0000
vt 0.5899 0.9713 0.0000
vt 0.5930 0.9709 0.0000
vt 0.5583 0.9724 0.0000
vt 0.5552 0.9726 0.0000
vt 0.5614 0.9724 0.0000
vt 0.5645 0.9726 0.0000
vt 0.5676 0.9729 0.0000
vt 0.5554 0.9850 0.0000
vt 0.5724 0.9899 0.0000
vt 0.5568 0.9807 0.0000
vt 0.5084 0.4134 0.0000
vt 0.5053 0.4133 0.0000
vt 0.5423 0.4130 0.0000
vt 0.5455 0.4135 0.0000
vt 0.5388 0.4125 0.0000
vt 0.5353 0.4120 0.0000
vt 0.5318 0.4116 0.0000
vt 0.5284 0.4115 0.0000
vt 0.5305 0.9734 0.0000
vt 0.5273 0.9732 0.0000
vt 0.5337 0.9734 0.0000
vt 0.5369 0.9731 0.0000
vt 0.5402 0.9726 0.0000
vt 0.5433 0.9720 0.0000
vt 0.5465 0.9713 0.0000
vt 0.5496 0.9709 0.0000
vt 0.5149 0.9724 0.0000
vt 0.5118 0.9726 0.0000
vt 0.5180 0.9724 0.0000
vt 0.5211 0.9726 0.0000
vt 0.5242 0.9729 0.0000
vt 0.5120 0.9850 0.0000
vt 0.5290 0.9899 0.0000
vt 0.5134 0.9807 0.0000
vt 0.5738 0.9856 0.0000
vt 0.5604 0.9776 0.0000
vt 0.5728 0.9812 0.0000
vt 0.5650 0.9766 0.0000
vt 0.5304 0.9856 0.0000
vt 0.5170 0.9776 0.0000
vt 0.5294 0.9812 0.0000
vt 0.5216 0.9766 0.0000
vt 0.6084 0.6926 0.0000
vt 0.6054 0.6927 0.0000
vt 0.6052 0.6798 0.0000
vt 0.6083 0.6797 0.0000
vt 0.6023 0.6927 0.0000
vt 0.6021 0.6798 0.0000
vt 0.5992 0.6928 0.0000
vt 0.5991 0.6799 0.0000
vt 0.5961 0.6929 0.0000
vt 0.5960 0.6799 0.0000
vt 0.5931 0.6929 0.0000
vt 0.5929 0.6800 0.0000
vt 0.5900 0.6930 0.0000
vt 0.5898 0.6800 0.0000
vt 0.6269 0.6923 0.0000
vt 0.6239 0.6924 0.0000
vt 0.6236 0.6795 0.0000
vt 0.6267 0.6795 0.0000
vt 0.6208 0.6924 0.0000
vt 0.6205 0.6796 0.0000
vt 0.6177 0.6925 0.0000
vt 0.6175 0.6796 0.0000
vt 0.6146 0.6925 0.0000
vt 0.6144 0.6797 0.0000
vt 0.6115 0.6926 0.0000
vt 0.6113 0.6797 0.0000
vt 0.6048 0.6669 0.0000
vt 0.6079 0.6669 0.0000
vt 0.6017 0.6669 0.0000
vt 0.5986 0.6670 0.0000
vt 0.5955 0.6670 0.0000
vt 0.5925 0.6670 0.0000
vt 0.5894 0.6671 0.0000
vt 0.6234 0.6667 0.0000
vt 0.6265 0.6667 0.0000
vt 0.6203 0.6668 0.0000
vt 0.6172 0.6668 0.0000
vt 0.6141 0.6668 0.0000
vt 0.6110 0.6668 0.0000
vt 0.6048 0.6540 0.0000
vt 0.6079 0.6540 0.0000
vt 0.6017 0.6540 0.0000
vt 0.5986 0.6540 0.0000
vt 0.5955 0.6541 0.0000
vt 0.5924 0.6541 0.0000
vt 0.5893 0.6541 0.0000
vt 0.6234 0.6539 0.0000
vt 0.6265 0.6539 0.0000
vt 0.6203 0.6539 0.0000
vt 0.6172 0.6539 0.0000
vt 0.6141 0.6539 0.0000
vt 0.6110 0.6540 0.0000
vt 0.6048 0.6411 0.0000
vt 0.6079 0.6411 0.0000
vt 0.6018 0.6411 0.0000
vt 0.5987 0.6411 0.0000
vt 0.5956 0.6411 0.0000
vt 0.5925 0.6411 0.0000
vt 0.5894 0.6411 0.0000
vt 0.6234 0.6411 0.0000
vt 0.6265 0.6411 0.0000
vt 0.6203 0.6411 0.0000
vt 0.6172 0.6411 0.0000
vt 0.6141 0.6411 0.0000
vt 0.6110 0.6411 0.0000
vt 0.6050 0.6282 0.0000
vt 0.6081 0.6282 0.0000
vt 0.6019 0.6282 0.0000
vt 0.5988 0.6282 0.0000
vt 0.5957 0.6282 0.0000
vt 0.5926 0.6282 0.0000
vt 0.5895 0.6281 0.0000
vt 0.6235 0.6283 0.0000
vt 0.6266 0.6283 0.0000
vt 0.6204 0.6282 0.0000
vt 0.6173 0.6282 0.0000
vt 0.6143 0.6282 0.0000
vt 0.6112 0.6282 0.0000
vt 0.6051 0.6153 0.0000
vt 0.6082 0.6153 0.0000
vt 0.6020 0.6153 0.0000
vt 0.5989 0.6153 0.0000
vt 0.5958 0.6152 0.0000
vt 0.5927 0.6152 0.0000
vt 0.5896 0.6152 0.0000
vt 0.6237 0.6154 0.0000
vt 0.6268 0.6155 0.0000
vt 0.6206 0.6154 0.0000
vt 0.6175 0.6154 0.0000
vt 0.6144 0.6153 0.0000
vt 0.6113 0.6153 0.0000
vt 0.6054 0.6024 0.0000
vt 0.6085 0.6024 0.0000
vt 0.6023 0.6024 0.0000
vt 0.5991 0.6024 0.0000
vt 0.5960 0.6023 0.0000
vt 0.5928 0.6023 0.0000
vt 0.5897 0.6022 0.0000
vt 0.6240 0.6026 0.0000
vt 0.6271 0.6026 0.0000
vt 0.6209 0.6025 0.0000
vt 0.6178 0.6025 0.0000
vt 0.6147 0.6024 0.0000
vt 0.6116 0.6024 0.0000
vt 0.6058 0.5895 0.0000
vt 0.6089 0.5895 0.0000
vt 0.6027 0.5895 0.0000
vt 0.5997 0.5895 0.0000
vt 0.5966 0.5895 0.0000
vt 0.5935 0.5894 0.0000
vt 0.5904 0.5893 0.0000
vt 0.6243 0.5897 0.0000
vt 0.6274 0.5898 0.0000
vt 0.6212 0.5896 0.0000
vt 0.6181 0.5896 0.0000
vt 0.6151 0.5896 0.0000
vt 0.6120 0.5895 0.0000
vt 0.6063 0.5766 0.0000
vt 0.6093 0.5766 0.0000
vt 0.6032 0.5766 0.0000
vt 0.6002 0.5766 0.0000
vt 0.5971 0.5766 0.0000
vt 0.5941 0.5765 0.0000
vt 0.5910 0.5764 0.0000
vt 0.6246 0.5768 0.0000
vt 0.6277 0.5769 0.0000
vt 0.6215 0.5768 0.0000
vt 0.6185 0.5767 0.0000
vt 0.6154 0.5766 0.0000
vt 0.6124 0.5766 0.0000
vt 0.6067 0.5636 0.0000
vt 0.6097 0.5636 0.0000
vt 0.6036 0.5636 0.0000
vt 0.6006 0.5637 0.0000
vt 0.5976 0.5637 0.0000
vt 0.5946 0.5637 0.0000
vt 0.5915 0.5637 0.0000
vt 0.6250 0.5639 0.0000
vt 0.6281 0.5640 0.0000
vt 0.6219 0.5639 0.0000
vt 0.6188 0.5638 0.0000
vt 0.6158 0.5637 0.0000
vt 0.6127 0.5637 0.0000
vt 0.6067 0.5506 0.0000
vt 0.6097 0.5506 0.0000
vt 0.6037 0.5507 0.0000
vt 0.6006 0.5508 0.0000
vt 0.5976 0.5509 0.0000
vt 0.5945 0.5509 0.0000
vt 0.5914 0.5510 0.0000
vt 0.6250 0.5511 0.0000
vt 0.6281 0.5511 0.0000
vt 0.6219 0.5510 0.0000
vt 0.6188 0.5509 0.0000
vt 0.6158 0.5508 0.0000
vt 0.6128 0.5507 0.0000
vt 0.6066 0.5376 0.0000
vt 0.6096 0.5376 0.0000
vt 0.6036 0.5377 0.0000
vt 0.6005 0.5379 0.0000
vt 0.5975 0.5380 0.0000
vt 0.5944 0.5382 0.0000
vt 0.5913 0.5383 0.0000
vt 0.6248 0.5382 0.0000
vt 0.6279 0.5383 0.0000
vt 0.6218 0.5381 0.0000
vt 0.6187 0.5379 0.0000
vt 0.6157 0.5378 0.0000
vt 0.6126 0.5376 0.0000
vt 0.6064 0.5245 0.0000
vt 0.6094 0.5244 0.0000
vt 0.6034 0.5247 0.0000
vt 0.6003 0.5250 0.0000
vt 0.5972 0.5253 0.0000
vt 0.5941 0.5255 0.0000
vt 0.5910 0.5256 0.0000
vt 0.6247 0.5255 0.0000
vt 0.6278 0.5256 0.0000
vt 0.6216 0.5253 0.0000
vt 0.6185 0.5250 0.0000
vt 0.6155 0.5247 0.0000
vt 0.6124 0.5245 0.0000
vt 0.6061 0.5113 0.0000
vt 0.6092 0.5111 0.0000
vt 0.6029 0.5116 0.0000
vt 0.5998 0.5121 0.0000
vt 0.5967 0.5125 0.0000
vt 0.5936 0.5129 0.0000
vt 0.5906 0.5130 0.0000
vt 0.6246 0.5129 0.0000
vt 0.6276 0.5131 0.0000
vt 0.6216 0.5126 0.0000
vt 0.6186 0.5121 0.0000
vt 0.6156 0.5116 0.0000
vt 0.6124 0.5113 0.0000
vt 0.6173 0.8739 0.0000
vt 0.6141 0.8739 0.0000
vt 0.6133 0.8607 0.0000
vt 0.6164 0.8606 0.0000
vt 0.6108 0.8738 0.0000
vt 0.6102 0.8607 0.0000
vt 0.6076 0.8735 0.0000
vt 0.6071 0.8606 0.0000
vt 0.6044 0.8732 0.0000
vt 0.6040 0.8604 0.0000
vt 0.6013 0.8729 0.0000
vt 0.6009 0.8604 0.0000
vt 0.5982 0.8729 0.0000
vt 0.5978 0.8605 0.0000
vt 0.6360 0.8711 0.0000
vt 0.6329 0.8713 0.0000
vt 0.6316 0.8587 0.0000
vt 0.6347 0.8584 0.0000
vt 0.6299 0.8718 0.0000
vt 0.6285 0.8591 0.0000
vt 0.6268 0.8724 0.0000
vt 0.6255 0.8596 0.0000
vt 0.6237 0.8731 0.0000
vt 0.6224 0.8600 0.0000
vt 0.6206 0.8736 0.0000
vt 0.6194 0.8604 0.0000
vt 0.6123 0.8477 0.0000
vt 0.6153 0.8475 0.0000
vt 0.6092 0.8477 0.0000
vt 0.6062 0.8477 0.0000
vt 0.6031 0.8477 0.0000
vt 0.6000 0.8477 0.0000
vt 0.5969 0.8479 0.0000
vt 0.6305 0.8460 0.0000
vt 0.6336 0.8458 0.0000
vt 0.6274 0.8464 0.0000
vt 0.6244 0.8467 0.0000
vt 0.6213 0.8471 0.0000
vt 0.6183 0.8473 0.0000
vt 0.6112 0.8347 0.0000
vt 0.6142 0.8345 0.0000
vt 0.6082 0.8347 0.0000
vt 0.6051 0.8348 0.0000
vt 0.6020 0.8349 0.0000
vt 0.5990 0.8350 0.0000
vt 0.5959 0.8352 0.0000
vt 0.6295 0.8333 0.0000
vt 0.6326 0.8331 0.0000
vt 0.6264 0.8336 0.0000
vt 0.6234 0.8338 0.0000
vt 0.6203 0.8341 0.0000
vt 0.6173 0.8343 0.0000
vt 0.6102 0.8217 0.0000
vt 0.6133 0.8216 0.0000
vt 0.6072 0.8218 0.0000
vt 0.6041 0.8219 0.0000
vt 0.6011 0.8220 0.0000
vt 0.5980 0.8222 0.0000
vt 0.5949 0.8224 0.0000
vt 0.6286 0.8205 0.0000
vt 0.6317 0.8203 0.0000
vt 0.6255 0.8208 0.0000
vt 0.6225 0.8210 0.0000
vt 0.6194 0.8212 0.0000
vt 0.6164 0.8214 0.0000
vt 0.6094 0.8088 0.0000
vt 0.6125 0.8086 0.0000
vt 0.6064 0.8089 0.0000
vt 0.6033 0.8090 0.0000
vt 0.6002 0.8091 0.0000
vt 0.5972 0.8093 0.0000
vt 0.5941 0.8095 0.0000
vt 0.6279 0.8078 0.0000
vt 0.6309 0.8076 0.0000
vt 0.6248 0.8079 0.0000
vt 0.6217 0.8081 0.0000
vt 0.6186 0.8083 0.0000
vt 0.6156 0.8085 0.0000
vt 0.6087 0.7959 0.0000
vt 0.6118 0.7957 0.0000
vt 0.6057 0.7960 0.0000
vt 0.6026 0.7961 0.0000
vt 0.5995 0.7962 0.0000
vt 0.5965 0.7964 0.0000
vt 0.5934 0.7965 0.0000
vt 0.6272 0.7949 0.0000
vt 0.6303 0.7948 0.0000
vt 0.6241 0.7951 0.0000
vt 0.6210 0.7953 0.0000
vt 0.6180 0.7954 0.0000
vt 0.6149 0.7956 0.0000
vt 0.6082 0.7830 0.0000
vt 0.6112 0.7828 0.0000
vt 0.6051 0.7831 0.0000
vt 0.6020 0.7832 0.0000
vt 0.5989 0.7833 0.0000
vt 0.5959 0.7835 0.0000
vt 0.5928 0.7836 0.0000
vt 0.6267 0.7821 0.0000
vt 0.6297 0.7820 0.0000
vt 0.6236 0.7823 0.0000
vt 0.6205 0.7824 0.0000
vt 0.6174 0.7826 0.0000
vt 0.6143 0.7827 0.0000
vt 0.6076 0.7701 0.0000
vt 0.6107 0.7699 0.0000
vt 0.6046 0.7702 0.0000
vt 0.6015 0.7703 0.0000
vt 0.5984 0.7704 0.0000
vt 0.5953 0.7705 0.0000
vt 0.5922 0.7706 0.0000
vt 0.6262 0.7693 0.0000
vt 0.6293 0.7692 0.0000
vt 0.6231 0.7694 0.0000
vt 0.6200 0.7696 0.0000
vt 0.6169 0.7697 0.0000
vt 0.6138 0.7698 0.0000
vt 0.6072 0.7572 0.0000
vt 0.6103 0.7571 0.0000
vt 0.6041 0.7573 0.0000
vt 0.6010 0.7574 0.0000
vt 0.5980 0.7575 0.0000
vt 0.5949 0.7576 0.0000
vt 0.5918 0.7577 0.0000
vt 0.6257 0.7565 0.0000
vt 0.6288 0.7564 0.0000
vt 0.6226 0.7566 0.0000
vt 0.6195 0.7567 0.0000
vt 0.6165 0.7568 0.0000
vt 0.6134 0.7569 0.0000
vt 0.6068 0.7443 0.0000
vt 0.6099 0.7442 0.0000
vt 0.6037 0.7444 0.0000
vt 0.6006 0.7445 0.0000
vt 0.5975 0.7446 0.0000
vt 0.5944 0.7447 0.0000
vt 0.5914 0.7448 0.0000
vt 0.6253 0.7437 0.0000
vt 0.6284 0.7436 0.0000
vt 0.6222 0.7438 0.0000
vt 0.6191 0.7439 0.0000
vt 0.6160 0.7440 0.0000
vt 0.6130 0.7441 0.0000
vt 0.6064 0.7314 0.0000
vt 0.6095 0.7313 0.0000
vt 0.6033 0.7315 0.0000
vt 0.6002 0.7315 0.0000
vt 0.5971 0.7316 0.0000
vt 0.5941 0.7317 0.0000
vt 0.5910 0.7318 0.0000
vt 0.6249 0.7308 0.0000
vt 0.6280 0.7307 0.0000
vt 0.6219 0.7309 0.0000
vt 0.6188 0.7310 0.0000
vt 0.6157 0.7311 0.0000
vt 0.6126 0.7312 0.0000
vt 0.6061 0.7185 0.0000
vt 0.6092 0.7184 0.0000
vt 0.6030 0.7186 0.0000
vt 0.5999 0.7186 0.0000
vt 0.5968 0.7187 0.0000
vt 0.5937 0.7188 0.0000
vt 0.5906 0.7189 0.0000
vt 0.6246 0.7180 0.0000
vt 0.6277 0.7179 0.0000
vt 0.6215 0.7181 0.0000
vt 0.6185 0.7182 0.0000
vt 0.6154 0.7182 0.0000
vt 0.6123 0.7183 0.0000
vt 0.6056 0.7056 0.0000
vt 0.6087 0.7055 0.0000
vt 0.6025 0.7057 0.0000
vt 0.5995 0.7057 0.0000
vt 0.5964 0.7058 0.0000
vt 0.5933 0.7059 0.0000
vt 0.5902 0.7059 0.0000
vt 0.6241 0.7052 0.0000
vt 0.6272 0.7051 0.0000
vt 0.6210 0.7052 0.0000
vt 0.6179 0.7053 0.0000
vt 0.6148 0.7054 0.0000
vt 0.6117 0.7055 0.0000
vt 0.6022 0.9926 0.0000
vt 0.5990 0.9893 0.0000
vt 0.6115 0.9929 0.0000
vt 0.6068 0.9939 0.0000
vt 0.6267 0.9748 0.0000
vt 0.6170 0.9832 0.0000
vt 0.6185 0.9789 0.0000
vt 0.6220 0.9759 0.0000
vt 0.6076 0.4120 0.0000
vt 0.6110 0.4116 0.0000
vt 0.6042 0.4125 0.0000
vt 0.6009 0.4130 0.0000
vt 0.5976 0.4133 0.0000
vt 0.5944 0.4134 0.0000
vt 0.5913 0.4133 0.0000
vt 0.6283 0.4130 0.0000
vt 0.6316 0.4135 0.0000
vt 0.6248 0.4125 0.0000
vt 0.6214 0.4120 0.0000
vt 0.6179 0.4116 0.0000
vt 0.6144 0.4115 0.0000
vt 0.6166 0.9734 0.0000
vt 0.6134 0.9732 0.0000
vt 0.6198 0.9734 0.0000
vt 0.6230 0.9731 0.0000
vt 0.6262 0.9726 0.0000
vt 0.6294 0.9720 0.0000
vt 0.6325 0.9713 0.0000
vt 0.6356 0.9709 0.0000
vt 0.6009 0.9724 0.0000
vt 0.5979 0.9726 0.0000
vt 0.6040 0.9724 0.0000
vt 0.6071 0.9726 0.0000
vt 0.6102 0.9729 0.0000
vt 0.5980 0.9850 0.0000
vt 0.6150 0.9899 0.0000
vt 0.5995 0.9807 0.0000
vt 0.6165 0.9856 0.0000
vt 0.6030 0.9776 0.0000
vt 0.6155 0.9812 0.0000
vt 0.6077 0.9766 0.0000
vt 0.2394 0.6923 0.0000
vt 0.2391 0.6795 0.0000
vt 0.2389 0.6667 0.0000
vt 0.2389 0.6539 0.0000
vt 0.2389 0.6411 0.0000
vt 0.2390 0.6283 0.0000
vt 0.2392 0.6155 0.0000
vt 0.2395 0.6026 0.0000
vt 0.2398 0.5898 0.0000
vt 0.2401 0.5769 0.0000
vt 0.2405 0.5640 0.0000
vt 0.2405 0.5511 0.0000
vt 0.2404 0.5383 0.0000
vt 0.2402 0.5256 0.0000
vt 0.2400 0.5131 0.0000
vt 0.2484 0.8711 0.0000
vt 0.2471 0.8584 0.0000
vt 0.2460 0.8458 0.0000
vt 0.2450 0.8331 0.0000
vt 0.2441 0.8203 0.0000
vt 0.2434 0.8076 0.0000
vt 0.2427 0.7948 0.0000
vt 0.2422 0.7820 0.0000
vt 0.2417 0.7692 0.0000
vt 0.2412 0.7564 0.0000
vt 0.2408 0.7436 0.0000
vt 0.2404 0.7307 0.0000
vt 0.2401 0.7179 0.0000
vt 0.2396 0.7051 0.0000
vt 0.2200 0.4120 0.0000
vt 0.2166 0.4125 0.0000
vt 0.2268 0.4115 0.0000
vt 0.2234 0.4116 0.0000
vt 0.2290 0.9734 0.0000
vt 0.2195 0.9726 0.0000
vt 0.2226 0.9729 0.0000
vt 0.2258 0.9732 0.0000
vt 0.2104 0.9850 0.0000
vt 0.2119 0.9807 0.0000
vt 0.2154 0.9776 0.0000
vt 0.2440 0.4135 0.0000
vt 0.2201 0.9766 0.0000
vt 0.2247 0.9780 0.0000
vt 0.2279 0.9812 0.0000
vt 0.2289 0.9856 0.0000
vt 0.2274 0.9899 0.0000
vt 0.2437 0.9762 0.0000
vt 0.2469 0.9794 0.0000
vt 0.2479 0.9838 0.0000
vt 0.2465 0.9881 0.0000
vt 0.2429 0.9911 0.0000
vt 0.2103 0.9726 0.0000
vt 0.2383 0.9921 0.0000
vt 0.2337 0.9908 0.0000
vt 0.2305 0.9875 0.0000
vt 0.2817 0.6539 0.0000
vt 0.2848 0.6539 0.0000
vt 0.2786 0.6539 0.0000
vt 0.2755 0.6539 0.0000
vt 0.2724 0.6539 0.0000
vt 0.2693 0.6540 0.0000
vt 0.2632 0.6411 0.0000
vt 0.2663 0.6411 0.0000
vt 0.2601 0.6411 0.0000
vt 0.2570 0.6411 0.0000
vt 0.2539 0.6411 0.0000
vt 0.2508 0.6411 0.0000
vt 0.2477 0.6411 0.0000
vt 0.2817 0.6411 0.0000
vt 0.2848 0.6411 0.0000
vt 0.2786 0.6411 0.0000
vt 0.2756 0.6411 0.0000
vt 0.2725 0.6411 0.0000
vt 0.2694 0.6411 0.0000
vt 0.2633 0.6282 0.0000
vt 0.2664 0.6282 0.0000
vt 0.2602 0.6282 0.0000
vt 0.2571 0.6282 0.0000
vt 0.2540 0.6282 0.0000
vt 0.2509 0.6282 0.0000
vt 0.2479 0.6281 0.0000
vt 0.2819 0.6283 0.0000
vt 0.2850 0.6283 0.0000
vt 0.2788 0.6282 0.0000
vt 0.2757 0.6282 0.0000
vt 0.2726 0.6282 0.0000
vt 0.2695 0.6282 0.0000
vt 0.2635 0.6153 0.0000
vt 0.2666 0.6153 0.0000
vt 0.2604 0.6153 0.0000
vt 0.2573 0.6153 0.0000
vt 0.2542 0.6152 0.0000
vt 0.2511 0.6152 0.0000
vt 0.2480 0.6152 0.0000
vt 0.2821 0.6154 0.0000
vt 0.2852 0.6155 0.0000
vt 0.2790 0.6154 0.0000
vt 0.2759 0.6154 0.0000
vt 0.2728 0.6153 0.0000
vt 0.2697 0.6153 0.0000
vt 0.2637 0.6024 0.0000
vt 0.2668 0.6024 0.0000
vt 0.2606 0.6024 0.0000
vt 0.2575 0.6024 0.0000
vt 0.2543 0.6023 0.0000
vt 0.2512 0.6023 0.0000
vt 0.2480 0.6022 0.0000
vt 0.2823 0.6026 0.0000
vt 0.2854 0.6026 0.0000
vt 0.2792 0.6025 0.0000
vt 0.2761 0.6025 0.0000
vt 0.2730 0.6024 0.0000
vt 0.2699 0.6024 0.0000
vt 0.2642 0.5895 0.0000
vt 0.2672 0.5895 0.0000
vt 0.2611 0.5895 0.0000
vt 0.2580 0.5895 0.0000
vt 0.2549 0.5895 0.0000
vt 0.2518 0.5894 0.0000
vt 0.2487 0.5893 0.0000
vt 0.2826 0.5897 0.0000
vt 0.2857 0.5898 0.0000
vt 0.2796 0.5896 0.0000
vt 0.2765 0.5896 0.0000
vt 0.2734 0.5896 0.0000
vt 0.2703 0.5895 0.0000
vt 0.2646 0.5766 0.0000
vt 0.2677 0.5766 0.0000
vt 0.2616 0.5766 0.0000
vt 0.2585 0.5766 0.0000
vt 0.2554 0.5766 0.0000
vt 0.2524 0.5765 0.0000
vt 0.2493 0.5764 0.0000
vt 0.2829 0.5768 0.0000
vt 0.2860 0.5769 0.0000
vt 0.2799 0.5768 0.0000
vt 0.2768 0.5767 0.0000
vt 0.2738 0.5766 0.0000
vt 0.2707 0.5766 0.0000
vt 0.2650 0.5636 0.0000
vt 0.2680 0.5636 0.0000
vt 0.2620 0.5636 0.0000
vt 0.2589 0.5637 0.0000
vt 0.2559 0.5637 0.0000
vt 0.2529 0.5637 0.0000
vt 0.2499 0.5637 0.0000
vt 0.2833 0.5639 0.0000
vt 0.2864 0.5640 0.0000
vt 0.2802 0.5639 0.0000
vt 0.2772 0.5638 0.0000
vt 0.2741 0.5637 0.0000
vt 0.2711 0.5637 0.0000
vt 0.2650 0.5506 0.0000
vt 0.2681 0.5506 0.0000
vt 0.2620 0.5507 0.0000
vt 0.2590 0.5508 0.0000
vt 0.2559 0.5509 0.0000
vt 0.2528 0.5509 0.0000
vt 0.2498 0.5510 0.0000
vt 0.2833 0.5511 0.0000
vt 0.2864 0.5511 0.0000
vt 0.2802 0.5510 0.0000
vt 0.2772 0.5509 0.0000
vt 0.2741 0.5508 0.0000
vt 0.2711 0.5507 0.0000
vt 0.2649 0.5376 0.0000
vt 0.2680 0.5376 0.0000
vt 0.2619 0.5377 0.0000
vt 0.2589 0.5379 0.0000
vt 0.2558 0.5380 0.0000
vt 0.2527 0.5382 0.0000
vt 0.2496 0.5383 0.0000
vt 0.2832 0.5382 0.0000
vt 0.2863 0.5383 0.0000
vt 0.2801 0.5381 0.0000
vt 0.2770 0.5379 0.0000
vt 0.2740 0.5378 0.0000
vt 0.2710 0.5376 0.0000
vt 0.2647 0.5245 0.0000
vt 0.2678 0.5244 0.0000
vt 0.2617 0.5247 0.0000
vt 0.2586 0.5250 0.0000
vt 0.2556 0.5253 0.0000
vt 0.2525 0.5255 0.0000
vt 0.2494 0.5256 0.0000
vt 0.2830 0.5255 0.0000
vt 0.2861 0.5256 0.0000
vt 0.2799 0.5253 0.0000
vt 0.2769 0.5250 0.0000
vt 0.2738 0.5247 0.0000
vt 0.2708 0.5245 0.0000
vt 0.2644 0.5113 0.0000
vt 0.2676 0.5111 0.0000
vt 0.2612 0.5116 0.0000
vt 0.2581 0.5121 0.0000
vt 0.2550 0.5125 0.0000
vt 0.2520 0.5129 0.0000
vt 0.2489 0.5130 0.0000
vt 0.2829 0.5129 0.0000
vt 0.2859 0.5131 0.0000
vt 0.2800 0.5126 0.0000
vt 0.2770 0.5121 0.0000
vt 0.2739 0.5116 0.0000
vt 0.2708 0.5113 0.0000
vt 0.2757 0.8739 0.0000
vt 0.2724 0.8739 0.0000
vt 0.2716 0.8607 0.0000
vt 0.2747 0.8606 0.0000
vt 0.2692 0.8738 0.0000
vt 0.2686 0.8607 0.0000
vt 0.2659 0.8735 0.0000
vt 0.2655 0.8606 0.0000
vt 0.2628 0.8732 0.0000
vt 0.2624 0.8604 0.0000
vt 0.2596 0.8729 0.0000
vt 0.2593 0.8604 0.0000
vt 0.2565 0.8729 0.0000
vt 0.2562 0.8605 0.0000
vt 0.2943 0.8711 0.0000
vt 0.2912 0.8713 0.0000
vt 0.2900 0.8587 0.0000
vt 0.2930 0.8584 0.0000
vt 0.2882 0.8718 0.0000
vt 0.2869 0.8591 0.0000
vt 0.2851 0.8724 0.0000
vt 0.2838 0.8596 0.0000
vt 0.2821 0.8731 0.0000
vt 0.2808 0.8600 0.0000
vt 0.2789 0.8736 0.0000
vt 0.2777 0.8604 0.0000
vt 0.2706 0.8477 0.0000
vt 0.2736 0.8475 0.0000
vt 0.2676 0.8477 0.0000
vt 0.2645 0.8477 0.0000
vt 0.2614 0.8477 0.0000
vt 0.2583 0.8477 0.0000
vt 0.2553 0.8479 0.0000
vt 0.2888 0.8460 0.0000
vt 0.2919 0.8458 0.0000
vt 0.2858 0.8464 0.0000
vt 0.2827 0.8467 0.0000
vt 0.2797 0.8471 0.0000
vt 0.2767 0.8473 0.0000
vt 0.2695 0.8347 0.0000
vt 0.2726 0.8345 0.0000
vt 0.2665 0.8347 0.0000
vt 0.2634 0.8348 0.0000
vt 0.2604 0.8349 0.0000
vt 0.2573 0.8350 0.0000
vt 0.2542 0.8352 0.0000
vt 0.2878 0.8333 0.0000
vt 0.2909 0.8331 0.0000
vt 0.2848 0.8336 0.0000
vt 0.2817 0.8338 0.0000
vt 0.2787 0.8341 0.0000
vt 0.2756 0.8343 0.0000
vt 0.2686 0.8217 0.0000
vt 0.2716 0.8216 0.0000
vt 0.2655 0.8218 0.0000
vt 0.2625 0.8219 0.0000
vt 0.2594 0.8220 0.0000
vt 0.2563 0.8222 0.0000
vt 0.2533 0.8224 0.0000
vt 0.2870 0.8205 0.0000
vt 0.2900 0.8203 0.0000
vt 0.2839 0.8208 0.0000
vt 0.2808 0.8210 0.0000
vt 0.2777 0.8212 0.0000
vt 0.2747 0.8214 0.0000
vt 0.2678 0.8088 0.0000
vt 0.2708 0.8086 0.0000
vt 0.2647 0.8089 0.0000
vt 0.2616 0.8090 0.0000
vt 0.2586 0.8091 0.0000
vt 0.2555 0.8093 0.0000
vt 0.2524 0.8095 0.0000
vt 0.2862 0.8078 0.0000
vt 0.2893 0.8076 0.0000
vt 0.2831 0.8079 0.0000
vt 0.2800 0.8081 0.0000
vt 0.2770 0.8083 0.0000
vt 0.2739 0.8085 0.0000
vt 0.2671 0.7959 0.0000
vt 0.2701 0.7957 0.0000
vt 0.2640 0.7960 0.0000
vt 0.2609 0.7961 0.0000
vt 0.2579 0.7962 0.0000
vt 0.2548 0.7964 0.0000
vt 0.2517 0.7965 0.0000
vt 0.2855 0.7949 0.0000
vt 0.2886 0.7948 0.0000
vt 0.2825 0.7951 0.0000
vt 0.2794 0.7953 0.0000
vt 0.2763 0.7954 0.0000
vt 0.2732 0.7956 0.0000
vt 0.2665 0.7830 0.0000
vt 0.2696 0.7828 0.0000
vt 0.2634 0.7831 0.0000
vt 0.2603 0.7832 0.0000
vt 0.2573 0.7833 0.0000
vt 0.2542 0.7835 0.0000
vt 0.2511 0.7836 0.0000
vt 0.2850 0.7821 0.0000
vt 0.2881 0.7820 0.0000
vt 0.2819 0.7823 0.0000
vt 0.2788 0.7824 0.0000
vt 0.2757 0.7826 0.0000
vt 0.2726 0.7827 0.0000
vt 0.2660 0.7701 0.0000
vt 0.2691 0.7699 0.0000
vt 0.2629 0.7702 0.0000
vt 0.2598 0.7703 0.0000
vt 0.2568 0.7704 0.0000
vt 0.2537 0.7705 0.0000
vt 0.2506 0.7706 0.0000
vt 0.2845 0.7693 0.0000
vt 0.2876 0.7692 0.0000
vt 0.2814 0.7694 0.0000
vt 0.2783 0.7696 0.0000
vt 0.2752 0.7697 0.0000
vt 0.2722 0.7698 0.0000
vt 0.2655 0.7572 0.0000
vt 0.2686 0.7571 0.0000
vt 0.2625 0.7573 0.0000
vt 0.2594 0.7574 0.0000
vt 0.2563 0.7575 0.0000
vt 0.2532 0.7576 0.0000
vt 0.2501 0.7577 0.0000
vt 0.2841 0.7565 0.0000
vt 0.2871 0.7564 0.0000
vt 0.2810 0.7566 0.0000
vt 0.2779 0.7567 0.0000
vt 0.2748 0.7568 0.0000
vt 0.2717 0.7569 0.0000
vt 0.2651 0.7443 0.0000
vt 0.2682 0.7442 0.0000
vt 0.2620 0.7444 0.0000
vt 0.2590 0.7445 0.0000
vt 0.2559 0.7446 0.0000
vt 0.2528 0.7447 0.0000
vt 0.2497 0.7448 0.0000
vt 0.2837 0.7437 0.0000
vt 0.2867 0.7436 0.0000
vt 0.2806 0.7438 0.0000
vt 0.2775 0.7439 0.0000
vt 0.2744 0.7440 0.0000
vt 0.2713 0.7441 0.0000
vt 0.2647 0.7314 0.0000
vt 0.2678 0.7313 0.0000
vt 0.2616 0.7315 0.0000
vt 0.2586 0.7315 0.0000
vt 0.2555 0.7316 0.0000
vt 0.2524 0.7317 0.0000
vt 0.2493 0.7318 0.0000
vt 0.2833 0.7308 0.0000
vt 0.2864 0.7307 0.0000
vt 0.2802 0.7309 0.0000
vt 0.2771 0.7310 0.0000
vt 0.2740 0.7311 0.0000
vt 0.2709 0.7312 0.0000
vt 0.2644 0.7185 0.0000
vt 0.2675 0.7184 0.0000
vt 0.2613 0.7186 0.0000
vt 0.2582 0.7186 0.0000
vt 0.2551 0.7187 0.0000
vt 0.2520 0.7188 0.0000
vt 0.2489 0.7189 0.0000
vt 0.2829 0.7180 0.0000
vt 0.2860 0.7179 0.0000
vt 0.2798 0.7181 0.0000
vt 0.2768 0.7182 0.0000
vt 0.2737 0.7182 0.0000
vt 0.2706 0.7183 0.0000
vt 0.2639 0.7056 0.0000
vt 0.2670 0.7055 0.0000
vt 0.2609 0.7057 0.0000
vt 0.2578 0.7057 0.0000
vt 0.2547 0.7058 0.0000
vt 0.2517 0.7059 0.0000
vt 0.2486 0.7059 0.0000
vt 0.2825 0.7052 0.0000
vt 0.2856 0.7051 0.0000
vt 0.2794 0.7052 0.0000
vt 0.2762 0.7053 0.0000
vt 0.2731 0.7054 0.0000
vt 0.2701 0.7055 0.0000
vt 0.2606 0.9926 0.0000
vt 0.2573 0.9893 0.0000
vt 0.2698 0.9929 0.0000
vt 0.2651 0.9939 0.0000
vt 0.2851 0.9748 0.0000
vt 0.2754 0.9832 0.0000
vt 0.2768 0.9789 0.0000
vt 0.2804 0.9759 0.0000
vt 0.2659 0.4120 0.0000
vt 0.2693 0.4116 0.0000
vt 0.2625 0.4125 0.0000
vt 0.2592 0.4130 0.0000
vt 0.2559 0.4133 0.0000
vt 0.2528 0.4134 0.0000
vt 0.2497 0.4133 0.0000
vt 0.2866 0.4130 0.0000
vt 0.2899 0.4135 0.0000
vt 0.2832 0.4125 0.0000
vt 0.2797 0.4120 0.0000
vt 0.2762 0.4116 0.0000
vt 0.2728 0.4115 0.0000
vt 0.2749 0.9734 0.0000
vt 0.2717 0.9732 0.0000
vt 0.2781 0.9734 0.0000
vt 0.2813 0.9731 0.0000
vt 0.2845 0.9726 0.0000
vt 0.2877 0.9720 0.0000
vt 0.2909 0.9713 0.0000
vt 0.2939 0.9709 0.0000
vt 0.2593 0.9724 0.0000
vt 0.2562 0.9726 0.0000
vt 0.2623 0.9724 0.0000
vt 0.2654 0.9726 0.0000
vt 0.2685 0.9729 0.0000
vt 0.2563 0.9850 0.0000
vt 0.2734 0.9899 0.0000
vt 0.2578 0.9807 0.0000
vt 0.2748 0.9856 0.0000
vt 0.2613 0.9776 0.0000
vt 0.2738 0.9812 0.0000
vt 0.2660 0.9766 0.0000
vt 0.2706 0.9780 0.0000
vt 0.2896 0.9762 0.0000
vt 0.2764 0.9875 0.0000
vt 0.2929 0.9794 0.0000
vt 0.2796 0.9908 0.0000
vt 0.2939 0.9838 0.0000
vt 0.2842 0.9921 0.0000
vt 0.2924 0.9881 0.0000
vt 0.2889 0.9911 0.0000
vt 0.3138 0.9780 0.0000
vt 0.3328 0.9762 0.0000
vt 0.3196 0.9875 0.0000
vt 0.3360 0.9794 0.0000
vt 0.3228 0.9908 0.0000
vt 0.3370 0.9838 0.0000
vt 0.3274 0.9921 0.0000
vt 0.3356 0.9881 0.0000
vt 0.3320 0.9911 0.0000
vt 0.3556 0.9780 0.0000
vt 0.3747 0.9762 0.0000
vt 0.3614 0.9875 0.0000
vt 0.3779 0.9794 0.0000
vt 0.3647 0.9908 0.0000
vt 0.3789 0.9838 0.0000
vt 0.3692 0.9921 0.0000
vt 0.3775 0.9881 0.0000
vt 0.3739 0.9911 0.0000
vt 0.3990 0.9780 0.0000
vt 0.4181 0.9762 0.0000
vt 0.4049 0.9875 0.0000
vt 0.4213 0.9794 0.0000
vt 0.4081 0.9908 0.0000
vt 0.4223 0.9838 0.0000
vt 0.4126 0.9921 0.0000
vt 0.4209 0.9881 0.0000
vt 0.4173 0.9911 0.0000
vt 0.4417 0.9780 0.0000
vt 0.4607 0.9762 0.0000
vt 0.4475 0.9875 0.0000
vt 0.4639 0.9794 0.0000
vt 0.4507 0.9908 0.0000
vt 0.4650 0.9838 0.0000
vt 0.4553 0.9921 0.0000
vt 0.4635 0.9881 0.0000
vt 0.4600 0.9911 0.0000
vt 0.4836 0.9780 0.0000
vt 0.5026 0.9762 0.0000
vt 0.4894 0.9875 0.0000
vt 0.5058 0.9794 0.0000
vt 0.4926 0.9908 0.0000
vt 0.5068 0.9838 0.0000
vt 0.4972 0.9921 0.0000
vt 0.5054 0.9881 0.0000
vt 0.5018 0.9911 0.0000
vt 0.5262 0.9780 0.0000
vt 0.5452 0.9762 0.0000
vt 0.5320 0.9875 0.0000
vt 0.5485 0.9794 0.0000
vt 0.5352 0.9908 0.0000
vt 0.5495 0.9838 0.0000
vt 0.5398 0.9921 0.0000
vt 0.5480 0.9881 0.0000
vt 0.5445 0.9911 0.0000
vt 0.5696 0.9780 0.0000
vt 0.5887 0.9762 0.0000
vt 0.5754 0.9875 0.0000
vt 0.5919 0.9794 0.0000
vt 0.5786 0.9908 0.0000
vt 0.5929 0.9838 0.0000
vt 0.5832 0.9921 0.0000
vt 0.5914 0.9881 0.0000
vt 0.5879 0.9911 0.0000
vt 0.6122 0.9780 0.0000
vt 0.6313 0.9762 0.0000
vt 0.6181 0.9875 0.0000
vt 0.6345 0.9794 0.0000
vt 0.6213 0.9908 0.0000
vt 0.6355 0.9838 0.0000
vt 0.6258 0.9921 0.0000
vt 0.6341 0.9881 0.0000
vt 0.6305 0.9911 0.0000
# 4350 texture coords

g BicacleStand4
usemtl BicycleStand4
s 4
f 1/1/1 3/2/2 4/3/3 2/4/4 
f 5/5/5 6/6/6 8/7/7 7/8/8 
s 2
f 17/9/9 18/10/10 19/11/11 20/12/12 
s 1
f 21/13/13 22/14/14 18/15/15 17/16/16 
s 2
f 23/17/17 24/18/18 22/19/19 21/20/20 
s 1
f 20/21/21 19/22/22 24/23/23 23/24/24 
s 4
f 9/25/25 11/26/26 12/27/27 10/28/28 
f 13/29/29 14/30/30 16/31/31 15/32/32 
s 2
f 25/33/33 26/34/34 27/35/35 28/36/36 
s 1
f 29/37/37 30/38/38 26/39/39 25/40/40 
s 2
f 31/41/41 32/42/42 30/43/43 29/44/44 
s 1
f 28/45/45 27/46/46 32/47/47 31/48/48 
s 2
f 18/10/49 6/61/50 5/62/51 19/11/52 
f 20/12/53 1/63/54 2/64/55 17/9/56 
s 1
f 22/14/57 8/53/58 6/54/59 18/15/60 
f 17/16/61 2/55/62 4/56/63 21/13/64 
s 2
f 24/18/65 7/57/66 8/58/67 22/19/68 
f 21/20/69 4/59/70 3/60/71 23/17/72 
s 1
f 19/22/73 5/49/74 7/50/75 24/23/76 
f 23/24/77 3/51/78 1/52/79 20/21/80 
s 2
f 26/34/81 14/77/82 13/78/83 27/35/84 
f 28/36/85 9/79/86 10/80/87 25/33/88 
s 1
f 30/38/89 16/69/90 14/70/91 26/39/92 
f 25/40/93 10/71/94 12/72/95 29/37/96 
s 2
f 32/42/97 15/73/98 16/74/99 30/43/100 
f 29/44/101 12/75/102 11/76/103 31/41/104 
s 1
f 27/46/105 13/65/106 15/66/107 32/47/108 
f 31/48/109 11/67/110 9/68/111 28/45/112 
f 33/843/113 34/844/114 46/845/115 45/846/116 
f 34/844/117 35/847/118 47/848/119 46/845/120 
f 35/847/121 36/849/122 48/850/123 47/848/124 
f 36/849/125 37/851/126 49/852/127 48/850/128 
f 37/851/129 38/853/130 50/854/131 49/852/132 
f 38/853/133 39/855/134 51/856/135 50/854/136 
f 39/857/137 40/858/138 52/859/139 51/860/140 
f 40/858/141 41/885/142 53/886/143 52/859/144 
f 41/885/145 42/887/146 54/888/147 53/886/148 
f 42/887/149 43/889/150 55/890/151 54/888/152 
f 43/889/153 44/891/154 56/892/155 55/890/156 
f 44/891/157 33/843/158 45/846/159 56/892/160 
f 45/846/161 46/845/162 58/893/163 57/894/164 
f 46/845/165 47/848/166 59/895/167 58/893/168 
f 47/848/169 48/850/170 60/896/171 59/895/172 
f 48/850/173 49/852/174 61/897/175 60/896/176 
f 49/852/177 50/854/178 62/898/179 61/897/180 
f 50/854/181 51/856/182 63/899/183 62/898/184 
f 51/860/185 52/859/186 64/900/187 63/901/188 
f 52/859/189 53/886/190 65/902/191 64/900/192 
f 53/886/193 54/888/194 66/903/195 65/902/196 
f 54/888/197 55/890/198 67/904/199 66/903/200 
f 55/890/201 56/892/202 68/905/203 67/904/204 
f 56/892/205 45/846/206 57/894/207 68/905/208 
f 57/894/209 58/893/210 70/906/211 69/907/212 
f 58/893/213 59/895/214 71/908/215 70/906/216 
f 59/895/217 60/896/218 72/913/219 71/908/220 
f 60/896/221 61/897/222 73/914/223 72/913/224 
f 61/897/225 62/898/226 74/915/227 73/914/228 
f 62/898/229 63/899/230 75/916/231 74/915/232 
f 63/901/233 64/900/234 76/3898/235 75/3899/236 
f 64/900/237 65/902/238 77/3900/239 76/3898/240 
f 65/902/241 66/903/242 78/3901/243 77/3900/244 
f 66/903/245 67/904/246 79/3902/247 78/3901/248 
f 67/904/249 68/905/250 80/3903/251 79/3902/252 
f 68/905/253 57/894/254 69/907/255 80/3903/256 
f 69/907/257 70/906/258 82/3904/259 81/3905/260 
f 70/906/261 71/908/262 83/3906/263 82/3904/264 
f 71/908/265 72/913/266 84/3907/267 83/3906/268 
f 72/913/269 73/914/270 85/3908/271 84/3907/272 
f 73/914/273 74/915/274 86/3909/275 85/3908/276 
f 74/915/277 75/916/278 87/3910/279 86/3909/280 
f 75/3899/281 76/3898/282 88/3911/283 87/3912/284 
f 76/3898/285 77/3900/286 89/3913/287 88/3911/288 
f 77/3900/289 78/3901/290 90/3914/291 89/3913/292 
f 78/3901/293 79/3902/294 91/3915/295 90/3914/296 
f 79/3902/297 80/3903/298 92/3916/299 91/3915/300 
f 80/3903/301 69/907/302 81/3905/303 92/3916/304 
f 81/3905/305 82/3904/306 94/3917/307 93/3918/308 
f 82/3904/309 83/3906/310 95/3919/311 94/3917/312 
f 83/3906/313 84/3907/314 96/3920/315 95/3919/316 
f 84/3907/317 85/3908/318 97/3921/319 96/3920/320 
f 85/3908/321 86/3909/322 98/3922/323 97/3921/324 
f 86/3909/325 87/3910/326 99/3923/327 98/3922/328 
f 87/3912/329 88/3911/330 100/3924/331 99/3925/332 
f 88/3911/333 89/3913/334 101/3926/335 100/3924/336 
f 89/3913/337 90/3914/338 102/3927/339 101/3926/340 
f 90/3914/341 91/3915/342 103/3928/343 102/3927/344 
f 91/3915/345 92/3916/346 104/3929/347 103/3928/348 
f 92/3916/349 81/3905/350 93/3918/351 104/3929/352 
f 93/3918/353 94/3917/354 106/3930/355 105/3931/356 
f 94/3917/357 95/3919/358 107/3932/359 106/3930/360 
f 95/3919/361 96/3920/362 108/3933/363 107/3932/364 
f 96/3920/365 97/3921/366 109/3934/367 108/3933/368 
f 97/3921/369 98/3922/370 110/3935/371 109/3934/372 
f 98/3922/373 99/3923/374 111/3936/375 110/3935/376 
f 99/3925/377 100/3924/378 112/3937/379 111/3938/380 
f 100/3924/381 101/3926/382 113/3939/383 112/3937/384 
f 101/3926/385 102/3927/386 114/3940/387 113/3939/388 
f 102/3927/389 103/3928/390 115/3941/391 114/3940/392 
f 103/3928/393 104/3929/394 116/3942/395 115/3941/396 
f 104/3929/397 93/3918/398 105/3931/399 116/3942/400 
f 105/3931/401 106/3930/402 118/3943/403 117/3944/404 
f 106/3930/405 107/3932/406 119/3945/407 118/3943/408 
f 107/3932/409 108/3933/410 120/3946/411 119/3945/412 
f 108/3933/413 109/3934/414 121/3947/415 120/3946/416 
f 109/3934/417 110/3935/418 122/3948/419 121/3947/420 
f 110/3935/421 111/3936/422 123/3949/423 122/3948/424 
f 111/3938/425 112/3937/426 124/3950/427 123/3951/428 
f 112/3937/429 113/3939/430 125/3952/431 124/3950/432 
f 113/3939/433 114/3940/434 126/3953/435 125/3952/436 
f 114/3940/437 115/3941/438 127/3954/439 126/3953/440 
f 115/3941/441 116/3942/442 128/3955/443 127/3954/444 
f 116/3942/445 105/3931/446 117/3944/447 128/3955/448 
f 117/3944/449 118/3943/450 130/3956/451 129/3957/452 
f 118/3943/453 119/3945/454 131/3958/455 130/3956/456 
f 119/3945/457 120/3946/458 132/3959/459 131/3958/460 
f 120/3946/461 121/3947/462 133/3960/463 132/3959/464 
f 121/3947/465 122/3948/466 134/3961/467 133/3960/468 
f 122/3948/469 123/3949/470 135/3962/471 134/3961/472 
f 123/3951/473 124/3950/474 136/3963/475 135/3964/476 
f 124/3950/477 125/3952/478 137/3965/479 136/3963/480 
f 125/3952/481 126/3953/482 138/3966/483 137/3965/484 
f 126/3953/485 127/3954/486 139/3967/487 138/3966/488 
f 127/3954/489 128/3955/490 140/3968/491 139/3967/492 
f 128/3955/493 117/3944/494 129/3957/495 140/3968/496 
f 129/3957/497 130/3956/498 142/3969/499 141/3970/500 
f 130/3956/501 131/3958/502 143/3971/503 142/3969/504 
f 131/3958/505 132/3959/506 144/3972/507 143/3971/508 
f 132/3959/509 133/3960/510 145/3973/511 144/3972/512 
f 133/3960/513 134/3961/514 146/3974/515 145/3973/516 
f 134/3961/517 135/3962/518 147/3975/519 146/3974/520 
f 135/3964/521 136/3963/522 148/3976/523 147/3977/524 
f 136/3963/525 137/3965/526 149/3978/527 148/3976/528 
f 137/3965/529 138/3966/530 150/3979/531 149/3978/532 
f 138/3966/533 139/3967/534 151/3980/535 150/3979/536 
f 139/3967/537 140/3968/538 152/3981/539 151/3980/540 
f 140/3968/541 129/3957/542 141/3970/543 152/3981/544 
f 141/3970/545 142/3969/546 154/3982/547 153/3983/548 
f 142/3969/549 143/3971/550 155/3984/551 154/3982/552 
f 143/3971/553 144/3972/554 156/3985/555 155/3984/556 
f 144/3972/557 145/3973/558 157/3986/559 156/3985/560 
f 145/3973/561 146/3974/562 158/3987/563 157/3986/564 
f 146/3974/565 147/3975/566 159/3988/567 158/3987/568 
f 147/3977/569 148/3976/570 160/3989/571 159/3990/572 
f 148/3976/573 149/3978/574 161/3991/575 160/3989/576 
f 149/3978/577 150/3979/578 162/3992/579 161/3991/580 
f 150/3979/581 151/3980/582 163/3993/583 162/3992/584 
f 151/3980/585 152/3981/586 164/3994/587 163/3993/588 
f 152/3981/589 141/3970/590 153/3983/591 164/3994/592 
f 153/3983/593 154/3982/594 166/3995/595 165/3996/596 
f 154/3982/597 155/3984/598 167/3997/599 166/3995/600 
f 155/3984/601 156/3985/602 168/3998/603 167/3997/604 
f 156/3985/605 157/3986/606 169/3999/607 168/3998/608 
f 157/3986/609 158/3987/610 170/4000/611 169/3999/612 
f 158/3987/613 159/3988/614 171/4001/615 170/4000/616 
f 159/3990/617 160/3989/618 172/4002/619 171/4003/620 
f 160/3989/621 161/3991/622 173/4004/623 172/4002/624 
f 161/3991/625 162/3992/626 174/4005/627 173/4004/628 
f 162/3992/629 163/3993/630 175/4006/631 174/4005/632 
f 163/3993/633 164/3994/634 176/4007/635 175/4006/636 
f 164/3994/637 153/3983/638 165/3996/639 176/4007/640 
f 165/3996/641 166/3995/642 178/4008/643 177/4009/644 
f 166/3995/645 167/3997/646 179/4010/647 178/4008/648 
f 167/3997/649 168/3998/650 180/4011/651 179/4010/652 
f 168/3998/653 169/3999/654 181/4012/655 180/4011/656 
f 169/3999/657 170/4000/658 182/4013/659 181/4012/660 
f 170/4000/661 171/4001/662 183/4014/663 182/4013/664 
f 171/4003/665 172/4002/666 184/4015/667 183/4016/668 
f 172/4002/669 173/4004/670 185/4017/671 184/4015/672 
f 173/4004/673 174/4005/674 186/4018/675 185/4017/676 
f 174/4005/677 175/4006/678 187/4019/679 186/4018/680 
f 175/4006/681 176/4007/682 188/4020/683 187/4019/684 
f 176/4007/685 165/3996/686 177/4009/687 188/4020/688 
f 177/4009/689 178/4008/690 190/4021/691 189/4022/692 
f 178/4008/693 179/4010/694 191/4023/695 190/4021/696 
f 179/4010/697 180/4011/698 192/4024/699 191/4023/700 
f 180/4011/701 181/4012/702 193/4025/703 192/4024/704 
f 181/4012/705 182/4013/706 194/4026/707 193/4025/708 
f 182/4013/709 183/4014/710 195/4027/711 194/4026/712 
f 183/4016/713 184/4015/714 196/4028/715 195/4029/716 
f 184/4015/717 185/4017/718 197/4030/719 196/4028/720 
f 185/4017/721 186/4018/722 198/4031/723 197/4030/724 
f 186/4018/725 187/4019/726 199/4032/727 198/4031/728 
f 187/4019/729 188/4020/730 200/4033/731 199/4032/732 
f 188/4020/733 177/4009/734 189/4022/735 200/4033/736 
f 189/4022/737 190/4021/738 202/4034/739 201/4035/740 
f 190/4021/741 191/4023/742 203/4036/743 202/4034/744 
f 191/4023/745 192/4024/746 204/4037/747 203/4036/748 
f 192/4024/749 193/4025/750 205/4038/751 204/4037/752 
f 193/4025/753 194/4026/754 206/4039/755 205/4038/756 
f 194/4026/757 195/4027/758 207/4040/759 206/4039/760 
f 195/4029/761 196/4028/762 208/4041/763 207/4042/764 
f 196/4028/765 197/4030/766 209/4043/767 208/4041/768 
f 197/4030/769 198/4031/770 210/4044/771 209/4043/772 
f 198/4031/773 199/4032/774 211/4045/775 210/4044/776 
f 199/4032/777 200/4033/778 212/4046/779 211/4045/780 
f 200/4033/781 189/4022/782 201/4035/783 212/4046/784 
f 213/4047/785 214/4048/786 226/4049/787 225/4050/788 
f 214/4048/789 215/4051/790 227/4052/791 226/4049/792 
f 215/4051/793 216/4053/794 228/4054/795 227/4052/796 
f 216/4053/797 217/4055/798 229/4056/799 228/4054/800 
f 217/4055/801 218/4057/802 230/4058/803 229/4056/804 
f 218/4057/805 219/4059/806 231/4060/807 230/4058/808 
f 219/4061/809 220/4062/810 232/4063/811 231/4064/812 
f 220/4062/813 221/4065/814 233/4066/815 232/4063/816 
f 221/4065/817 222/4067/818 234/4068/819 233/4066/820 
f 222/4067/821 223/4069/822 235/4070/823 234/4068/824 
f 223/4069/825 224/4071/826 236/4072/827 235/4070/828 
f 224/4071/829 213/4047/830 225/4050/831 236/4072/832 
f 225/4050/833 226/4049/834 238/4073/835 237/4074/836 
f 226/4049/837 227/4052/838 239/4075/839 238/4073/840 
f 227/4052/841 228/4054/842 240/4076/843 239/4075/844 
f 228/4054/845 229/4056/846 241/4077/847 240/4076/848 
f 229/4056/849 230/4058/850 242/4078/851 241/4077/852 
f 230/4058/853 231/4060/854 243/4079/855 242/4078/856 
f 231/4064/857 232/4063/858 244/4080/859 243/4081/860 
f 232/4063/861 233/4066/862 245/4082/863 244/4080/864 
f 233/4066/865 234/4068/866 246/4083/867 245/4082/868 
f 234/4068/869 235/4070/870 247/4084/871 246/4083/872 
f 235/4070/873 236/4072/874 248/4085/875 247/4084/876 
f 236/4072/877 225/4050/878 237/4074/879 248/4085/880 
f 237/4074/881 238/4073/882 250/4086/883 249/4087/884 
f 238/4073/885 239/4075/886 251/4088/887 250/4086/888 
f 239/4075/889 240/4076/890 252/4089/891 251/4088/892 
f 240/4076/893 241/4077/894 253/4090/895 252/4089/896 
f 241/4077/897 242/4078/898 254/4091/899 253/4090/900 
f 242/4078/901 243/4079/902 255/4092/903 254/4091/904 
f 243/4081/905 244/4080/906 256/4093/907 255/4094/908 
f 244/4080/909 245/4082/910 257/4095/911 256/4093/912 
f 245/4082/913 246/4083/914 258/4096/915 257/4095/916 
f 246/4083/917 247/4084/918 259/4097/919 258/4096/920 
f 247/4084/921 248/4085/922 260/4098/923 259/4097/924 
f 248/4085/925 237/4074/926 249/4087/927 260/4098/928 
f 249/4087/929 250/4086/930 262/4099/931 261/4100/932 
f 250/4086/933 251/4088/934 263/4101/935 262/4099/936 
f 251/4088/937 252/4089/938 264/4102/939 263/4101/940 
f 252/4089/941 253/4090/942 265/4103/943 264/4102/944 
f 253/4090/945 254/4091/946 266/4104/947 265/4103/948 
f 254/4091/949 255/4092/950 267/4105/951 266/4104/952 
f 255/4094/953 256/4093/954 268/4106/955 267/4107/956 
f 256/4093/957 257/4095/958 269/4108/959 268/4106/960 
f 257/4095/961 258/4096/962 270/4109/963 269/4108/964 
f 258/4096/965 259/4097/966 271/4110/967 270/4109/968 
f 259/4097/969 260/4098/970 272/4111/971 271/4110/972 
f 260/4098/973 249/4087/974 261/4100/975 272/4111/976 
f 261/4100/977 262/4099/978 274/4112/979 273/4113/980 
f 262/4099/981 263/4101/982 275/4114/983 274/4112/984 
f 263/4101/985 264/4102/986 276/4115/987 275/4114/988 
f 264/4102/989 265/4103/990 277/4116/991 276/4115/992 
f 265/4103/993 266/4104/994 278/4117/995 277/4116/996 
f 266/4104/997 267/4105/998 279/4118/999 278/4117/1000 
f 267/4107/1001 268/4106/1002 280/4119/1003 279/4120/1004 
f 268/4106/1005 269/4108/1006 281/4121/1007 280/4119/1008 
f 269/4108/1009 270/4109/1010 282/4122/1011 281/4121/1012 
f 270/4109/1013 271/4110/1014 283/4123/1015 282/4122/1016 
f 271/4110/1017 272/4111/1018 284/4124/1019 283/4123/1020 
f 272/4111/1021 261/4100/1022 273/4113/1023 284/4124/1024 
f 273/4113/1025 274/4112/1026 286/4125/1027 285/4126/1028 
f 274/4112/1029 275/4114/1030 287/4127/1031 286/4125/1032 
f 275/4114/1033 276/4115/1034 288/4128/1035 287/4127/1036 
f 276/4115/1037 277/4116/1038 289/4129/1039 288/4128/1040 
f 277/4116/1041 278/4117/1042 290/4130/1043 289/4129/1044 
f 278/4117/1045 279/4118/1046 291/4131/1047 290/4130/1048 
f 279/4120/1049 280/4119/1050 292/4132/1051 291/4133/1052 
f 280/4119/1053 281/4121/1054 293/4134/1055 292/4132/1056 
f 281/4121/1057 282/4122/1058 294/4135/1059 293/4134/1060 
f 282/4122/1061 283/4123/1062 295/4136/1063 294/4135/1064 
f 283/4123/1065 284/4124/1066 296/4137/1067 295/4136/1068 
f 284/4124/1069 273/4113/1070 285/4126/1071 296/4137/1072 
f 285/4126/1073 286/4125/1074 298/4138/1075 297/4139/1076 
f 286/4125/1077 287/4127/1078 299/4140/1079 298/4138/1080 
f 287/4127/1081 288/4128/1082 300/4141/1083 299/4140/1084 
f 288/4128/1085 289/4129/1086 301/4142/1087 300/4141/1088 
f 289/4129/1089 290/4130/1090 302/4143/1091 301/4142/1092 
f 290/4130/1093 291/4131/1094 303/4144/1095 302/4143/1096 
f 291/4133/1097 292/4132/1098 304/4145/1099 303/4146/1100 
f 292/4132/1101 293/4134/1102 305/4147/1103 304/4145/1104 
f 293/4134/1105 294/4135/1106 306/4148/1107 305/4147/1108 
f 294/4135/1109 295/4136/1110 307/4149/1111 306/4148/1112 
f 295/4136/1113 296/4137/1114 308/4150/1115 307/4149/1116 
f 296/4137/1117 285/4126/1118 297/4139/1119 308/4150/1120 
f 297/4139/1121 298/4138/1122 310/4151/1123 309/4152/1124 
f 298/4138/1125 299/4140/1126 311/4153/1127 310/4151/1128 
f 299/4140/1129 300/4141/1130 312/4154/1131 311/4153/1132 
f 300/4141/1133 301/4142/1134 313/4155/1135 312/4154/1136 
f 301/4142/1137 302/4143/1138 314/4156/1139 313/4155/1140 
f 302/4143/1141 303/4144/1142 315/4157/1143 314/4156/1144 
f 303/4146/1145 304/4145/1146 316/4158/1147 315/4159/1148 
f 304/4145/1149 305/4147/1150 317/4160/1151 316/4158/1152 
f 305/4147/1153 306/4148/1154 318/4161/1155 317/4160/1156 
f 306/4148/1157 307/4149/1158 319/4162/1159 318/4161/1160 
f 307/4149/1161 308/4150/1162 320/4163/1163 319/4162/1164 
f 308/4150/1165 297/4139/1166 309/4152/1167 320/4163/1168 
f 309/4152/1169 310/4151/1170 322/4164/1171 321/4165/1172 
f 310/4151/1173 311/4153/1174 323/4166/1175 322/4164/1176 
f 311/4153/1177 312/4154/1178 324/4167/1179 323/4166/1180 
f 312/4154/1181 313/4155/1182 325/4168/1183 324/4167/1184 
f 313/4155/1185 314/4156/1186 326/4169/1187 325/4168/1188 
f 314/4156/1189 315/4157/1190 327/4170/1191 326/4169/1192 
f 315/4159/1193 316/4158/1194 328/4171/1195 327/4172/1196 
f 316/4158/1197 317/4160/1198 329/4173/1199 328/4171/1200 
f 317/4160/1201 318/4161/1202 330/4174/1203 329/4173/1204 
f 318/4161/1205 319/4162/1206 331/4175/1207 330/4174/1208 
f 319/4162/1209 320/4163/1210 332/4176/1211 331/4175/1212 
f 320/4163/1213 309/4152/1214 321/4165/1215 332/4176/1216 
f 321/4165/1217 322/4164/1218 334/4177/1219 333/4178/1220 
f 322/4164/1221 323/4166/1222 335/4179/1223 334/4177/1224 
f 323/4166/1225 324/4167/1226 336/4180/1227 335/4179/1228 
f 324/4167/1229 325/4168/1230 337/4181/1231 336/4180/1232 
f 325/4168/1233 326/4169/1234 338/4182/1235 337/4181/1236 
f 326/4169/1237 327/4170/1238 339/4183/1239 338/4182/1240 
f 327/4172/1241 328/4171/1242 340/4184/1243 339/4185/1244 
f 328/4171/1245 329/4173/1246 341/4186/1247 340/4184/1248 
f 329/4173/1249 330/4174/1250 342/4187/1251 341/4186/1252 
f 330/4174/1253 331/4175/1254 343/4188/1255 342/4187/1256 
f 331/4175/1257 332/4176/1258 344/4189/1259 343/4188/1260 
f 332/4176/1261 321/4165/1262 333/4178/1263 344/4189/1264 
f 333/4178/1265 334/4177/1266 346/4190/1267 345/4191/1268 
f 334/4177/1269 335/4179/1270 347/4192/1271 346/4190/1272 
f 335/4179/1273 336/4180/1274 348/4193/1275 347/4192/1276 
f 336/4180/1277 337/4181/1278 349/4194/1279 348/4193/1280 
f 337/4181/1281 338/4182/1282 350/4195/1283 349/4194/1284 
f 338/4182/1285 339/4183/1286 351/4196/1287 350/4195/1288 
f 339/4185/1289 340/4184/1290 352/4197/1291 351/4198/1292 
f 340/4184/1293 341/4186/1294 353/4199/1295 352/4197/1296 
f 341/4186/1297 342/4187/1298 354/4200/1299 353/4199/1300 
f 342/4187/1301 343/4188/1302 355/4201/1303 354/4200/1304 
f 343/4188/1305 344/4189/1306 356/4202/1307 355/4201/1308 
f 344/4189/1309 333/4178/1310 345/4191/1311 356/4202/1312 
f 345/4191/1313 346/4190/1314 358/4203/1315 357/4204/1316 
f 346/4190/1317 347/4192/1318 359/4205/1319 358/4203/1320 
f 347/4192/1321 348/4193/1322 360/4206/1323 359/4205/1324 
f 348/4193/1325 349/4194/1326 361/4207/1327 360/4206/1328 
f 349/4194/1329 350/4195/1330 362/4208/1331 361/4207/1332 
f 350/4195/1333 351/4196/1334 363/4209/1335 362/4208/1336 
f 351/4198/1337 352/4197/1338 364/4210/1339 363/4211/1340 
f 352/4197/1341 353/4199/1342 365/4212/1343 364/4210/1344 
f 353/4199/1345 354/4200/1346 366/4213/1347 365/4212/1348 
f 354/4200/1349 355/4201/1350 367/4214/1351 366/4213/1352 
f 355/4201/1353 356/4202/1354 368/4215/1355 367/4214/1356 
f 356/4202/1357 345/4191/1358 357/4204/1359 368/4215/1360 
f 357/4204/1361 358/4203/1362 370/4216/1363 369/4217/1364 
f 358/4203/1365 359/4205/1366 371/4218/1367 370/4216/1368 
f 359/4205/1369 360/4206/1370 372/4219/1371 371/4218/1372 
f 360/4206/1373 361/4207/1374 373/4220/1375 372/4219/1376 
f 361/4207/1377 362/4208/1378 374/4221/1379 373/4220/1380 
f 362/4208/1381 363/4209/1382 375/4222/1383 374/4221/1384 
f 363/4211/1385 364/4210/1386 376/4223/1387 375/4224/1388 
f 364/4210/1389 365/4212/1390 377/4225/1391 376/4223/1392 
f 365/4212/1393 366/4213/1394 378/4226/1395 377/4225/1396 
f 366/4213/1397 367/4214/1398 379/4227/1399 378/4226/1400 
f 367/4214/1401 368/4215/1402 380/4228/1403 379/4227/1404 
f 368/4215/1405 357/4204/1406 369/4217/1407 380/4228/1408 
f 369/4217/1409 370/4216/1410 34/844/1411 33/843/1412 
f 370/4216/1413 371/4218/1414 35/847/1415 34/844/1416 
f 371/4218/1417 372/4219/1418 36/849/1419 35/847/1420 
f 372/4219/1421 373/4220/1422 37/851/1423 36/849/1424 
f 373/4220/1425 374/4221/1426 38/853/1427 37/851/1428 
f 374/4221/1429 375/4222/1430 39/855/1431 38/853/1432 
f 375/4224/1433 376/4223/1434 40/858/1435 39/857/1436 
f 376/4223/1437 377/4225/1438 41/885/1439 40/858/1440 
f 377/4225/1441 378/4226/1442 42/887/1443 41/885/1444 
f 378/4226/1445 379/4227/1446 43/889/1447 42/887/1448 
f 379/4227/1449 380/4228/1450 44/891/1451 43/889/1452 
f 380/4228/1453 369/4217/1454 33/843/1455 44/891/1456 
f 381/471/1457 382/472/1458 394/473/1459 393/474/1460 
f 382/472/1461 383/475/1462 395/476/1463 394/473/1464 
f 383/475/1465 384/477/1466 396/478/1467 395/476/1468 
f 384/477/1469 385/479/1470 397/480/1471 396/478/1472 
f 385/479/1473 386/481/1474 398/482/1475 397/480/1476 
f 386/481/1477 387/483/1478 399/484/1479 398/482/1480 
f 387/3843/1481 388/485/1482 400/486/1483 399/3844/1484 
f 388/485/1485 389/487/1486 401/488/1487 400/486/1488 
f 389/487/1489 390/489/1490 402/490/1491 401/488/1492 
f 390/489/1493 391/491/1494 403/492/1495 402/490/1496 
f 391/491/1497 392/493/1498 404/494/1499 403/492/1500 
f 392/493/1501 381/471/1502 393/474/1503 404/494/1504 
f 393/474/1505 394/473/1506 406/495/1507 405/496/1508 
f 394/473/1509 395/476/1510 407/497/1511 406/495/1512 
f 395/476/1513 396/478/1514 408/498/1515 407/497/1516 
f 396/478/1517 397/480/1518 409/499/1519 408/498/1520 
f 397/480/1521 398/482/1522 410/500/1523 409/499/1524 
f 398/482/1525 399/484/1526 411/501/1527 410/500/1528 
f 399/3844/1529 400/486/1530 412/502/1531 411/3845/1532 
f 400/486/1533 401/488/1534 413/503/1535 412/502/1536 
f 401/488/1537 402/490/1538 414/504/1539 413/503/1540 
f 402/490/1541 403/492/1542 415/505/1543 414/504/1544 
f 403/492/1545 404/494/1546 416/506/1547 415/505/1548 
f 404/494/1549 393/474/1550 405/496/1551 416/506/1552 
f 405/496/1553 406/495/1554 418/507/1555 417/508/1556 
f 406/495/1557 407/497/1558 419/509/1559 418/507/1560 
f 407/497/1561 408/498/1562 420/510/1563 419/509/1564 
f 408/498/1565 409/499/1566 421/511/1567 420/510/1568 
f 409/499/1569 410/500/1570 422/512/1571 421/511/1572 
f 410/500/1573 411/501/1574 423/513/1575 422/512/1576 
f 411/3845/1577 412/502/1578 424/514/1579 423/3846/1580 
f 412/502/1581 413/503/1582 425/515/1583 424/514/1584 
f 413/503/1585 414/504/1586 426/516/1587 425/515/1588 
f 414/504/1589 415/505/1590 427/517/1591 426/516/1592 
f 415/505/1593 416/506/1594 428/518/1595 427/517/1596 
f 416/506/1597 405/496/1598 417/508/1599 428/518/1600 
f 417/508/1601 418/507/1602 430/519/1603 429/520/1604 
f 418/507/1605 419/509/1606 431/521/1607 430/519/1608 
f 419/509/1609 420/510/1610 432/522/1611 431/521/1612 
f 420/510/1613 421/511/1614 433/523/1615 432/522/1616 
f 421/511/1617 422/512/1618 434/524/1619 433/523/1620 
f 422/512/1621 423/513/1622 435/525/1623 434/524/1624 
f 423/3846/1625 424/514/1626 436/526/1627 435/3847/1628 
f 424/514/1629 425/515/1630 437/527/1631 436/526/1632 
f 425/515/1633 426/516/1634 438/528/1635 437/527/1636 
f 426/516/1637 427/517/1638 439/529/1639 438/528/1640 
f 427/517/1641 428/518/1642 440/530/1643 439/529/1644 
f 428/518/1645 417/508/1646 429/520/1647 440/530/1648 
f 429/520/1649 430/519/1650 442/531/1651 441/532/1652 
f 430/519/1653 431/521/1654 443/533/1655 442/531/1656 
f 431/521/1657 432/522/1658 444/534/1659 443/533/1660 
f 432/522/1661 433/523/1662 445/535/1663 444/534/1664 
f 433/523/1665 434/524/1666 446/536/1667 445/535/1668 
f 434/524/1669 435/525/1670 447/537/1671 446/536/1672 
f 435/3847/1673 436/526/1674 448/538/1675 447/3848/1676 
f 436/526/1677 437/527/1678 449/539/1679 448/538/1680 
f 437/527/1681 438/528/1682 450/540/1683 449/539/1684 
f 438/528/1685 439/529/1686 451/541/1687 450/540/1688 
f 439/529/1689 440/530/1690 452/542/1691 451/541/1692 
f 440/530/1693 429/520/1694 441/532/1695 452/542/1696 
f 441/532/1697 442/531/1698 454/543/1699 453/544/1700 
f 442/531/1701 443/533/1702 455/545/1703 454/543/1704 
f 443/533/1705 444/534/1706 456/546/1707 455/545/1708 
f 444/534/1709 445/535/1710 457/547/1711 456/546/1712 
f 445/535/1713 446/536/1714 458/548/1715 457/547/1716 
f 446/536/1717 447/537/1718 459/549/1719 458/548/1720 
f 447/3848/1721 448/538/1722 460/550/1723 459/3849/1724 
f 448/538/1725 449/539/1726 461/551/1727 460/550/1728 
f 449/539/1729 450/540/1730 462/552/1731 461/551/1732 
f 450/540/1733 451/541/1734 463/553/1735 462/552/1736 
f 451/541/1737 452/542/1738 464/554/1739 463/553/1740 
f 452/542/1741 441/532/1742 453/544/1743 464/554/1744 
f 453/544/1745 454/543/1746 466/555/1747 465/556/1748 
f 454/543/1749 455/545/1750 467/557/1751 466/555/1752 
f 455/545/1753 456/546/1754 468/558/1755 467/557/1756 
f 456/546/1757 457/547/1758 469/559/1759 468/558/1760 
f 457/547/1761 458/548/1762 470/560/1763 469/559/1764 
f 458/548/1765 459/549/1766 471/561/1767 470/560/1768 
f 459/3849/1769 460/550/1770 472/562/1771 471/3850/1772 
f 460/550/1773 461/551/1774 473/563/1775 472/562/1776 
f 461/551/1777 462/552/1778 474/564/1779 473/563/1780 
f 462/552/1781 463/553/1782 475/565/1783 474/564/1784 
f 463/553/1785 464/554/1786 476/566/1787 475/565/1788 
f 464/554/1789 453/544/1790 465/556/1791 476/566/1792 
f 465/556/1793 466/555/1794 478/567/1795 477/568/1796 
f 466/555/1797 467/557/1798 479/569/1799 478/567/1800 
f 467/557/1801 468/558/1802 480/570/1803 479/569/1804 
f 468/558/1805 469/559/1806 481/571/1807 480/570/1808 
f 469/559/1809 470/560/1810 482/572/1811 481/571/1812 
f 470/560/1813 471/561/1814 483/573/1815 482/572/1816 
f 471/3850/1817 472/562/1818 484/574/1819 483/3851/1820 
f 472/562/1821 473/563/1822 485/575/1823 484/574/1824 
f 473/563/1825 474/564/1826 486/576/1827 485/575/1828 
f 474/564/1829 475/565/1830 487/577/1831 486/576/1832 
f 475/565/1833 476/566/1834 488/578/1835 487/577/1836 
f 476/566/1837 465/556/1838 477/568/1839 488/578/1840 
f 477/568/1841 478/567/1842 490/579/1843 489/580/1844 
f 478/567/1845 479/569/1846 491/581/1847 490/579/1848 
f 479/569/1849 480/570/1850 492/582/1851 491/581/1852 
f 480/570/1853 481/571/1854 493/583/1855 492/582/1856 
f 481/571/1857 482/572/1858 494/584/1859 493/583/1860 
f 482/572/1861 483/573/1862 495/585/1863 494/584/1864 
f 483/3851/1865 484/574/1866 496/586/1867 495/3852/1868 
f 484/574/1869 485/575/1870 497/587/1871 496/586/1872 
f 485/575/1873 486/576/1874 498/588/1875 497/587/1876 
f 486/576/1877 487/577/1878 499/589/1879 498/588/1880 
f 487/577/1881 488/578/1882 500/590/1883 499/589/1884 
f 488/578/1885 477/568/1886 489/580/1887 500/590/1888 
f 489/580/1889 490/579/1890 502/591/1891 501/592/1892 
f 490/579/1893 491/581/1894 503/593/1895 502/591/1896 
f 491/581/1897 492/582/1898 504/594/1899 503/593/1900 
f 492/582/1901 493/583/1902 505/595/1903 504/594/1904 
f 493/583/1905 494/584/1906 506/596/1907 505/595/1908 
f 494/584/1909 495/585/1910 507/597/1911 506/596/1912 
f 495/3852/1913 496/586/1914 508/598/1915 507/3853/1916 
f 496/586/1917 497/587/1918 509/599/1919 508/598/1920 
f 497/587/1921 498/588/1922 510/600/1923 509/599/1924 
f 498/588/1925 499/589/1926 511/601/1927 510/600/1928 
f 499/589/1929 500/590/1930 512/602/1931 511/601/1932 
f 500/590/1933 489/580/1934 501/592/1935 512/602/1936 
f 501/592/1937 502/591/1938 514/603/1939 513/604/1940 
f 502/591/1941 503/593/1942 515/605/1943 514/603/1944 
f 503/593/1945 504/594/1946 516/606/1947 515/605/1948 
f 504/594/1949 505/595/1950 517/607/1951 516/606/1952 
f 505/595/1953 506/596/1954 518/608/1955 517/607/1956 
f 506/596/1957 507/597/1958 519/609/1959 518/608/1960 
f 507/3853/1961 508/598/1962 520/610/1963 519/3854/1964 
f 508/598/1965 509/599/1966 521/611/1967 520/610/1968 
f 509/599/1969 510/600/1970 522/612/1971 521/611/1972 
f 510/600/1973 511/601/1974 523/613/1975 522/612/1976 
f 511/601/1977 512/602/1978 524/614/1979 523/613/1980 
f 512/602/1981 501/592/1982 513/604/1983 524/614/1984 
f 513/604/1985 514/603/1986 526/615/1987 525/616/1988 
f 514/603/1989 515/605/1990 527/617/1991 526/615/1992 
f 515/605/1993 516/606/1994 528/618/1995 527/617/1996 
f 516/606/1997 517/607/1998 529/619/1999 528/618/2000 
f 517/607/2001 518/608/2002 530/620/2003 529/619/2004 
f 518/608/2005 519/609/2006 531/621/2007 530/620/2008 
f 519/3854/2009 520/610/2010 532/622/2011 531/3855/2012 
f 520/610/2013 521/611/2014 533/623/2015 532/622/2016 
f 521/611/2017 522/612/2018 534/624/2019 533/623/2020 
f 522/612/2021 523/613/2022 535/625/2023 534/624/2024 
f 523/613/2025 524/614/2026 536/626/2027 535/625/2028 
f 524/614/2029 513/604/2030 525/616/2031 536/626/2032 
f 525/616/2033 526/615/2034 538/627/2035 537/628/2036 
f 526/615/2037 527/617/2038 539/629/2039 538/627/2040 
f 527/617/2041 528/618/2042 540/630/2043 539/629/2044 
f 528/618/2045 529/619/2046 541/631/2047 540/630/2048 
f 529/619/2049 530/620/2050 542/632/2051 541/631/2052 
f 530/620/2053 531/621/2054 543/633/2055 542/632/2056 
f 531/3855/2057 532/622/2058 544/634/2059 543/3856/2060 
f 532/622/2061 533/623/2062 545/635/2063 544/634/2064 
f 533/623/2065 534/624/2066 546/636/2067 545/635/2068 
f 534/624/2069 535/625/2070 547/637/2071 546/636/2072 
f 535/625/2073 536/626/2074 548/638/2075 547/637/2076 
f 536/626/2077 525/616/2078 537/628/2079 548/638/2080 
f 537/628/2081 538/627/2082 550/639/2083 549/640/2084 
f 538/627/2085 539/629/2086 551/641/2087 550/639/2088 
f 539/629/2089 540/630/2090 552/642/2091 551/641/2092 
f 540/630/2093 541/631/2094 553/643/2095 552/642/2096 
f 541/631/2097 542/632/2098 554/644/2099 553/643/2100 
f 542/632/2101 543/633/2102 555/645/2103 554/644/2104 
f 543/3856/2105 544/634/2106 556/646/2107 555/3857/2108 
f 544/634/2109 545/635/2110 557/647/2111 556/646/2112 
f 545/635/2113 546/636/2114 558/648/2115 557/647/2116 
f 546/636/2117 547/637/2118 559/649/2119 558/648/2120 
f 547/637/2121 548/638/2122 560/650/2123 559/649/2124 
f 548/638/2125 537/628/2126 549/640/2127 560/650/2128 
f 561/651/2129 562/652/2130 574/653/2131 573/654/2132 
f 562/652/2133 563/655/2134 575/656/2135 574/653/2136 
f 563/655/2137 564/657/2138 576/658/2139 575/656/2140 
f 564/657/2141 565/659/2142 577/660/2143 576/658/2144 
f 565/659/2145 566/661/2146 578/662/2147 577/660/2148 
f 566/661/2149 567/663/2150 579/664/2151 578/662/2152 
f 567/3858/2153 568/665/2154 580/666/2155 579/3859/2156 
f 568/665/2157 569/667/2158 581/668/2159 580/666/2160 
f 569/667/2161 570/669/2162 582/670/2163 581/668/2164 
f 570/669/2165 571/671/2166 583/672/2167 582/670/2168 
f 571/671/2169 572/673/2170 584/674/2171 583/672/2172 
f 572/673/2173 561/651/2174 573/654/2175 584/674/2176 
f 573/654/2177 574/653/2178 586/675/2179 585/676/2180 
f 574/653/2181 575/656/2182 587/677/2183 586/675/2184 
f 575/656/2185 576/658/2186 588/678/2187 587/677/2188 
f 576/658/2189 577/660/2190 589/679/2191 588/678/2192 
f 577/660/2193 578/662/2194 590/680/2195 589/679/2196 
f 578/662/2197 579/664/2198 591/681/2199 590/680/2200 
f 579/3859/2201 580/666/2202 592/682/2203 591/3860/2204 
f 580/666/2205 581/668/2206 593/683/2207 592/682/2208 
f 581/668/2209 582/670/2210 594/684/2211 593/683/2212 
f 582/670/2213 583/672/2214 595/685/2215 594/684/2216 
f 583/672/2217 584/674/2218 596/686/2219 595/685/2220 
f 584/674/2221 573/654/2222 585/676/2223 596/686/2224 
f 585/676/2225 586/675/2226 598/687/2227 597/688/2228 
f 586/675/2229 587/677/2230 599/689/2231 598/687/2232 
f 587/677/2233 588/678/2234 600/690/2235 599/689/2236 
f 588/678/2237 589/679/2238 601/691/2239 600/690/2240 
f 589/679/2241 590/680/2242 602/692/2243 601/691/2244 
f 590/680/2245 591/681/2246 603/693/2247 602/692/2248 
f 591/3860/2249 592/682/2250 604/694/2251 603/3861/2252 
f 592/682/2253 593/683/2254 605/695/2255 604/694/2256 
f 593/683/2257 594/684/2258 606/696/2259 605/695/2260 
f 594/684/2261 595/685/2262 607/697/2263 606/696/2264 
f 595/685/2265 596/686/2266 608/698/2267 607/697/2268 
f 596/686/2269 585/676/2270 597/688/2271 608/698/2272 
f 597/688/2273 598/687/2274 610/699/2275 609/700/2276 
f 598/687/2277 599/689/2278 611/701/2279 610/699/2280 
f 599/689/2281 600/690/2282 612/702/2283 611/701/2284 
f 600/690/2285 601/691/2286 613/703/2287 612/702/2288 
f 601/691/2289 602/692/2290 614/704/2291 613/703/2292 
f 602/692/2293 603/693/2294 615/705/2295 614/704/2296 
f 603/3861/2297 604/694/2298 616/706/2299 615/3862/2300 
f 604/694/2301 605/695/2302 617/707/2303 616/706/2304 
f 605/695/2305 606/696/2306 618/708/2307 617/707/2308 
f 606/696/2309 607/697/2310 619/709/2311 618/708/2312 
f 607/697/2313 608/698/2314 620/710/2315 619/709/2316 
f 608/698/2317 597/688/2318 609/700/2319 620/710/2320 
f 609/700/2321 610/699/2322 622/711/2323 621/712/2324 
f 610/699/2325 611/701/2326 623/713/2327 622/711/2328 
f 611/701/2329 612/702/2330 624/714/2331 623/713/2332 
f 612/702/2333 613/703/2334 625/715/2335 624/714/2336 
f 613/703/2337 614/704/2338 626/716/2339 625/715/2340 
f 614/704/2341 615/705/2342 627/717/2343 626/716/2344 
f 615/3862/2345 616/706/2346 628/718/2347 627/3863/2348 
f 616/706/2349 617/707/2350 629/719/2351 628/718/2352 
f 617/707/2353 618/708/2354 630/720/2355 629/719/2356 
f 618/708/2357 619/709/2358 631/721/2359 630/720/2360 
f 619/709/2361 620/710/2362 632/722/2363 631/721/2364 
f 620/710/2365 609/700/2366 621/712/2367 632/722/2368 
f 621/712/2369 622/711/2370 634/723/2371 633/724/2372 
f 622/711/2373 623/713/2374 635/725/2375 634/723/2376 
f 623/713/2377 624/714/2378 636/726/2379 635/725/2380 
f 624/714/2381 625/715/2382 637/727/2383 636/726/2384 
f 625/715/2385 626/716/2386 638/728/2387 637/727/2388 
f 626/716/2389 627/717/2390 639/729/2391 638/728/2392 
f 627/3863/2393 628/718/2394 640/730/2395 639/3864/2396 
f 628/718/2397 629/719/2398 641/731/2399 640/730/2400 
f 629/719/2401 630/720/2402 642/732/2403 641/731/2404 
f 630/720/2405 631/721/2406 643/733/2407 642/732/2408 
f 631/721/2409 632/722/2410 644/734/2411 643/733/2412 
f 632/722/2413 621/712/2414 633/724/2415 644/734/2416 
f 633/724/2417 634/723/2418 646/735/2419 645/736/2420 
f 634/723/2421 635/725/2422 647/737/2423 646/735/2424 
f 635/725/2425 636/726/2426 648/738/2427 647/737/2428 
f 636/726/2429 637/727/2430 649/739/2431 648/738/2432 
f 637/727/2433 638/728/2434 650/740/2435 649/739/2436 
f 638/728/2437 639/729/2438 651/741/2439 650/740/2440 
f 639/3864/2441 640/730/2442 652/742/2443 651/3865/2444 
f 640/730/2445 641/731/2446 653/743/2447 652/742/2448 
f 641/731/2449 642/732/2450 654/744/2451 653/743/2452 
f 642/732/2453 643/733/2454 655/745/2455 654/744/2456 
f 643/733/2457 644/734/2458 656/746/2459 655/745/2460 
f 644/734/2461 633/724/2462 645/736/2463 656/746/2464 
f 645/736/2465 646/735/2466 658/747/2467 657/748/2468 
f 646/735/2469 647/737/2470 659/749/2471 658/747/2472 
f 647/737/2473 648/738/2474 660/750/2475 659/749/2476 
f 648/738/2477 649/739/2478 661/751/2479 660/750/2480 
f 649/739/2481 650/740/2482 662/752/2483 661/751/2484 
f 650/740/2485 651/741/2486 663/753/2487 662/752/2488 
f 651/3865/2489 652/742/2490 664/754/2491 663/3866/2492 
f 652/742/2493 653/743/2494 665/755/2495 664/754/2496 
f 653/743/2497 654/744/2498 666/756/2499 665/755/2500 
f 654/744/2501 655/745/2502 667/757/2503 666/756/2504 
f 655/745/2505 656/746/2506 668/758/2507 667/757/2508 
f 656/746/2509 645/736/2510 657/748/2511 668/758/2512 
f 657/748/2513 658/747/2514 670/759/2515 669/760/2516 
f 658/747/2517 659/749/2518 671/761/2519 670/759/2520 
f 659/749/2521 660/750/2522 672/762/2523 671/761/2524 
f 660/750/2525 661/751/2526 673/763/2527 672/762/2528 
f 661/751/2529 662/752/2530 674/764/2531 673/763/2532 
f 662/752/2533 663/753/2534 675/765/2535 674/764/2536 
f 663/3866/2537 664/754/2538 676/766/2539 675/3867/2540 
f 664/754/2541 665/755/2542 677/767/2543 676/766/2544 
f 665/755/2545 666/756/2546 678/768/2547 677/767/2548 
f 666/756/2549 667/757/2550 679/769/2551 678/768/2552 
f 667/757/2553 668/758/2554 680/770/2555 679/769/2556 
f 668/758/2557 657/748/2558 669/760/2559 680/770/2560 
f 669/760/2561 670/759/2562 682/771/2563 681/772/2564 
f 670/759/2565 671/761/2566 683/773/2567 682/771/2568 
f 671/761/2569 672/762/2570 684/774/2571 683/773/2572 
f 672/762/2573 673/763/2574 685/775/2575 684/774/2576 
f 673/763/2577 674/764/2578 686/776/2579 685/775/2580 
f 674/764/2581 675/765/2582 687/777/2583 686/776/2584 
f 675/3867/2585 676/766/2586 688/778/2587 687/3868/2588 
f 676/766/2589 677/767/2590 689/779/2591 688/778/2592 
f 677/767/2593 678/768/2594 690/780/2595 689/779/2596 
f 678/768/2597 679/769/2598 691/781/2599 690/780/2600 
f 679/769/2601 680/770/2602 692/782/2603 691/781/2604 
f 680/770/2605 669/760/2606 681/772/2607 692/782/2608 
f 681/772/2609 682/771/2610 694/783/2611 693/784/2612 
f 682/771/2613 683/773/2614 695/785/2615 694/783/2616 
f 683/773/2617 684/774/2618 696/786/2619 695/785/2620 
f 684/774/2621 685/775/2622 697/787/2623 696/786/2624 
f 685/775/2625 686/776/2626 698/788/2627 697/787/2628 
f 686/776/2629 687/777/2630 699/789/2631 698/788/2632 
f 687/3868/2633 688/778/2634 700/790/2635 699/3869/2636 
f 688/778/2637 689/779/2638 701/791/2639 700/790/2640 
f 689/779/2641 690/780/2642 702/792/2643 701/791/2644 
f 690/780/2645 691/781/2646 703/793/2647 702/792/2648 
f 691/781/2649 692/782/2650 704/794/2651 703/793/2652 
f 692/782/2653 681/772/2654 693/784/2655 704/794/2656 
f 693/784/2657 694/783/2658 706/795/2659 705/796/2660 
f 694/783/2661 695/785/2662 707/797/2663 706/795/2664 
f 695/785/2665 696/786/2666 708/798/2667 707/797/2668 
f 696/786/2669 697/787/2670 709/799/2671 708/798/2672 
f 697/787/2673 698/788/2674 710/800/2675 709/799/2676 
f 698/788/2677 699/789/2678 711/801/2679 710/800/2680 
f 699/3869/2681 700/790/2682 712/802/2683 711/3870/2684 
f 700/790/2685 701/791/2686 713/803/2687 712/802/2688 
f 701/791/2689 702/792/2690 714/804/2691 713/803/2692 
f 702/792/2693 703/793/2694 715/805/2695 714/804/2696 
f 703/793/2697 704/794/2698 716/806/2699 715/805/2700 
f 704/794/2701 693/784/2702 705/796/2703 716/806/2704 
f 705/796/2705 706/795/2706 718/807/2707 717/808/2708 
f 706/795/2709 707/797/2710 719/809/2711 718/807/2712 
f 707/797/2713 708/798/2714 720/810/2715 719/809/2716 
f 708/798/2717 709/799/2718 721/811/2719 720/810/2720 
f 709/799/2721 710/800/2722 722/812/2723 721/811/2724 
f 710/800/2725 711/801/2726 723/813/2727 722/812/2728 
f 711/3870/2729 712/802/2730 724/814/2731 723/3871/2732 
f 712/802/2733 713/803/2734 725/815/2735 724/814/2736 
f 713/803/2737 714/804/2738 726/816/2739 725/815/2740 
f 714/804/2741 715/805/2742 727/817/2743 726/816/2744 
f 715/805/2745 716/806/2746 728/818/2747 727/817/2748 
f 716/806/2749 705/796/2750 717/808/2751 728/818/2752 
f 717/808/2753 718/807/2754 382/472/2755 381/471/2756 
f 718/807/2757 719/809/2758 383/475/2759 382/472/2760 
f 719/809/2761 720/810/2762 384/477/2763 383/475/2764 
f 720/810/2765 721/811/2766 385/479/2767 384/477/2768 
f 721/811/2769 722/812/2770 386/481/2771 385/479/2772 
f 722/812/2773 723/813/2774 387/483/2775 386/481/2776 
f 723/3871/2777 724/814/2778 388/485/2779 387/3843/2780 
f 724/814/2781 725/815/2782 389/487/2783 388/485/2784 
f 725/815/2785 726/816/2786 390/489/2787 389/487/2788 
f 726/816/2789 727/817/2790 391/491/2791 390/489/2792 
f 727/817/2793 728/818/2794 392/493/2795 391/491/2796 
f 728/818/2797 717/808/2798 381/471/2799 392/493/2800 
s 2
f 730/4229/2801 739/4230/2802 740/4231/2803 729/4232/2804 
f 742/4233/2805 745/4234/2806 746/4235/2807 741/4236/2808 
f 754/819/2809 755/820/2810 764/821/2811 753/822/2812 
f 766/823/2813 775/824/2814 776/825/2815 765/826/2816 
s 1
f 201/4035/2817 202/4034/2818 730/4237/2819 729/4238/2820 
f 202/4034/2821 203/4036/2822 731/4239/2823 730/4237/2824 
f 203/4036/2825 204/4037/2826 732/4240/2827 731/4239/2828 
f 204/4037/2829 205/4038/2830 733/4241/2831 732/4240/2832 
f 205/4038/2833 206/4039/2834 734/4242/2835 733/4241/2836 
f 206/4039/2837 207/4040/2838 735/4243/2839 734/4242/2840 
f 207/4042/2841 208/4041/2842 736/4244/2843 735/4245/2844 
f 208/4041/2845 209/4043/2846 737/4246/2847 736/4244/2848 
f 209/4043/2849 210/4044/2850 738/4247/2851 737/4246/2852 
f 210/4044/2853 211/4045/2854 739/4248/2855 738/4247/2856 
f 211/4045/2857 212/4046/2858 740/4249/2859 739/4248/2860 
f 212/4046/2861 201/4035/2862 729/4238/2863 740/4249/2864 
f 214/4048/2865 213/4047/2866 742/4250/2867 741/4251/2868 
f 213/4047/2869 224/4071/2870 743/4252/2871 742/4250/2872 
f 224/4071/2873 223/4069/2874 744/4253/2875 743/4252/2876 
f 223/4069/2877 222/4067/2878 745/4254/2879 744/4253/2880 
f 222/4067/2881 221/4065/2882 746/4255/2883 745/4254/2884 
f 221/4065/2885 220/4062/2886 747/4256/2887 746/4255/2888 
f 220/4062/2889 219/4061/2890 748/4257/2891 747/4256/2892 
f 219/4059/2893 218/4057/2894 749/4258/2895 748/4259/2896 
f 218/4057/2897 217/4055/2898 750/4260/2899 749/4258/2900 
f 217/4055/2901 216/4053/2902 751/4261/2903 750/4260/2904 
f 216/4053/2905 215/4051/2906 752/4262/2907 751/4261/2908 
f 215/4051/2909 214/4048/2910 741/4251/2911 752/4262/2912 
f 549/640/2913 550/639/2914 754/3872/2915 753/3875/2916 
f 550/639/2917 551/641/2918 755/3873/2919 754/3872/2920 
f 551/641/2921 552/642/2922 756/827/2923 755/3873/2924 
f 552/642/2925 553/643/2926 757/828/2927 756/827/2928 
f 553/643/2929 554/644/2930 758/829/2931 757/828/2932 
f 554/644/2933 555/645/2934 759/830/2935 758/829/2936 
f 555/3857/2937 556/646/2938 760/831/2939 759/3883/2940 
f 556/646/2941 557/647/2942 761/832/2943 760/831/2944 
f 557/647/2945 558/648/2946 762/833/2947 761/832/2948 
f 558/648/2949 559/649/2950 763/834/2951 762/833/2952 
f 559/649/2953 560/650/2954 764/3874/2955 763/834/2956 
f 560/650/2957 549/640/2958 753/3875/2959 764/3874/2960 
f 562/652/2961 561/651/2962 766/3876/2963 765/3879/2964 
f 561/651/2965 572/673/2966 767/835/2967 766/3876/2968 
f 572/673/2969 571/671/2970 768/836/2971 767/835/2972 
f 571/671/2973 570/669/2974 769/837/2975 768/836/2976 
f 570/669/2977 569/667/2978 770/838/2979 769/837/2980 
f 569/667/2981 568/665/2982 771/839/2983 770/838/2984 
f 568/665/2985 567/3858/2986 772/840/2987 771/839/2988 
f 567/663/2989 566/661/2990 773/841/2991 772/3894/2992 
f 566/661/2993 565/659/2994 774/842/2995 773/841/2996 
f 565/659/2997 564/657/2998 775/3877/2999 774/842/3000 
f 564/657/3001 563/655/3002 776/3878/3003 775/3877/3004 
f 563/655/3005 562/652/3006 765/3879/3007 776/3878/3008 
f 777/1307/3009 778/1308/3010 790/1309/3011 789/1310/3012 
f 778/1308/3013 779/1311/3014 791/1312/3015 790/1309/3016 
f 779/1311/3017 780/1313/3018 792/1314/3019 791/1312/3020 
f 780/1313/3021 781/1315/3022 793/1316/3023 792/1314/3024 
f 781/1315/3025 782/1317/3026 794/1318/3027 793/1316/3028 
f 782/1317/3029 783/1319/3030 795/1320/3031 794/1318/3032 
f 783/1321/3033 784/1322/3034 796/1323/3035 795/1324/3036 
f 784/1322/3037 785/1325/3038 797/1326/3039 796/1323/3040 
f 785/1325/3041 786/1327/3042 798/1328/3043 797/1326/3044 
f 786/1327/3045 787/1329/3046 799/1330/3047 798/1328/3048 
f 787/1329/3049 788/1331/3050 800/1332/3051 799/1330/3052 
f 788/1331/3053 777/1307/3054 789/1310/3055 800/1332/3056 
f 789/1310/3057 790/1309/3058 802/1333/3059 801/1334/3060 
f 790/1309/3061 791/1312/3062 803/1335/3063 802/1333/3064 
f 791/1312/3065 792/1314/3066 804/1336/3067 803/1335/3068 
f 792/1314/3069 793/1316/3070 805/1337/3071 804/1336/3072 
f 793/1316/3073 794/1318/3074 806/1338/3075 805/1337/3076 
f 794/1318/3077 795/1320/3078 807/1339/3079 806/1338/3080 
f 795/1324/3081 796/1323/3082 808/1340/3083 807/1341/3084 
f 796/1323/3085 797/1326/3086 809/1342/3087 808/1340/3088 
f 797/1326/3089 798/1328/3090 810/1343/3091 809/1342/3092 
f 798/1328/3093 799/1330/3094 811/1344/3095 810/1343/3096 
f 799/1330/3097 800/1332/3098 812/1345/3099 811/1344/3100 
f 800/1332/3101 789/1310/3102 801/1334/3103 812/1345/3104 
f 801/1334/3105 802/1333/3106 814/1346/3107 813/1347/3108 
f 802/1333/3109 803/1335/3110 815/1348/3111 814/1346/3112 
f 803/1335/3113 804/1336/3114 816/1349/3115 815/1348/3116 
f 804/1336/3117 805/1337/3118 817/1350/3119 816/1349/3120 
f 805/1337/3121 806/1338/3122 818/1351/3123 817/1350/3124 
f 806/1338/3125 807/1339/3126 819/1352/3127 818/1351/3128 
f 807/1341/3129 808/1340/3130 820/1353/3131 819/1354/3132 
f 808/1340/3133 809/1342/3134 821/1355/3135 820/1353/3136 
f 809/1342/3137 810/1343/3138 822/1356/3139 821/1355/3140 
f 810/1343/3141 811/1344/3142 823/1357/3143 822/1356/3144 
f 811/1344/3145 812/1345/3146 824/1358/3147 823/1357/3148 
f 812/1345/3149 801/1334/3150 813/1347/3151 824/1358/3152 
f 813/1347/3153 814/1346/3154 826/1359/3155 825/1360/3156 
f 814/1346/3157 815/1348/3158 827/1361/3159 826/1359/3160 
f 815/1348/3161 816/1349/3162 828/1362/3163 827/1361/3164 
f 816/1349/3165 817/1350/3166 829/1363/3167 828/1362/3168 
f 817/1350/3169 818/1351/3170 830/1364/3171 829/1363/3172 
f 818/1351/3173 819/1352/3174 831/1365/3175 830/1364/3176 
f 819/1354/3177 820/1353/3178 832/1366/3179 831/1367/3180 
f 820/1353/3181 821/1355/3182 833/1368/3183 832/1366/3184 
f 821/1355/3185 822/1356/3186 834/1369/3187 833/1368/3188 
f 822/1356/3189 823/1357/3190 835/1370/3191 834/1369/3192 
f 823/1357/3193 824/1358/3194 836/1371/3195 835/1370/3196 
f 824/1358/3197 813/1347/3198 825/1360/3199 836/1371/3200 
f 825/1360/3201 826/1359/3202 838/1372/3203 837/1373/3204 
f 826/1359/3205 827/1361/3206 839/1374/3207 838/1372/3208 
f 827/1361/3209 828/1362/3210 840/1375/3211 839/1374/3212 
f 828/1362/3213 829/1363/3214 841/1376/3215 840/1375/3216 
f 829/1363/3217 830/1364/3218 842/1377/3219 841/1376/3220 
f 830/1364/3221 831/1365/3222 843/1378/3223 842/1377/3224 
f 831/1367/3225 832/1366/3226 844/1379/3227 843/1380/3228 
f 832/1366/3229 833/1368/3230 845/1381/3231 844/1379/3232 
f 833/1368/3233 834/1369/3234 846/1382/3235 845/1381/3236 
f 834/1369/3237 835/1370/3238 847/1383/3239 846/1382/3240 
f 835/1370/3241 836/1371/3242 848/1384/3243 847/1383/3244 
f 836/1371/3245 825/1360/3246 837/1373/3247 848/1384/3248 
f 837/1373/3249 838/1372/3250 850/1385/3251 849/1386/3252 
f 838/1372/3253 839/1374/3254 851/1387/3255 850/1385/3256 
f 839/1374/3257 840/1375/3258 852/1388/3259 851/1387/3260 
f 840/1375/3261 841/1376/3262 853/1389/3263 852/1388/3264 
f 841/1376/3265 842/1377/3266 854/1390/3267 853/1389/3268 
f 842/1377/3269 843/1378/3270 855/1391/3271 854/1390/3272 
f 843/1380/3273 844/1379/3274 856/1392/3275 855/1393/3276 
f 844/1379/3277 845/1381/3278 857/1394/3279 856/1392/3280 
f 845/1381/3281 846/1382/3282 858/1395/3283 857/1394/3284 
f 846/1382/3285 847/1383/3286 859/1396/3287 858/1395/3288 
f 847/1383/3289 848/1384/3290 860/1397/3291 859/1396/3292 
f 848/1384/3293 837/1373/3294 849/1386/3295 860/1397/3296 
f 849/1386/3297 850/1385/3298 862/1398/3299 861/1399/3300 
f 850/1385/3301 851/1387/3302 863/1400/3303 862/1398/3304 
f 851/1387/3305 852/1388/3306 864/1401/3307 863/1400/3308 
f 852/1388/3309 853/1389/3310 865/1402/3311 864/1401/3312 
f 853/1389/3313 854/1390/3314 866/1403/3315 865/1402/3316 
f 854/1390/3317 855/1391/3318 867/1404/3319 866/1403/3320 
f 855/1393/3321 856/1392/3322 868/1405/3323 867/1406/3324 
f 856/1392/3325 857/1394/3326 869/1407/3327 868/1405/3328 
f 857/1394/3329 858/1395/3330 870/1408/3331 869/1407/3332 
f 858/1395/3333 859/1396/3334 871/1409/3335 870/1408/3336 
f 859/1396/3337 860/1397/3338 872/1410/3339 871/1409/3340 
f 860/1397/3341 849/1386/3342 861/1399/3343 872/1410/3344 
f 861/1399/3345 862/1398/3346 874/1411/3347 873/1412/3348 
f 862/1398/3349 863/1400/3350 875/1413/3351 874/1411/3352 
f 863/1400/3353 864/1401/3354 876/1414/3355 875/1413/3356 
f 864/1401/3357 865/1402/3358 877/1415/3359 876/1414/3360 
f 865/1402/3361 866/1403/3362 878/1416/3363 877/1415/3364 
f 866/1403/3365 867/1404/3366 879/1417/3367 878/1416/3368 
f 867/1406/3369 868/1405/3370 880/1418/3371 879/1419/3372 
f 868/1405/3373 869/1407/3374 881/1420/3375 880/1418/3376 
f 869/1407/3377 870/1408/3378 882/1421/3379 881/1420/3380 
f 870/1408/3381 871/1409/3382 883/1422/3383 882/1421/3384 
f 871/1409/3385 872/1410/3386 884/1423/3387 883/1422/3388 
f 872/1410/3389 861/1399/3390 873/1412/3391 884/1423/3392 
f 873/1412/3393 874/1411/3394 886/1424/3395 885/1425/3396 
f 874/1411/3397 875/1413/3398 887/1426/3399 886/1424/3400 
f 875/1413/3401 876/1414/3402 888/1427/3403 887/1426/3404 
f 876/1414/3405 877/1415/3406 889/1428/3407 888/1427/3408 
f 877/1415/3409 878/1416/3410 890/1429/3411 889/1428/3412 
f 878/1416/3413 879/1417/3414 891/1430/3415 890/1429/3416 
f 879/1419/3417 880/1418/3418 892/1431/3419 891/1432/3420 
f 880/1418/3421 881/1420/3422 893/1433/3423 892/1431/3424 
f 881/1420/3425 882/1421/3426 894/1434/3427 893/1433/3428 
f 882/1421/3429 883/1422/3430 895/1435/3431 894/1434/3432 
f 883/1422/3433 884/1423/3434 896/1436/3435 895/1435/3436 
f 884/1423/3437 873/1412/3438 885/1425/3439 896/1436/3440 
f 885/1425/3441 886/1424/3442 898/1437/3443 897/1438/3444 
f 886/1424/3445 887/1426/3446 899/1439/3447 898/1437/3448 
f 887/1426/3449 888/1427/3450 900/1440/3451 899/1439/3452 
f 888/1427/3453 889/1428/3454 901/1441/3455 900/1440/3456 
f 889/1428/3457 890/1429/3458 902/1442/3459 901/1441/3460 
f 890/1429/3461 891/1430/3462 903/1443/3463 902/1442/3464 
f 891/1432/3465 892/1431/3466 904/1444/3467 903/1445/3468 
f 892/1431/3469 893/1433/3470 905/1446/3471 904/1444/3472 
f 893/1433/3473 894/1434/3474 906/1447/3475 905/1446/3476 
f 894/1434/3477 895/1435/3478 907/1448/3479 906/1447/3480 
f 895/1435/3481 896/1436/3482 908/1449/3483 907/1448/3484 
f 896/1436/3485 885/1425/3486 897/1438/3487 908/1449/3488 
f 897/1438/3489 898/1437/3490 910/1450/3491 909/1451/3492 
f 898/1437/3493 899/1439/3494 911/1452/3495 910/1450/3496 
f 899/1439/3497 900/1440/3498 912/1453/3499 911/1452/3500 
f 900/1440/3501 901/1441/3502 913/1454/3503 912/1453/3504 
f 901/1441/3505 902/1442/3506 914/1455/3507 913/1454/3508 
f 902/1442/3509 903/1443/3510 915/1456/3511 914/1455/3512 
f 903/1445/3513 904/1444/3514 916/1457/3515 915/1458/3516 
f 904/1444/3517 905/1446/3518 917/1459/3519 916/1457/3520 
f 905/1446/3521 906/1447/3522 918/1460/3523 917/1459/3524 
f 906/1447/3525 907/1448/3526 919/1461/3527 918/1460/3528 
f 907/1448/3529 908/1449/3530 920/1462/3531 919/1461/3532 
f 908/1449/3533 897/1438/3534 909/1451/3535 920/1462/3536 
f 909/1451/3537 910/1450/3538 922/1463/3539 921/1464/3540 
f 910/1450/3541 911/1452/3542 923/1465/3543 922/1463/3544 
f 911/1452/3545 912/1453/3546 924/1466/3547 923/1465/3548 
f 912/1453/3549 913/1454/3550 925/1467/3551 924/1466/3552 
f 913/1454/3553 914/1455/3554 926/1468/3555 925/1467/3556 
f 914/1455/3557 915/1456/3558 927/1469/3559 926/1468/3560 
f 915/1458/3561 916/1457/3562 928/1470/3563 927/1471/3564 
f 916/1457/3565 917/1459/3566 929/1472/3567 928/1470/3568 
f 917/1459/3569 918/1460/3570 930/1473/3571 929/1472/3572 
f 918/1460/3573 919/1461/3574 931/1474/3575 930/1473/3576 
f 919/1461/3577 920/1462/3578 932/1475/3579 931/1474/3580 
f 920/1462/3581 909/1451/3582 921/1464/3583 932/1475/3584 
f 921/1464/3585 922/1463/3586 934/1476/3587 933/1477/3588 
f 922/1463/3589 923/1465/3590 935/1478/3591 934/1476/3592 
f 923/1465/3593 924/1466/3594 936/1479/3595 935/1478/3596 
f 924/1466/3597 925/1467/3598 937/1480/3599 936/1479/3600 
f 925/1467/3601 926/1468/3602 938/1481/3603 937/1480/3604 
f 926/1468/3605 927/1469/3606 939/1482/3607 938/1481/3608 
f 927/1471/3609 928/1470/3610 940/1483/3611 939/1484/3612 
f 928/1470/3613 929/1472/3614 941/1485/3615 940/1483/3616 
f 929/1472/3617 930/1473/3618 942/1486/3619 941/1485/3620 
f 930/1473/3621 931/1474/3622 943/1487/3623 942/1486/3624 
f 931/1474/3625 932/1475/3626 944/1488/3627 943/1487/3628 
f 932/1475/3629 921/1464/3630 933/1477/3631 944/1488/3632 
f 933/1477/3633 934/1476/3634 946/1489/3635 945/1490/3636 
f 934/1476/3637 935/1478/3638 947/1491/3639 946/1489/3640 
f 935/1478/3641 936/1479/3642 948/1492/3643 947/1491/3644 
f 936/1479/3645 937/1480/3646 949/1493/3647 948/1492/3648 
f 937/1480/3649 938/1481/3650 950/1494/3651 949/1493/3652 
f 938/1481/3653 939/1482/3654 951/1495/3655 950/1494/3656 
f 939/1484/3657 940/1483/3658 952/1496/3659 951/1497/3660 
f 940/1483/3661 941/1485/3662 953/1498/3663 952/1496/3664 
f 941/1485/3665 942/1486/3666 954/1499/3667 953/1498/3668 
f 942/1486/3669 943/1487/3670 955/1500/3671 954/1499/3672 
f 943/1487/3673 944/1488/3674 956/1501/3675 955/1500/3676 
f 944/1488/3677 933/1477/3678 945/1490/3679 956/1501/3680 
f 957/1502/3681 958/1503/3682 970/1504/3683 969/1505/3684 
f 958/1503/3685 959/1506/3686 971/1507/3687 970/1504/3688 
f 959/1506/3689 960/1508/3690 972/1509/3691 971/1507/3692 
f 960/1508/3693 961/1510/3694 973/1511/3695 972/1509/3696 
f 961/1510/3697 962/1512/3698 974/1513/3699 973/1511/3700 
f 962/1512/3701 963/1514/3702 975/1515/3703 974/1513/3704 
f 963/1516/3705 964/1517/3706 976/1518/3707 975/1519/3708 
f 964/1517/3709 965/1520/3710 977/1521/3711 976/1518/3712 
f 965/1520/3713 966/1522/3714 978/1523/3715 977/1521/3716 
f 966/1522/3717 967/1524/3718 979/1525/3719 978/1523/3720 
f 967/1524/3721 968/1526/3722 980/1527/3723 979/1525/3724 
f 968/1526/3725 957/1502/3726 969/1505/3727 980/1527/3728 
f 969/1505/3729 970/1504/3730 982/1528/3731 981/1529/3732 
f 970/1504/3733 971/1507/3734 983/1530/3735 982/1528/3736 
f 971/1507/3737 972/1509/3738 984/1531/3739 983/1530/3740 
f 972/1509/3741 973/1511/3742 985/1532/3743 984/1531/3744 
f 973/1511/3745 974/1513/3746 986/1533/3747 985/1532/3748 
f 974/1513/3749 975/1515/3750 987/1534/3751 986/1533/3752 
f 975/1519/3753 976/1518/3754 988/1535/3755 987/1536/3756 
f 976/1518/3757 977/1521/3758 989/1537/3759 988/1535/3760 
f 977/1521/3761 978/1523/3762 990/1538/3763 989/1537/3764 
f 978/1523/3765 979/1525/3766 991/1539/3767 990/1538/3768 
f 979/1525/3769 980/1527/3770 992/1540/3771 991/1539/3772 
f 980/1527/3773 969/1505/3774 981/1529/3775 992/1540/3776 
f 981/1529/3777 982/1528/3778 994/1541/3779 993/1542/3780 
f 982/1528/3781 983/1530/3782 995/1543/3783 994/1541/3784 
f 983/1530/3785 984/1531/3786 996/1544/3787 995/1543/3788 
f 984/1531/3789 985/1532/3790 997/1545/3791 996/1544/3792 
f 985/1532/3793 986/1533/3794 998/1546/3795 997/1545/3796 
f 986/1533/3797 987/1534/3798 999/1547/3799 998/1546/3800 
f 987/1536/3801 988/1535/3802 1000/1548/3803 999/1549/3804 
f 988/1535/3805 989/1537/3806 1001/1550/3807 1000/1548/3808 
f 989/1537/3809 990/1538/3810 1002/1551/3811 1001/1550/3812 
f 990/1538/3813 991/1539/3814 1003/1552/3815 1002/1551/3816 
f 991/1539/3817 992/1540/3818 1004/1553/3819 1003/1552/3820 
f 992/1540/3821 981/1529/3822 993/1542/3823 1004/1553/3824 
f 993/1542/3825 994/1541/3826 1006/1554/3827 1005/1555/3828 
f 994/1541/3829 995/1543/3830 1007/1556/3831 1006/1554/3832 
f 995/1543/3833 996/1544/3834 1008/1557/3835 1007/1556/3836 
f 996/1544/3837 997/1545/3838 1009/1558/3839 1008/1557/3840 
f 997/1545/3841 998/1546/3842 1010/1559/3843 1009/1558/3844 
f 998/1546/3845 999/1547/3846 1011/1560/3847 1010/1559/3848 
f 999/1549/3849 1000/1548/3850 1012/1561/3851 1011/1562/3852 
f 1000/1548/3853 1001/1550/3854 1013/1563/3855 1012/1561/3856 
f 1001/1550/3857 1002/1551/3858 1014/1564/3859 1013/1563/3860 
f 1002/1551/3861 1003/1552/3862 1015/1565/3863 1014/1564/3864 
f 1003/1552/3865 1004/1553/3866 1016/1566/3867 1015/1565/3868 
f 1004/1553/3869 993/1542/3870 1005/1555/3871 1016/1566/3872 
f 1005/1555/3873 1006/1554/3874 1018/1567/3875 1017/1568/3876 
f 1006/1554/3877 1007/1556/3878 1019/1569/3879 1018/1567/3880 
f 1007/1556/3881 1008/1557/3882 1020/1570/3883 1019/1569/3884 
f 1008/1557/3885 1009/1558/3886 1021/1571/3887 1020/1570/3888 
f 1009/1558/3889 1010/1559/3890 1022/1572/3891 1021/1571/3892 
f 1010/1559/3893 1011/1560/3894 1023/1573/3895 1022/1572/3896 
f 1011/1562/3897 1012/1561/3898 1024/1574/3899 1023/1575/3900 
f 1012/1561/3901 1013/1563/3902 1025/1576/3903 1024/1574/3904 
f 1013/1563/3905 1014/1564/3906 1026/1577/3907 1025/1576/3908 
f 1014/1564/3909 1015/1565/3910 1027/1578/3911 1026/1577/3912 
f 1015/1565/3913 1016/1566/3914 1028/1579/3915 1027/1578/3916 
f 1016/1566/3917 1005/1555/3918 1017/1568/3919 1028/1579/3920 
f 1017/1568/3921 1018/1567/3922 1030/1580/3923 1029/1581/3924 
f 1018/1567/3925 1019/1569/3926 1031/1582/3927 1030/1580/3928 
f 1019/1569/3929 1020/1570/3930 1032/1583/3931 1031/1582/3932 
f 1020/1570/3933 1021/1571/3934 1033/1584/3935 1032/1583/3936 
f 1021/1571/3937 1022/1572/3938 1034/1585/3939 1033/1584/3940 
f 1022/1572/3941 1023/1573/3942 1035/1586/3943 1034/1585/3944 
f 1023/1575/3945 1024/1574/3946 1036/1587/3947 1035/1588/3948 
f 1024/1574/3949 1025/1576/3950 1037/1589/3951 1036/1587/3952 
f 1025/1576/3953 1026/1577/3954 1038/1590/3955 1037/1589/3956 
f 1026/1577/3957 1027/1578/3958 1039/1591/3959 1038/1590/3960 
f 1027/1578/3961 1028/1579/3962 1040/1592/3963 1039/1591/3964 
f 1028/1579/3965 1017/1568/3966 1029/1581/3967 1040/1592/3968 
f 1029/1581/3969 1030/1580/3970 1042/1593/3971 1041/1594/3972 
f 1030/1580/3973 1031/1582/3974 1043/1595/3975 1042/1593/3976 
f 1031/1582/3977 1032/1583/3978 1044/1596/3979 1043/1595/3980 
f 1032/1583/3981 1033/1584/3982 1045/1597/3983 1044/1596/3984 
f 1033/1584/3985 1034/1585/3986 1046/1598/3987 1045/1597/3988 
f 1034/1585/3989 1035/1586/3990 1047/1599/3991 1046/1598/3992 
f 1035/1588/3993 1036/1587/3994 1048/1600/3995 1047/1601/3996 
f 1036/1587/3997 1037/1589/3998 1049/1602/3999 1048/1600/4000 
f 1037/1589/4001 1038/1590/4002 1050/1603/4003 1049/1602/4004 
f 1038/1590/4005 1039/1591/4006 1051/1604/4007 1050/1603/4008 
f 1039/1591/4009 1040/1592/4010 1052/1605/4011 1051/1604/4012 
f 1040/1592/4013 1029/1581/4014 1041/1594/4015 1052/1605/4016 
f 1041/1594/4017 1042/1593/4018 1054/1606/4019 1053/1607/4020 
f 1042/1593/4021 1043/1595/4022 1055/1608/4023 1054/1606/4024 
f 1043/1595/4025 1044/1596/4026 1056/1609/4027 1055/1608/4028 
f 1044/1596/4029 1045/1597/4030 1057/1610/4031 1056/1609/4032 
f 1045/1597/4033 1046/1598/4034 1058/1611/4035 1057/1610/4036 
f 1046/1598/4037 1047/1599/4038 1059/1612/4039 1058/1611/4040 
f 1047/1601/4041 1048/1600/4042 1060/1613/4043 1059/1614/4044 
f 1048/1600/4045 1049/1602/4046 1061/1615/4047 1060/1613/4048 
f 1049/1602/4049 1050/1603/4050 1062/1616/4051 1061/1615/4052 
f 1050/1603/4053 1051/1604/4054 1063/1617/4055 1062/1616/4056 
f 1051/1604/4057 1052/1605/4058 1064/1618/4059 1063/1617/4060 
f 1052/1605/4061 1041/1594/4062 1053/1607/4063 1064/1618/4064 
f 1053/1607/4065 1054/1606/4066 1066/1619/4067 1065/1620/4068 
f 1054/1606/4069 1055/1608/4070 1067/1621/4071 1066/1619/4072 
f 1055/1608/4073 1056/1609/4074 1068/1622/4075 1067/1621/4076 
f 1056/1609/4077 1057/1610/4078 1069/1623/4079 1068/1622/4080 
f 1057/1610/4081 1058/1611/4082 1070/1624/4083 1069/1623/4084 
f 1058/1611/4085 1059/1612/4086 1071/1625/4087 1070/1624/4088 
f 1059/1614/4089 1060/1613/4090 1072/1626/4091 1071/1627/4092 
f 1060/1613/4093 1061/1615/4094 1073/1628/4095 1072/1626/4096 
f 1061/1615/4097 1062/1616/4098 1074/1629/4099 1073/1628/4100 
f 1062/1616/4101 1063/1617/4102 1075/1630/4103 1074/1629/4104 
f 1063/1617/4105 1064/1618/4106 1076/1631/4107 1075/1630/4108 
f 1064/1618/4109 1053/1607/4110 1065/1620/4111 1076/1631/4112 
f 1065/1620/4113 1066/1619/4114 1078/1632/4115 1077/1633/4116 
f 1066/1619/4117 1067/1621/4118 1079/1634/4119 1078/1632/4120 
f 1067/1621/4121 1068/1622/4122 1080/1635/4123 1079/1634/4124 
f 1068/1622/4125 1069/1623/4126 1081/1636/4127 1080/1635/4128 
f 1069/1623/4129 1070/1624/4130 1082/1637/4131 1081/1636/4132 
f 1070/1624/4133 1071/1625/4134 1083/1638/4135 1082/1637/4136 
f 1071/1627/4137 1072/1626/4138 1084/1639/4139 1083/1640/4140 
f 1072/1626/4141 1073/1628/4142 1085/1641/4143 1084/1639/4144 
f 1073/1628/4145 1074/1629/4146 1086/1642/4147 1085/1641/4148 
f 1074/1629/4149 1075/1630/4150 1087/1643/4151 1086/1642/4152 
f 1075/1630/4153 1076/1631/4154 1088/1644/4155 1087/1643/4156 
f 1076/1631/4157 1065/1620/4158 1077/1633/4159 1088/1644/4160 
f 1077/1633/4161 1078/1632/4162 1090/1645/4163 1089/1646/4164 
f 1078/1632/4165 1079/1634/4166 1091/1647/4167 1090/1645/4168 
f 1079/1634/4169 1080/1635/4170 1092/1648/4171 1091/1647/4172 
f 1080/1635/4173 1081/1636/4174 1093/1649/4175 1092/1648/4176 
f 1081/1636/4177 1082/1637/4178 1094/1650/4179 1093/1649/4180 
f 1082/1637/4181 1083/1638/4182 1095/1651/4183 1094/1650/4184 
f 1083/1640/4185 1084/1639/4186 1096/1652/4187 1095/1653/4188 
f 1084/1639/4189 1085/1641/4190 1097/1654/4191 1096/1652/4192 
f 1085/1641/4193 1086/1642/4194 1098/1655/4195 1097/1654/4196 
f 1086/1642/4197 1087/1643/4198 1099/1656/4199 1098/1655/4200 
f 1087/1643/4201 1088/1644/4202 1100/1657/4203 1099/1656/4204 
f 1088/1644/4205 1077/1633/4206 1089/1646/4207 1100/1657/4208 
f 1089/1646/4209 1090/1645/4210 1102/1658/4211 1101/1659/4212 
f 1090/1645/4213 1091/1647/4214 1103/1660/4215 1102/1658/4216 
f 1091/1647/4217 1092/1648/4218 1104/1661/4219 1103/1660/4220 
f 1092/1648/4221 1093/1649/4222 1105/1662/4223 1104/1661/4224 
f 1093/1649/4225 1094/1650/4226 1106/1663/4227 1105/1662/4228 
f 1094/1650/4229 1095/1651/4230 1107/1664/4231 1106/1663/4232 
f 1095/1653/4233 1096/1652/4234 1108/1665/4235 1107/1666/4236 
f 1096/1652/4237 1097/1654/4238 1109/1667/4239 1108/1665/4240 
f 1097/1654/4241 1098/1655/4242 1110/1668/4243 1109/1667/4244 
f 1098/1655/4245 1099/1656/4246 1111/1669/4247 1110/1668/4248 
f 1099/1656/4249 1100/1657/4250 1112/1670/4251 1111/1669/4252 
f 1100/1657/4253 1089/1646/4254 1101/1659/4255 1112/1670/4256 
f 1101/1659/4257 1102/1658/4258 1114/1671/4259 1113/1672/4260 
f 1102/1658/4261 1103/1660/4262 1115/1673/4263 1114/1671/4264 
f 1103/1660/4265 1104/1661/4266 1116/1674/4267 1115/1673/4268 
f 1104/1661/4269 1105/1662/4270 1117/1675/4271 1116/1674/4272 
f 1105/1662/4273 1106/1663/4274 1118/1676/4275 1117/1675/4276 
f 1106/1663/4277 1107/1664/4278 1119/1677/4279 1118/1676/4280 
f 1107/1666/4281 1108/1665/4282 1120/1678/4283 1119/1679/4284 
f 1108/1665/4285 1109/1667/4286 1121/1680/4287 1120/1678/4288 
f 1109/1667/4289 1110/1668/4290 1122/1681/4291 1121/1680/4292 
f 1110/1668/4293 1111/1669/4294 1123/1682/4295 1122/1681/4296 
f 1111/1669/4297 1112/1670/4298 1124/1683/4299 1123/1682/4300 
f 1112/1670/4301 1101/1659/4302 1113/1672/4303 1124/1683/4304 
f 1113/1672/4305 1114/1671/4306 778/1308/4307 777/1307/4308 
f 1114/1671/4309 1115/1673/4310 779/1311/4311 778/1308/4312 
f 1115/1673/4313 1116/1674/4314 780/1313/4315 779/1311/4316 
f 1116/1674/4317 1117/1675/4318 781/1315/4319 780/1313/4320 
f 1117/1675/4321 1118/1676/4322 782/1317/4323 781/1315/4324 
f 1118/1676/4325 1119/1677/4326 783/1319/4327 782/1317/4328 
f 1119/1679/4329 1120/1678/4330 784/1322/4331 783/1321/4332 
f 1120/1678/4333 1121/1680/4334 785/1325/4335 784/1322/4336 
f 1121/1680/4337 1122/1681/4338 786/1327/4339 785/1325/4340 
f 1122/1681/4341 1123/1682/4342 787/1329/4343 786/1327/4344 
f 1123/1682/4345 1124/1683/4346 788/1331/4347 787/1329/4348 
f 1124/1683/4349 1113/1672/4350 777/1307/4351 788/1331/4352 
f 1125/81/4353 1126/82/4354 1138/83/4355 1137/84/4356 
f 1126/82/4357 1127/85/4358 1139/86/4359 1138/83/4360 
f 1127/85/4361 1128/87/4362 1140/88/4363 1139/86/4364 
f 1128/87/4365 1129/89/4366 1141/90/4367 1140/88/4368 
f 1129/89/4369 1130/91/4370 1142/92/4371 1141/90/4372 
f 1130/91/4373 1131/93/4374 1143/94/4375 1142/92/4376 
f 1131/95/4377 1132/96/4378 1144/97/4379 1143/98/4380 
f 1132/96/4381 1133/99/4382 1145/100/4383 1144/97/4384 
f 1133/99/4385 1134/101/4386 1146/102/4387 1145/100/4388 
f 1134/101/4389 1135/103/4390 1147/104/4391 1146/102/4392 
f 1135/103/4393 1136/105/4394 1148/106/4395 1147/104/4396 
f 1136/105/4397 1125/81/4398 1137/84/4399 1148/106/4400 
f 1137/84/4401 1138/83/4402 1150/107/4403 1149/108/4404 
f 1138/83/4405 1139/86/4406 1151/109/4407 1150/107/4408 
f 1139/86/4409 1140/88/4410 1152/110/4411 1151/109/4412 
f 1140/88/4413 1141/90/4414 1153/111/4415 1152/110/4416 
f 1141/90/4417 1142/92/4418 1154/112/4419 1153/111/4420 
f 1142/92/4421 1143/94/4422 1155/113/4423 1154/112/4424 
f 1143/98/4425 1144/97/4426 1156/114/4427 1155/115/4428 
f 1144/97/4429 1145/100/4430 1157/116/4431 1156/114/4432 
f 1145/100/4433 1146/102/4434 1158/117/4435 1157/116/4436 
f 1146/102/4437 1147/104/4438 1159/118/4439 1158/117/4440 
f 1147/104/4441 1148/106/4442 1160/119/4443 1159/118/4444 
f 1148/106/4445 1137/84/4446 1149/108/4447 1160/119/4448 
f 1149/108/4449 1150/107/4450 1162/120/4451 1161/121/4452 
f 1150/107/4453 1151/109/4454 1163/122/4455 1162/120/4456 
f 1151/109/4457 1152/110/4458 1164/123/4459 1163/122/4460 
f 1152/110/4461 1153/111/4462 1165/124/4463 1164/123/4464 
f 1153/111/4465 1154/112/4466 1166/125/4467 1165/124/4468 
f 1154/112/4469 1155/113/4470 1167/126/4471 1166/125/4472 
f 1155/115/4473 1156/114/4474 1168/127/4475 1167/128/4476 
f 1156/114/4477 1157/116/4478 1169/129/4479 1168/127/4480 
f 1157/116/4481 1158/117/4482 1170/130/4483 1169/129/4484 
f 1158/117/4485 1159/118/4486 1171/131/4487 1170/130/4488 
f 1159/118/4489 1160/119/4490 1172/132/4491 1171/131/4492 
f 1160/119/4493 1149/108/4494 1161/121/4495 1172/132/4496 
f 1161/121/4497 1162/120/4498 1174/133/4499 1173/134/4500 
f 1162/120/4501 1163/122/4502 1175/135/4503 1174/133/4504 
f 1163/122/4505 1164/123/4506 1176/136/4507 1175/135/4508 
f 1164/123/4509 1165/124/4510 1177/137/4511 1176/136/4512 
f 1165/124/4513 1166/125/4514 1178/138/4515 1177/137/4516 
f 1166/125/4517 1167/126/4518 1179/139/4519 1178/138/4520 
f 1167/128/4521 1168/127/4522 1180/140/4523 1179/141/4524 
f 1168/127/4525 1169/129/4526 1181/142/4527 1180/140/4528 
f 1169/129/4529 1170/130/4530 1182/143/4531 1181/142/4532 
f 1170/130/4533 1171/131/4534 1183/144/4535 1182/143/4536 
f 1171/131/4537 1172/132/4538 1184/145/4539 1183/144/4540 
f 1172/132/4541 1161/121/4542 1173/134/4543 1184/145/4544 
f 1173/134/4545 1174/133/4546 1186/146/4547 1185/147/4548 
f 1174/133/4549 1175/135/4550 1187/148/4551 1186/146/4552 
f 1175/135/4553 1176/136/4554 1188/149/4555 1187/148/4556 
f 1176/136/4557 1177/137/4558 1189/150/4559 1188/149/4560 
f 1177/137/4561 1178/138/4562 1190/151/4563 1189/150/4564 
f 1178/138/4565 1179/139/4566 1191/152/4567 1190/151/4568 
f 1179/141/4569 1180/140/4570 1192/153/4571 1191/154/4572 
f 1180/140/4573 1181/142/4574 1193/155/4575 1192/153/4576 
f 1181/142/4577 1182/143/4578 1194/156/4579 1193/155/4580 
f 1182/143/4581 1183/144/4582 1195/157/4583 1194/156/4584 
f 1183/144/4585 1184/145/4586 1196/158/4587 1195/157/4588 
f 1184/145/4589 1173/134/4590 1185/147/4591 1196/158/4592 
f 1185/147/4593 1186/146/4594 1198/159/4595 1197/160/4596 
f 1186/146/4597 1187/148/4598 1199/161/4599 1198/159/4600 
f 1187/148/4601 1188/149/4602 1200/162/4603 1199/161/4604 
f 1188/149/4605 1189/150/4606 1201/163/4607 1200/162/4608 
f 1189/150/4609 1190/151/4610 1202/164/4611 1201/163/4612 
f 1190/151/4613 1191/152/4614 1203/165/4615 1202/164/4616 
f 1191/154/4617 1192/153/4618 1204/166/4619 1203/167/4620 
f 1192/153/4621 1193/155/4622 1205/168/4623 1204/166/4624 
f 1193/155/4625 1194/156/4626 1206/169/4627 1205/168/4628 
f 1194/156/4629 1195/157/4630 1207/170/4631 1206/169/4632 
f 1195/157/4633 1196/158/4634 1208/171/4635 1207/170/4636 
f 1196/158/4637 1185/147/4638 1197/160/4639 1208/171/4640 
f 1197/160/4641 1198/159/4642 1210/172/4643 1209/173/4644 
f 1198/159/4645 1199/161/4646 1211/174/4647 1210/172/4648 
f 1199/161/4649 1200/162/4650 1212/175/4651 1211/174/4652 
f 1200/162/4653 1201/163/4654 1213/176/4655 1212/175/4656 
f 1201/163/4657 1202/164/4658 1214/177/4659 1213/176/4660 
f 1202/164/4661 1203/165/4662 1215/178/4663 1214/177/4664 
f 1203/167/4665 1204/166/4666 1216/179/4667 1215/180/4668 
f 1204/166/4669 1205/168/4670 1217/181/4671 1216/179/4672 
f 1205/168/4673 1206/169/4674 1218/182/4675 1217/181/4676 
f 1206/169/4677 1207/170/4678 1219/183/4679 1218/182/4680 
f 1207/170/4681 1208/171/4682 1220/184/4683 1219/183/4684 
f 1208/171/4685 1197/160/4686 1209/173/4687 1220/184/4688 
f 1209/173/4689 1210/172/4690 1222/185/4691 1221/186/4692 
f 1210/172/4693 1211/174/4694 1223/187/4695 1222/185/4696 
f 1211/174/4697 1212/175/4698 1224/188/4699 1223/187/4700 
f 1212/175/4701 1213/176/4702 1225/189/4703 1224/188/4704 
f 1213/176/4705 1214/177/4706 1226/190/4707 1225/189/4708 
f 1214/177/4709 1215/178/4710 1227/191/4711 1226/190/4712 
f 1215/180/4713 1216/179/4714 1228/192/4715 1227/193/4716 
f 1216/179/4717 1217/181/4718 1229/194/4719 1228/192/4720 
f 1217/181/4721 1218/182/4722 1230/195/4723 1229/194/4724 
f 1218/182/4725 1219/183/4726 1231/196/4727 1230/195/4728 
f 1219/183/4729 1220/184/4730 1232/197/4731 1231/196/4732 
f 1220/184/4733 1209/173/4734 1221/186/4735 1232/197/4736 
f 1221/186/4737 1222/185/4738 1234/198/4739 1233/199/4740 
f 1222/185/4741 1223/187/4742 1235/200/4743 1234/198/4744 
f 1223/187/4745 1224/188/4746 1236/201/4747 1235/200/4748 
f 1224/188/4749 1225/189/4750 1237/202/4751 1236/201/4752 
f 1225/189/4753 1226/190/4754 1238/203/4755 1237/202/4756 
f 1226/190/4757 1227/191/4758 1239/204/4759 1238/203/4760 
f 1227/193/4761 1228/192/4762 1240/205/4763 1239/206/4764 
f 1228/192/4765 1229/194/4766 1241/207/4767 1240/205/4768 
f 1229/194/4769 1230/195/4770 1242/208/4771 1241/207/4772 
f 1230/195/4773 1231/196/4774 1243/209/4775 1242/208/4776 
f 1231/196/4777 1232/197/4778 1244/210/4779 1243/209/4780 
f 1232/197/4781 1221/186/4782 1233/199/4783 1244/210/4784 
f 1233/199/4785 1234/198/4786 1246/211/4787 1245/212/4788 
f 1234/198/4789 1235/200/4790 1247/213/4791 1246/211/4792 
f 1235/200/4793 1236/201/4794 1248/214/4795 1247/213/4796 
f 1236/201/4797 1237/202/4798 1249/215/4799 1248/214/4800 
f 1237/202/4801 1238/203/4802 1250/216/4803 1249/215/4804 
f 1238/203/4805 1239/204/4806 1251/217/4807 1250/216/4808 
f 1239/206/4809 1240/205/4810 1252/218/4811 1251/219/4812 
f 1240/205/4813 1241/207/4814 1253/220/4815 1252/218/4816 
f 1241/207/4817 1242/208/4818 1254/221/4819 1253/220/4820 
f 1242/208/4821 1243/209/4822 1255/222/4823 1254/221/4824 
f 1243/209/4825 1244/210/4826 1256/223/4827 1255/222/4828 
f 1244/210/4829 1233/199/4830 1245/212/4831 1256/223/4832 
f 1245/212/4833 1246/211/4834 1258/224/4835 1257/225/4836 
f 1246/211/4837 1247/213/4838 1259/226/4839 1258/224/4840 
f 1247/213/4841 1248/214/4842 1260/227/4843 1259/226/4844 
f 1248/214/4845 1249/215/4846 1261/228/4847 1260/227/4848 
f 1249/215/4849 1250/216/4850 1262/229/4851 1261/228/4852 
f 1250/216/4853 1251/217/4854 1263/230/4855 1262/229/4856 
f 1251/219/4857 1252/218/4858 1264/231/4859 1263/232/4860 
f 1252/218/4861 1253/220/4862 1265/233/4863 1264/231/4864 
f 1253/220/4865 1254/221/4866 1266/234/4867 1265/233/4868 
f 1254/221/4869 1255/222/4870 1267/235/4871 1266/234/4872 
f 1255/222/4873 1256/223/4874 1268/236/4875 1267/235/4876 
f 1256/223/4877 1245/212/4878 1257/225/4879 1268/236/4880 
f 1257/225/4881 1258/224/4882 1270/237/4883 1269/238/4884 
f 1258/224/4885 1259/226/4886 1271/239/4887 1270/237/4888 
f 1259/226/4889 1260/227/4890 1272/240/4891 1271/239/4892 
f 1260/227/4893 1261/228/4894 1273/241/4895 1272/240/4896 
f 1261/228/4897 1262/229/4898 1274/242/4899 1273/241/4900 
f 1262/229/4901 1263/230/4902 1275/243/4903 1274/242/4904 
f 1263/232/4905 1264/231/4906 1276/244/4907 1275/245/4908 
f 1264/231/4909 1265/233/4910 1277/246/4911 1276/244/4912 
f 1265/233/4913 1266/234/4914 1278/247/4915 1277/246/4916 
f 1266/234/4917 1267/235/4918 1279/248/4919 1278/247/4920 
f 1267/235/4921 1268/236/4922 1280/249/4923 1279/248/4924 
f 1268/236/4925 1257/225/4926 1269/238/4927 1280/249/4928 
f 1269/238/4929 1270/237/4930 1282/250/4931 1281/251/4932 
f 1270/237/4933 1271/239/4934 1283/252/4935 1282/250/4936 
f 1271/239/4937 1272/240/4938 1284/253/4939 1283/252/4940 
f 1272/240/4941 1273/241/4942 1285/254/4943 1284/253/4944 
f 1273/241/4945 1274/242/4946 1286/255/4947 1285/254/4948 
f 1274/242/4949 1275/243/4950 1287/256/4951 1286/255/4952 
f 1275/245/4953 1276/244/4954 1288/257/4955 1287/258/4956 
f 1276/244/4957 1277/246/4958 1289/259/4959 1288/257/4960 
f 1277/246/4961 1278/247/4962 1290/260/4963 1289/259/4964 
f 1278/247/4965 1279/248/4966 1291/261/4967 1290/260/4968 
f 1279/248/4969 1280/249/4970 1292/262/4971 1291/261/4972 
f 1280/249/4973 1269/238/4974 1281/251/4975 1292/262/4976 
f 1281/251/4977 1282/250/4978 1294/263/4979 1293/264/4980 
f 1282/250/4981 1283/252/4982 1295/265/4983 1294/263/4984 
f 1283/252/4985 1284/253/4986 1296/266/4987 1295/265/4988 
f 1284/253/4989 1285/254/4990 1297/267/4991 1296/266/4992 
f 1285/254/4993 1286/255/4994 1298/268/4995 1297/267/4996 
f 1286/255/4997 1287/256/4998 1299/269/4999 1298/268/5000 
f 1287/258/5001 1288/257/5002 1300/270/5003 1299/271/5004 
f 1288/257/5005 1289/259/5006 1301/272/5007 1300/270/5008 
f 1289/259/5009 1290/260/5010 1302/273/5011 1301/272/5012 
f 1290/260/5013 1291/261/5014 1303/274/5015 1302/273/5016 
f 1291/261/5017 1292/262/5018 1304/275/5019 1303/274/5020 
f 1292/262/5021 1281/251/5022 1293/264/5023 1304/275/5024 
f 1305/276/5025 1306/277/5026 1318/278/5027 1317/279/5028 
f 1306/277/5029 1307/280/5030 1319/281/5031 1318/278/5032 
f 1307/280/5033 1308/282/5034 1320/283/5035 1319/281/5036 
f 1308/282/5037 1309/284/5038 1321/285/5039 1320/283/5040 
f 1309/284/5041 1310/286/5042 1322/287/5043 1321/285/5044 
f 1310/286/5045 1311/288/5046 1323/289/5047 1322/287/5048 
f 1311/290/5049 1312/291/5050 1324/292/5051 1323/293/5052 
f 1312/291/5053 1313/294/5054 1325/295/5055 1324/292/5056 
f 1313/294/5057 1314/296/5058 1326/297/5059 1325/295/5060 
f 1314/296/5061 1315/298/5062 1327/299/5063 1326/297/5064 
f 1315/298/5065 1316/300/5066 1328/301/5067 1327/299/5068 
f 1316/300/5069 1305/276/5070 1317/279/5071 1328/301/5072 
f 1317/279/5073 1318/278/5074 1330/302/5075 1329/303/5076 
f 1318/278/5077 1319/281/5078 1331/304/5079 1330/302/5080 
f 1319/281/5081 1320/283/5082 1332/305/5083 1331/304/5084 
f 1320/283/5085 1321/285/5086 1333/306/5087 1332/305/5088 
f 1321/285/5089 1322/287/5090 1334/307/5091 1333/306/5092 
f 1322/287/5093 1323/289/5094 1335/308/5095 1334/307/5096 
f 1323/293/5097 1324/292/5098 1336/309/5099 1335/310/5100 
f 1324/292/5101 1325/295/5102 1337/311/5103 1336/309/5104 
f 1325/295/5105 1326/297/5106 1338/312/5107 1337/311/5108 
f 1326/297/5109 1327/299/5110 1339/313/5111 1338/312/5112 
f 1327/299/5113 1328/301/5114 1340/314/5115 1339/313/5116 
f 1328/301/5117 1317/279/5118 1329/303/5119 1340/314/5120 
f 1329/303/5121 1330/302/5122 1342/315/5123 1341/316/5124 
f 1330/302/5125 1331/304/5126 1343/317/5127 1342/315/5128 
f 1331/304/5129 1332/305/5130 1344/318/5131 1343/317/5132 
f 1332/305/5133 1333/306/5134 1345/319/5135 1344/318/5136 
f 1333/306/5137 1334/307/5138 1346/320/5139 1345/319/5140 
f 1334/307/5141 1335/308/5142 1347/321/5143 1346/320/5144 
f 1335/310/5145 1336/309/5146 1348/322/5147 1347/323/5148 
f 1336/309/5149 1337/311/5150 1349/324/5151 1348/322/5152 
f 1337/311/5153 1338/312/5154 1350/325/5155 1349/324/5156 
f 1338/312/5157 1339/313/5158 1351/326/5159 1350/325/5160 
f 1339/313/5161 1340/314/5162 1352/327/5163 1351/326/5164 
f 1340/314/5165 1329/303/5166 1341/316/5167 1352/327/5168 
f 1341/316/5169 1342/315/5170 1354/328/5171 1353/329/5172 
f 1342/315/5173 1343/317/5174 1355/330/5175 1354/328/5176 
f 1343/317/5177 1344/318/5178 1356/331/5179 1355/330/5180 
f 1344/318/5181 1345/319/5182 1357/332/5183 1356/331/5184 
f 1345/319/5185 1346/320/5186 1358/333/5187 1357/332/5188 
f 1346/320/5189 1347/321/5190 1359/334/5191 1358/333/5192 
f 1347/323/5193 1348/322/5194 1360/335/5195 1359/336/5196 
f 1348/322/5197 1349/324/5198 1361/337/5199 1360/335/5200 
f 1349/324/5201 1350/325/5202 1362/338/5203 1361/337/5204 
f 1350/325/5205 1351/326/5206 1363/339/5207 1362/338/5208 
f 1351/326/5209 1352/327/5210 1364/340/5211 1363/339/5212 
f 1352/327/5213 1341/316/5214 1353/329/5215 1364/340/5216 
f 1353/329/5217 1354/328/5218 1366/341/5219 1365/342/5220 
f 1354/328/5221 1355/330/5222 1367/343/5223 1366/341/5224 
f 1355/330/5225 1356/331/5226 1368/344/5227 1367/343/5228 
f 1356/331/5229 1357/332/5230 1369/345/5231 1368/344/5232 
f 1357/332/5233 1358/333/5234 1370/346/5235 1369/345/5236 
f 1358/333/5237 1359/334/5238 1371/347/5239 1370/346/5240 
f 1359/336/5241 1360/335/5242 1372/348/5243 1371/349/5244 
f 1360/335/5245 1361/337/5246 1373/350/5247 1372/348/5248 
f 1361/337/5249 1362/338/5250 1374/351/5251 1373/350/5252 
f 1362/338/5253 1363/339/5254 1375/352/5255 1374/351/5256 
f 1363/339/5257 1364/340/5258 1376/353/5259 1375/352/5260 
f 1364/340/5261 1353/329/5262 1365/342/5263 1376/353/5264 
f 1365/342/5265 1366/341/5266 1378/354/5267 1377/355/5268 
f 1366/341/5269 1367/343/5270 1379/356/5271 1378/354/5272 
f 1367/343/5273 1368/344/5274 1380/357/5275 1379/356/5276 
f 1368/344/5277 1369/345/5278 1381/358/5279 1380/357/5280 
f 1369/345/5281 1370/346/5282 1382/359/5283 1381/358/5284 
f 1370/346/5285 1371/347/5286 1383/360/5287 1382/359/5288 
f 1371/349/5289 1372/348/5290 1384/361/5291 1383/362/5292 
f 1372/348/5293 1373/350/5294 1385/363/5295 1384/361/5296 
f 1373/350/5297 1374/351/5298 1386/364/5299 1385/363/5300 
f 1374/351/5301 1375/352/5302 1387/365/5303 1386/364/5304 
f 1375/352/5305 1376/353/5306 1388/366/5307 1387/365/5308 
f 1376/353/5309 1365/342/5310 1377/355/5311 1388/366/5312 
f 1377/355/5313 1378/354/5314 1390/367/5315 1389/368/5316 
f 1378/354/5317 1379/356/5318 1391/369/5319 1390/367/5320 
f 1379/356/5321 1380/357/5322 1392/370/5323 1391/369/5324 
f 1380/357/5325 1381/358/5326 1393/371/5327 1392/370/5328 
f 1381/358/5329 1382/359/5330 1394/372/5331 1393/371/5332 
f 1382/359/5333 1383/360/5334 1395/373/5335 1394/372/5336 
f 1383/362/5337 1384/361/5338 1396/374/5339 1395/375/5340 
f 1384/361/5341 1385/363/5342 1397/376/5343 1396/374/5344 
f 1385/363/5345 1386/364/5346 1398/377/5347 1397/376/5348 
f 1386/364/5349 1387/365/5350 1399/378/5351 1398/377/5352 
f 1387/365/5353 1388/366/5354 1400/379/5355 1399/378/5356 
f 1388/366/5357 1377/355/5358 1389/368/5359 1400/379/5360 
f 1389/368/5361 1390/367/5362 1402/380/5363 1401/381/5364 
f 1390/367/5365 1391/369/5366 1403/382/5367 1402/380/5368 
f 1391/369/5369 1392/370/5370 1404/383/5371 1403/382/5372 
f 1392/370/5373 1393/371/5374 1405/384/5375 1404/383/5376 
f 1393/371/5377 1394/372/5378 1406/385/5379 1405/384/5380 
f 1394/372/5381 1395/373/5382 1407/386/5383 1406/385/5384 
f 1395/375/5385 1396/374/5386 1408/387/5387 1407/388/5388 
f 1396/374/5389 1397/376/5390 1409/389/5391 1408/387/5392 
f 1397/376/5393 1398/377/5394 1410/390/5395 1409/389/5396 
f 1398/377/5397 1399/378/5398 1411/391/5399 1410/390/5400 
f 1399/378/5401 1400/379/5402 1412/392/5403 1411/391/5404 
f 1400/379/5405 1389/368/5406 1401/381/5407 1412/392/5408 
f 1401/381/5409 1402/380/5410 1414/393/5411 1413/394/5412 
f 1402/380/5413 1403/382/5414 1415/395/5415 1414/393/5416 
f 1403/382/5417 1404/383/5418 1416/396/5419 1415/395/5420 
f 1404/383/5421 1405/384/5422 1417/397/5423 1416/396/5424 
f 1405/384/5425 1406/385/5426 1418/398/5427 1417/397/5428 
f 1406/385/5429 1407/386/5430 1419/399/5431 1418/398/5432 
f 1407/388/5433 1408/387/5434 1420/400/5435 1419/401/5436 
f 1408/387/5437 1409/389/5438 1421/402/5439 1420/400/5440 
f 1409/389/5441 1410/390/5442 1422/403/5443 1421/402/5444 
f 1410/390/5445 1411/391/5446 1423/404/5447 1422/403/5448 
f 1411/391/5449 1412/392/5450 1424/405/5451 1423/404/5452 
f 1412/392/5453 1401/381/5454 1413/394/5455 1424/405/5456 
f 1413/394/5457 1414/393/5458 1426/406/5459 1425/407/5460 
f 1414/393/5461 1415/395/5462 1427/408/5463 1426/406/5464 
f 1415/395/5465 1416/396/5466 1428/409/5467 1427/408/5468 
f 1416/396/5469 1417/397/5470 1429/410/5471 1428/409/5472 
f 1417/397/5473 1418/398/5474 1430/411/5475 1429/410/5476 
f 1418/398/5477 1419/399/5478 1431/412/5479 1430/411/5480 
f 1419/401/5481 1420/400/5482 1432/413/5483 1431/414/5484 
f 1420/400/5485 1421/402/5486 1433/415/5487 1432/413/5488 
f 1421/402/5489 1422/403/5490 1434/416/5491 1433/415/5492 
f 1422/403/5493 1423/404/5494 1435/417/5495 1434/416/5496 
f 1423/404/5497 1424/405/5498 1436/418/5499 1435/417/5500 
f 1424/405/5501 1413/394/5502 1425/407/5503 1436/418/5504 
f 1425/407/5505 1426/406/5506 1438/419/5507 1437/420/5508 
f 1426/406/5509 1427/408/5510 1439/421/5511 1438/419/5512 
f 1427/408/5513 1428/409/5514 1440/422/5515 1439/421/5516 
f 1428/409/5517 1429/410/5518 1441/423/5519 1440/422/5520 
f 1429/410/5521 1430/411/5522 1442/424/5523 1441/423/5524 
f 1430/411/5525 1431/412/5526 1443/425/5527 1442/424/5528 
f 1431/414/5529 1432/413/5530 1444/426/5531 1443/427/5532 
f 1432/413/5533 1433/415/5534 1445/428/5535 1444/426/5536 
f 1433/415/5537 1434/416/5538 1446/429/5539 1445/428/5540 
f 1434/416/5541 1435/417/5542 1447/430/5543 1446/429/5544 
f 1435/417/5545 1436/418/5546 1448/431/5547 1447/430/5548 
f 1436/418/5549 1425/407/5550 1437/420/5551 1448/431/5552 
f 1437/420/5553 1438/419/5554 1450/432/5555 1449/433/5556 
f 1438/419/5557 1439/421/5558 1451/434/5559 1450/432/5560 
f 1439/421/5561 1440/422/5562 1452/435/5563 1451/434/5564 
f 1440/422/5565 1441/423/5566 1453/436/5567 1452/435/5568 
f 1441/423/5569 1442/424/5570 1454/437/5571 1453/436/5572 
f 1442/424/5573 1443/425/5574 1455/438/5575 1454/437/5576 
f 1443/427/5577 1444/426/5578 1456/439/5579 1455/440/5580 
f 1444/426/5581 1445/428/5582 1457/441/5583 1456/439/5584 
f 1445/428/5585 1446/429/5586 1458/442/5587 1457/441/5588 
f 1446/429/5589 1447/430/5590 1459/443/5591 1458/442/5592 
f 1447/430/5593 1448/431/5594 1460/444/5595 1459/443/5596 
f 1448/431/5597 1437/420/5598 1449/433/5599 1460/444/5600 
f 1449/433/5601 1450/432/5602 1462/445/5603 1461/446/5604 
f 1450/432/5605 1451/434/5606 1463/447/5607 1462/445/5608 
f 1451/434/5609 1452/435/5610 1464/448/5611 1463/447/5612 
f 1452/435/5613 1453/436/5614 1465/449/5615 1464/448/5616 
f 1453/436/5617 1454/437/5618 1466/450/5619 1465/449/5620 
f 1454/437/5621 1455/438/5622 1467/451/5623 1466/450/5624 
f 1455/440/5625 1456/439/5626 1468/452/5627 1467/453/5628 
f 1456/439/5629 1457/441/5630 1469/454/5631 1468/452/5632 
f 1457/441/5633 1458/442/5634 1470/455/5635 1469/454/5636 
f 1458/442/5637 1459/443/5638 1471/456/5639 1470/455/5640 
f 1459/443/5641 1460/444/5642 1472/457/5643 1471/456/5644 
f 1460/444/5645 1449/433/5646 1461/446/5647 1472/457/5648 
f 1461/446/5649 1462/445/5650 1126/82/5651 1125/81/5652 
f 1462/445/5653 1463/447/5654 1127/85/5655 1126/82/5656 
f 1463/447/5657 1464/448/5658 1128/87/5659 1127/85/5660 
f 1464/448/5661 1465/449/5662 1129/89/5663 1128/87/5664 
f 1465/449/5665 1466/450/5666 1130/91/5667 1129/89/5668 
f 1466/450/5669 1467/451/5670 1131/93/5671 1130/91/5672 
f 1467/453/5673 1468/452/5674 1132/96/5675 1131/95/5676 
f 1468/452/5677 1469/454/5678 1133/99/5679 1132/96/5680 
f 1469/454/5681 1470/455/5682 1134/101/5683 1133/99/5684 
f 1470/455/5685 1471/456/5686 1135/103/5687 1134/101/5688 
f 1471/456/5689 1472/457/5690 1136/105/5691 1135/103/5692 
f 1472/457/5693 1461/446/5694 1125/81/5695 1136/105/5696 
s 2
f 1474/1684/5697 1483/1685/5698 1484/1686/5699 1473/1687/5700 
f 1486/1688/5701 1489/1689/5702 1490/1690/5703 1485/1691/5704 
f 1498/458/5705 1499/459/5706 1508/460/5707 1497/461/5708 
f 1510/462/5709 1519/463/5710 1520/464/5711 1509/465/5712 
s 1
f 945/1490/5713 946/1489/5714 1474/1692/5715 1473/1693/5716 
f 946/1489/5717 947/1491/5718 1475/1694/5719 1474/1692/5720 
f 947/1491/5721 948/1492/5722 1476/1695/5723 1475/1694/5724 
f 948/1492/5725 949/1493/5726 1477/1696/5727 1476/1695/5728 
f 949/1493/5729 950/1494/5730 1478/1721/5731 1477/1696/5732 
f 950/1494/5733 951/1495/5734 1479/1722/5735 1478/1721/5736 
f 951/1497/5737 952/1496/5738 1480/1723/5739 1479/1724/5740 
f 952/1496/5741 953/1498/5742 1481/1725/5743 1480/1723/5744 
f 953/1498/5745 954/1499/5746 1482/1726/5747 1481/1725/5748 
f 954/1499/5749 955/1500/5750 1483/1727/5751 1482/1726/5752 
f 955/1500/5753 956/1501/5754 1484/1728/5755 1483/1727/5756 
f 956/1501/5757 945/1490/5758 1473/1693/5759 1484/1728/5760 
f 958/1503/5761 957/1502/5762 1486/1729/5763 1485/1730/5764 
f 957/1502/5765 968/1526/5766 1487/1731/5767 1486/1729/5768 
f 968/1526/5769 967/1524/5770 1488/1732/5771 1487/1731/5772 
f 967/1524/5773 966/1522/5774 1489/1733/5775 1488/1732/5776 
f 966/1522/5777 965/1520/5778 1490/1734/5779 1489/1733/5780 
f 965/1520/5781 964/1517/5782 1491/1735/5783 1490/1734/5784 
f 964/1517/5785 963/1516/5786 1492/1736/5787 1491/1735/5788 
f 963/1514/5789 962/1512/5790 1493/1737/5791 1492/1738/5792 
f 962/1512/5793 961/1510/5794 1494/1739/5795 1493/1737/5796 
f 961/1510/5797 960/1508/5798 1495/1740/5799 1494/1739/5800 
f 960/1508/5801 959/1506/5802 1496/1741/5803 1495/1740/5804 
f 959/1506/5805 958/1503/5806 1485/1730/5807 1496/1741/5808 
f 1293/264/5809 1294/263/5810 1498/466/5811 1497/467/5812 
f 1294/263/5813 1295/265/5814 1499/468/5815 1498/466/5816 
f 1295/265/5817 1296/266/5818 1500/469/5819 1499/468/5820 
f 1296/266/5821 1297/267/5822 1501/470/5823 1500/469/5824 
f 1297/267/5825 1298/268/5826 1502/861/5827 1501/470/5828 
f 1298/268/5829 1299/269/5830 1503/862/5831 1502/861/5832 
f 1299/271/5833 1300/270/5834 1504/863/5835 1503/864/5836 
f 1300/270/5837 1301/272/5838 1505/865/5839 1504/863/5840 
f 1301/272/5841 1302/273/5842 1506/866/5843 1505/865/5844 
f 1302/273/5845 1303/274/5846 1507/867/5847 1506/866/5848 
f 1303/274/5849 1304/275/5850 1508/868/5851 1507/867/5852 
f 1304/275/5853 1293/264/5854 1497/467/5855 1508/868/5856 
f 1306/277/5857 1305/276/5858 1510/869/5859 1509/870/5860 
f 1305/276/5861 1316/300/5862 1511/871/5863 1510/869/5864 
f 1316/300/5865 1315/298/5866 1512/872/5867 1511/871/5868 
f 1315/298/5869 1314/296/5870 1513/873/5871 1512/872/5872 
f 1314/296/5873 1313/294/5874 1514/874/5875 1513/873/5876 
f 1313/294/5877 1312/291/5878 1515/875/5879 1514/874/5880 
f 1312/291/5881 1311/290/5882 1516/876/5883 1515/875/5884 
f 1311/288/5885 1310/286/5886 1517/877/5887 1516/878/5888 
f 1310/286/5889 1309/284/5890 1518/879/5891 1517/877/5892 
f 1309/284/5893 1308/282/5894 1519/880/5895 1518/879/5896 
f 1308/282/5897 1307/280/5898 1520/881/5899 1519/880/5900 
f 1307/280/5901 1306/277/5902 1509/870/5903 1520/881/5904 
f 1521/2143/5905 1522/2144/5906 1534/2145/5907 1533/2146/5908 
f 1522/2144/5909 1523/2147/5910 1535/2148/5911 1534/2145/5912 
f 1523/2147/5913 1524/2149/5914 1536/2150/5915 1535/2148/5916 
f 1524/2149/5917 1525/2151/5918 1537/2152/5919 1536/2150/5920 
f 1525/2151/5921 1526/2153/5922 1538/2154/5923 1537/2152/5924 
f 1526/2153/5925 1527/2155/5926 1539/2156/5927 1538/2154/5928 
f 1527/2157/5929 1528/2158/5930 1540/2159/5931 1539/2160/5932 
f 1528/2158/5933 1529/2161/5934 1541/2162/5935 1540/2159/5936 
f 1529/2161/5937 1530/2163/5938 1542/2164/5939 1541/2162/5940 
f 1530/2163/5941 1531/2165/5942 1543/2166/5943 1542/2164/5944 
f 1531/2165/5945 1532/2167/5946 1544/2168/5947 1543/2166/5948 
f 1532/2167/5949 1521/2143/5950 1533/2146/5951 1544/2168/5952 
f 1533/2146/5953 1534/2145/5954 1546/2169/5955 1545/2170/5956 
f 1534/2145/5957 1535/2148/5958 1547/2171/5959 1546/2169/5960 
f 1535/2148/5961 1536/2150/5962 1548/2172/5963 1547/2171/5964 
f 1536/2150/5965 1537/2152/5966 1549/2173/5967 1548/2172/5968 
f 1537/2152/5969 1538/2154/5970 1550/2174/5971 1549/2173/5972 
f 1538/2154/5973 1539/2156/5974 1551/2175/5975 1550/2174/5976 
f 1539/2160/5977 1540/2159/5978 1552/2176/5979 1551/2177/5980 
f 1540/2159/5981 1541/2162/5982 1553/2178/5983 1552/2176/5984 
f 1541/2162/5985 1542/2164/5986 1554/2179/5987 1553/2178/5988 
f 1542/2164/5989 1543/2166/5990 1555/2180/5991 1554/2179/5992 
f 1543/2166/5993 1544/2168/5994 1556/2181/5995 1555/2180/5996 
f 1544/2168/5997 1533/2146/5998 1545/2170/5999 1556/2181/6000 
f 1545/2170/6001 1546/2169/6002 1558/2182/6003 1557/2183/6004 
f 1546/2169/6005 1547/2171/6006 1559/2184/6007 1558/2182/6008 
f 1547/2171/6009 1548/2172/6010 1560/2185/6011 1559/2184/6012 
f 1548/2172/6013 1549/2173/6014 1561/2186/6015 1560/2185/6016 
f 1549/2173/6017 1550/2174/6018 1562/2187/6019 1561/2186/6020 
f 1550/2174/6021 1551/2175/6022 1563/2188/6023 1562/2187/6024 
f 1551/2177/6025 1552/2176/6026 1564/2189/6027 1563/2190/6028 
f 1552/2176/6029 1553/2178/6030 1565/2191/6031 1564/2189/6032 
f 1553/2178/6033 1554/2179/6034 1566/2192/6035 1565/2191/6036 
f 1554/2179/6037 1555/2180/6038 1567/2193/6039 1566/2192/6040 
f 1555/2180/6041 1556/2181/6042 1568/2194/6043 1567/2193/6044 
f 1556/2181/6045 1545/2170/6046 1557/2183/6047 1568/2194/6048 
f 1557/2183/6049 1558/2182/6050 1570/2195/6051 1569/2196/6052 
f 1558/2182/6053 1559/2184/6054 1571/2197/6055 1570/2195/6056 
f 1559/2184/6057 1560/2185/6058 1572/2198/6059 1571/2197/6060 
f 1560/2185/6061 1561/2186/6062 1573/2199/6063 1572/2198/6064 
f 1561/2186/6065 1562/2187/6066 1574/2200/6067 1573/2199/6068 
f 1562/2187/6069 1563/2188/6070 1575/2201/6071 1574/2200/6072 
f 1563/2190/6073 1564/2189/6074 1576/2202/6075 1575/2203/6076 
f 1564/2189/6077 1565/2191/6078 1577/2204/6079 1576/2202/6080 
f 1565/2191/6081 1566/2192/6082 1578/2205/6083 1577/2204/6084 
f 1566/2192/6085 1567/2193/6086 1579/2206/6087 1578/2205/6088 
f 1567/2193/6089 1568/2194/6090 1580/2207/6091 1579/2206/6092 
f 1568/2194/6093 1557/2183/6094 1569/2196/6095 1580/2207/6096 
f 1569/2196/6097 1570/2195/6098 1582/2208/6099 1581/2209/6100 
f 1570/2195/6101 1571/2197/6102 1583/2210/6103 1582/2208/6104 
f 1571/2197/6105 1572/2198/6106 1584/2211/6107 1583/2210/6108 
f 1572/2198/6109 1573/2199/6110 1585/2212/6111 1584/2211/6112 
f 1573/2199/6113 1574/2200/6114 1586/2213/6115 1585/2212/6116 
f 1574/2200/6117 1575/2201/6118 1587/2214/6119 1586/2213/6120 
f 1575/2203/6121 1576/2202/6122 1588/2215/6123 1587/2216/6124 
f 1576/2202/6125 1577/2204/6126 1589/2217/6127 1588/2215/6128 
f 1577/2204/6129 1578/2205/6130 1590/2218/6131 1589/2217/6132 
f 1578/2205/6133 1579/2206/6134 1591/2219/6135 1590/2218/6136 
f 1579/2206/6137 1580/2207/6138 1592/2220/6139 1591/2219/6140 
f 1580/2207/6141 1569/2196/6142 1581/2209/6143 1592/2220/6144 
f 1581/2209/6145 1582/2208/6146 1594/2221/6147 1593/2222/6148 
f 1582/2208/6149 1583/2210/6150 1595/2223/6151 1594/2221/6152 
f 1583/2210/6153 1584/2211/6154 1596/2224/6155 1595/2223/6156 
f 1584/2211/6157 1585/2212/6158 1597/2225/6159 1596/2224/6160 
f 1585/2212/6161 1586/2213/6162 1598/2226/6163 1597/2225/6164 
f 1586/2213/6165 1587/2214/6166 1599/2227/6167 1598/2226/6168 
f 1587/2216/6169 1588/2215/6170 1600/2228/6171 1599/2229/6172 
f 1588/2215/6173 1589/2217/6174 1601/2230/6175 1600/2228/6176 
f 1589/2217/6177 1590/2218/6178 1602/2231/6179 1601/2230/6180 
f 1590/2218/6181 1591/2219/6182 1603/2232/6183 1602/2231/6184 
f 1591/2219/6185 1592/2220/6186 1604/2233/6187 1603/2232/6188 
f 1592/2220/6189 1581/2209/6190 1593/2222/6191 1604/2233/6192 
f 1593/2222/6193 1594/2221/6194 1606/2234/6195 1605/2235/6196 
f 1594/2221/6197 1595/2223/6198 1607/2236/6199 1606/2234/6200 
f 1595/2223/6201 1596/2224/6202 1608/2237/6203 1607/2236/6204 
f 1596/2224/6205 1597/2225/6206 1609/2238/6207 1608/2237/6208 
f 1597/2225/6209 1598/2226/6210 1610/2239/6211 1609/2238/6212 
f 1598/2226/6213 1599/2227/6214 1611/2240/6215 1610/2239/6216 
f 1599/2229/6217 1600/2228/6218 1612/2241/6219 1611/2242/6220 
f 1600/2228/6221 1601/2230/6222 1613/2243/6223 1612/2241/6224 
f 1601/2230/6225 1602/2231/6226 1614/2244/6227 1613/2243/6228 
f 1602/2231/6229 1603/2232/6230 1615/2245/6231 1614/2244/6232 
f 1603/2232/6233 1604/2233/6234 1616/2246/6235 1615/2245/6236 
f 1604/2233/6237 1593/2222/6238 1605/2235/6239 1616/2246/6240 
f 1605/2235/6241 1606/2234/6242 1618/2247/6243 1617/2248/6244 
f 1606/2234/6245 1607/2236/6246 1619/2249/6247 1618/2247/6248 
f 1607/2236/6249 1608/2237/6250 1620/2250/6251 1619/2249/6252 
f 1608/2237/6253 1609/2238/6254 1621/2251/6255 1620/2250/6256 
f 1609/2238/6257 1610/2239/6258 1622/2252/6259 1621/2251/6260 
f 1610/2239/6261 1611/2240/6262 1623/2253/6263 1622/2252/6264 
f 1611/2242/6265 1612/2241/6266 1624/2254/6267 1623/2255/6268 
f 1612/2241/6269 1613/2243/6270 1625/2256/6271 1624/2254/6272 
f 1613/2243/6273 1614/2244/6274 1626/2257/6275 1625/2256/6276 
f 1614/2244/6277 1615/2245/6278 1627/2258/6279 1626/2257/6280 
f 1615/2245/6281 1616/2246/6282 1628/2259/6283 1627/2258/6284 
f 1616/2246/6285 1605/2235/6286 1617/2248/6287 1628/2259/6288 
f 1617/2248/6289 1618/2247/6290 1630/2260/6291 1629/2261/6292 
f 1618/2247/6293 1619/2249/6294 1631/2262/6295 1630/2260/6296 
f 1619/2249/6297 1620/2250/6298 1632/2263/6299 1631/2262/6300 
f 1620/2250/6301 1621/2251/6302 1633/2264/6303 1632/2263/6304 
f 1621/2251/6305 1622/2252/6306 1634/2265/6307 1633/2264/6308 
f 1622/2252/6309 1623/2253/6310 1635/2266/6311 1634/2265/6312 
f 1623/2255/6313 1624/2254/6314 1636/2267/6315 1635/2268/6316 
f 1624/2254/6317 1625/2256/6318 1637/2269/6319 1636/2267/6320 
f 1625/2256/6321 1626/2257/6322 1638/2270/6323 1637/2269/6324 
f 1626/2257/6325 1627/2258/6326 1639/2271/6327 1638/2270/6328 
f 1627/2258/6329 1628/2259/6330 1640/2272/6331 1639/2271/6332 
f 1628/2259/6333 1617/2248/6334 1629/2261/6335 1640/2272/6336 
f 1629/2261/6337 1630/2260/6338 1642/2273/6339 1641/2274/6340 
f 1630/2260/6341 1631/2262/6342 1643/2275/6343 1642/2273/6344 
f 1631/2262/6345 1632/2263/6346 1644/2276/6347 1643/2275/6348 
f 1632/2263/6349 1633/2264/6350 1645/2277/6351 1644/2276/6352 
f 1633/2264/6353 1634/2265/6354 1646/2278/6355 1645/2277/6356 
f 1634/2265/6357 1635/2266/6358 1647/2279/6359 1646/2278/6360 
f 1635/2268/6361 1636/2267/6362 1648/2280/6363 1647/2281/6364 
f 1636/2267/6365 1637/2269/6366 1649/2282/6367 1648/2280/6368 
f 1637/2269/6369 1638/2270/6370 1650/2283/6371 1649/2282/6372 
f 1638/2270/6373 1639/2271/6374 1651/2284/6375 1650/2283/6376 
f 1639/2271/6377 1640/2272/6378 1652/2285/6379 1651/2284/6380 
f 1640/2272/6381 1629/2261/6382 1641/2274/6383 1652/2285/6384 
f 1641/2274/6385 1642/2273/6386 1654/2286/6387 1653/2287/6388 
f 1642/2273/6389 1643/2275/6390 1655/2288/6391 1654/2286/6392 
f 1643/2275/6393 1644/2276/6394 1656/2289/6395 1655/2288/6396 
f 1644/2276/6397 1645/2277/6398 1657/2290/6399 1656/2289/6400 
f 1645/2277/6401 1646/2278/6402 1658/2291/6403 1657/2290/6404 
f 1646/2278/6405 1647/2279/6406 1659/2292/6407 1658/2291/6408 
f 1647/2281/6409 1648/2280/6410 1660/2293/6411 1659/2294/6412 
f 1648/2280/6413 1649/2282/6414 1661/2295/6415 1660/2293/6416 
f 1649/2282/6417 1650/2283/6418 1662/2296/6419 1661/2295/6420 
f 1650/2283/6421 1651/2284/6422 1663/2297/6423 1662/2296/6424 
f 1651/2284/6425 1652/2285/6426 1664/2298/6427 1663/2297/6428 
f 1652/2285/6429 1641/2274/6430 1653/2287/6431 1664/2298/6432 
f 1653/2287/6433 1654/2286/6434 1666/2299/6435 1665/2300/6436 
f 1654/2286/6437 1655/2288/6438 1667/2301/6439 1666/2299/6440 
f 1655/2288/6441 1656/2289/6442 1668/2302/6443 1667/2301/6444 
f 1656/2289/6445 1657/2290/6446 1669/2303/6447 1668/2302/6448 
f 1657/2290/6449 1658/2291/6450 1670/2304/6451 1669/2303/6452 
f 1658/2291/6453 1659/2292/6454 1671/2305/6455 1670/2304/6456 
f 1659/2294/6457 1660/2293/6458 1672/2306/6459 1671/2307/6460 
f 1660/2293/6461 1661/2295/6462 1673/2308/6463 1672/2306/6464 
f 1661/2295/6465 1662/2296/6466 1674/2309/6467 1673/2308/6468 
f 1662/2296/6469 1663/2297/6470 1675/2310/6471 1674/2309/6472 
f 1663/2297/6473 1664/2298/6474 1676/2311/6475 1675/2310/6476 
f 1664/2298/6477 1653/2287/6478 1665/2300/6479 1676/2311/6480 
f 1665/2300/6481 1666/2299/6482 1678/2312/6483 1677/2313/6484 
f 1666/2299/6485 1667/2301/6486 1679/2314/6487 1678/2312/6488 
f 1667/2301/6489 1668/2302/6490 1680/2315/6491 1679/2314/6492 
f 1668/2302/6493 1669/2303/6494 1681/2316/6495 1680/2315/6496 
f 1669/2303/6497 1670/2304/6498 1682/2317/6499 1681/2316/6500 
f 1670/2304/6501 1671/2305/6502 1683/2318/6503 1682/2317/6504 
f 1671/2307/6505 1672/2306/6506 1684/2319/6507 1683/2320/6508 
f 1672/2306/6509 1673/2308/6510 1685/2321/6511 1684/2319/6512 
f 1673/2308/6513 1674/2309/6514 1686/2322/6515 1685/2321/6516 
f 1674/2309/6517 1675/2310/6518 1687/2323/6519 1686/2322/6520 
f 1675/2310/6521 1676/2311/6522 1688/2324/6523 1687/2323/6524 
f 1676/2311/6525 1665/2300/6526 1677/2313/6527 1688/2324/6528 
f 1677/2313/6529 1678/2312/6530 1690/2325/6531 1689/2326/6532 
f 1678/2312/6533 1679/2314/6534 1691/2327/6535 1690/2325/6536 
f 1679/2314/6537 1680/2315/6538 1692/2328/6539 1691/2327/6540 
f 1680/2315/6541 1681/2316/6542 1693/2329/6543 1692/2328/6544 
f 1681/2316/6545 1682/2317/6546 1694/2330/6547 1693/2329/6548 
f 1682/2317/6549 1683/2318/6550 1695/2331/6551 1694/2330/6552 
f 1683/2320/6553 1684/2319/6554 1696/2332/6555 1695/2333/6556 
f 1684/2319/6557 1685/2321/6558 1697/2334/6559 1696/2332/6560 
f 1685/2321/6561 1686/2322/6562 1698/2335/6563 1697/2334/6564 
f 1686/2322/6565 1687/2323/6566 1699/2336/6567 1698/2335/6568 
f 1687/2323/6569 1688/2324/6570 1700/2337/6571 1699/2336/6572 
f 1688/2324/6573 1677/2313/6574 1689/2326/6575 1700/2337/6576 
f 1701/2338/6577 1702/2339/6578 1714/2340/6579 1713/2341/6580 
f 1702/2339/6581 1703/2342/6582 1715/2343/6583 1714/2340/6584 
f 1703/2342/6585 1704/2344/6586 1716/2345/6587 1715/2343/6588 
f 1704/2344/6589 1705/2346/6590 1717/2347/6591 1716/2345/6592 
f 1705/2346/6593 1706/2348/6594 1718/2349/6595 1717/2347/6596 
f 1706/2348/6597 1707/2350/6598 1719/2351/6599 1718/2349/6600 
f 1707/2352/6601 1708/2353/6602 1720/2354/6603 1719/2355/6604 
f 1708/2353/6605 1709/2356/6606 1721/2357/6607 1720/2354/6608 
f 1709/2356/6609 1710/2358/6610 1722/2359/6611 1721/2357/6612 
f 1710/2358/6613 1711/2360/6614 1723/2361/6615 1722/2359/6616 
f 1711/2360/6617 1712/2362/6618 1724/2363/6619 1723/2361/6620 
f 1712/2362/6621 1701/2338/6622 1713/2341/6623 1724/2363/6624 
f 1713/2341/6625 1714/2340/6626 1726/2364/6627 1725/2365/6628 
f 1714/2340/6629 1715/2343/6630 1727/2366/6631 1726/2364/6632 
f 1715/2343/6633 1716/2345/6634 1728/2367/6635 1727/2366/6636 
f 1716/2345/6637 1717/2347/6638 1729/2368/6639 1728/2367/6640 
f 1717/2347/6641 1718/2349/6642 1730/2369/6643 1729/2368/6644 
f 1718/2349/6645 1719/2351/6646 1731/2370/6647 1730/2369/6648 
f 1719/2355/6649 1720/2354/6650 1732/2371/6651 1731/2372/6652 
f 1720/2354/6653 1721/2357/6654 1733/2373/6655 1732/2371/6656 
f 1721/2357/6657 1722/2359/6658 1734/2374/6659 1733/2373/6660 
f 1722/2359/6661 1723/2361/6662 1735/2375/6663 1734/2374/6664 
f 1723/2361/6665 1724/2363/6666 1736/2376/6667 1735/2375/6668 
f 1724/2363/6669 1713/2341/6670 1725/2365/6671 1736/2376/6672 
f 1725/2365/6673 1726/2364/6674 1738/2377/6675 1737/2378/6676 
f 1726/2364/6677 1727/2366/6678 1739/2379/6679 1738/2377/6680 
f 1727/2366/6681 1728/2367/6682 1740/2380/6683 1739/2379/6684 
f 1728/2367/6685 1729/2368/6686 1741/2381/6687 1740/2380/6688 
f 1729/2368/6689 1730/2369/6690 1742/2382/6691 1741/2381/6692 
f 1730/2369/6693 1731/2370/6694 1743/2383/6695 1742/2382/6696 
f 1731/2372/6697 1732/2371/6698 1744/2384/6699 1743/2385/6700 
f 1732/2371/6701 1733/2373/6702 1745/2386/6703 1744/2384/6704 
f 1733/2373/6705 1734/2374/6706 1746/2387/6707 1745/2386/6708 
f 1734/2374/6709 1735/2375/6710 1747/2388/6711 1746/2387/6712 
f 1735/2375/6713 1736/2376/6714 1748/2389/6715 1747/2388/6716 
f 1736/2376/6717 1725/2365/6718 1737/2378/6719 1748/2389/6720 
f 1737/2378/6721 1738/2377/6722 1750/2390/6723 1749/2391/6724 
f 1738/2377/6725 1739/2379/6726 1751/2392/6727 1750/2390/6728 
f 1739/2379/6729 1740/2380/6730 1752/2393/6731 1751/2392/6732 
f 1740/2380/6733 1741/2381/6734 1753/2394/6735 1752/2393/6736 
f 1741/2381/6737 1742/2382/6738 1754/2395/6739 1753/2394/6740 
f 1742/2382/6741 1743/2383/6742 1755/2396/6743 1754/2395/6744 
f 1743/2385/6745 1744/2384/6746 1756/2397/6747 1755/2398/6748 
f 1744/2384/6749 1745/2386/6750 1757/2399/6751 1756/2397/6752 
f 1745/2386/6753 1746/2387/6754 1758/2400/6755 1757/2399/6756 
f 1746/2387/6757 1747/2388/6758 1759/2401/6759 1758/2400/6760 
f 1747/2388/6761 1748/2389/6762 1760/2402/6763 1759/2401/6764 
f 1748/2389/6765 1737/2378/6766 1749/2391/6767 1760/2402/6768 
f 1749/2391/6769 1750/2390/6770 1762/2403/6771 1761/2404/6772 
f 1750/2390/6773 1751/2392/6774 1763/2405/6775 1762/2403/6776 
f 1751/2392/6777 1752/2393/6778 1764/2406/6779 1763/2405/6780 
f 1752/2393/6781 1753/2394/6782 1765/2407/6783 1764/2406/6784 
f 1753/2394/6785 1754/2395/6786 1766/2408/6787 1765/2407/6788 
f 1754/2395/6789 1755/2396/6790 1767/2409/6791 1766/2408/6792 
f 1755/2398/6793 1756/2397/6794 1768/2410/6795 1767/2411/6796 
f 1756/2397/6797 1757/2399/6798 1769/2412/6799 1768/2410/6800 
f 1757/2399/6801 1758/2400/6802 1770/2413/6803 1769/2412/6804 
f 1758/2400/6805 1759/2401/6806 1771/2414/6807 1770/2413/6808 
f 1759/2401/6809 1760/2402/6810 1772/2415/6811 1771/2414/6812 
f 1760/2402/6813 1749/2391/6814 1761/2404/6815 1772/2415/6816 
f 1761/2404/6817 1762/2403/6818 1774/2416/6819 1773/2417/6820 
f 1762/2403/6821 1763/2405/6822 1775/2418/6823 1774/2416/6824 
f 1763/2405/6825 1764/2406/6826 1776/2419/6827 1775/2418/6828 
f 1764/2406/6829 1765/2407/6830 1777/2420/6831 1776/2419/6832 
f 1765/2407/6833 1766/2408/6834 1778/2421/6835 1777/2420/6836 
f 1766/2408/6837 1767/2409/6838 1779/2422/6839 1778/2421/6840 
f 1767/2411/6841 1768/2410/6842 1780/2423/6843 1779/2424/6844 
f 1768/2410/6845 1769/2412/6846 1781/2425/6847 1780/2423/6848 
f 1769/2412/6849 1770/2413/6850 1782/2426/6851 1781/2425/6852 
f 1770/2413/6853 1771/2414/6854 1783/2427/6855 1782/2426/6856 
f 1771/2414/6857 1772/2415/6858 1784/2428/6859 1783/2427/6860 
f 1772/2415/6861 1761/2404/6862 1773/2417/6863 1784/2428/6864 
f 1773/2417/6865 1774/2416/6866 1786/2429/6867 1785/2430/6868 
f 1774/2416/6869 1775/2418/6870 1787/2431/6871 1786/2429/6872 
f 1775/2418/6873 1776/2419/6874 1788/2432/6875 1787/2431/6876 
f 1776/2419/6877 1777/2420/6878 1789/2433/6879 1788/2432/6880 
f 1777/2420/6881 1778/2421/6882 1790/2434/6883 1789/2433/6884 
f 1778/2421/6885 1779/2422/6886 1791/2435/6887 1790/2434/6888 
f 1779/2424/6889 1780/2423/6890 1792/2436/6891 1791/2437/6892 
f 1780/2423/6893 1781/2425/6894 1793/2438/6895 1792/2436/6896 
f 1781/2425/6897 1782/2426/6898 1794/2439/6899 1793/2438/6900 
f 1782/2426/6901 1783/2427/6902 1795/2440/6903 1794/2439/6904 
f 1783/2427/6905 1784/2428/6906 1796/2441/6907 1795/2440/6908 
f 1784/2428/6909 1773/2417/6910 1785/2430/6911 1796/2441/6912 
f 1785/2430/6913 1786/2429/6914 1798/2442/6915 1797/2443/6916 
f 1786/2429/6917 1787/2431/6918 1799/2444/6919 1798/2442/6920 
f 1787/2431/6921 1788/2432/6922 1800/2445/6923 1799/2444/6924 
f 1788/2432/6925 1789/2433/6926 1801/2446/6927 1800/2445/6928 
f 1789/2433/6929 1790/2434/6930 1802/2447/6931 1801/2446/6932 
f 1790/2434/6933 1791/2435/6934 1803/2448/6935 1802/2447/6936 
f 1791/2437/6937 1792/2436/6938 1804/2449/6939 1803/2450/6940 
f 1792/2436/6941 1793/2438/6942 1805/2451/6943 1804/2449/6944 
f 1793/2438/6945 1794/2439/6946 1806/2452/6947 1805/2451/6948 
f 1794/2439/6949 1795/2440/6950 1807/2453/6951 1806/2452/6952 
f 1795/2440/6953 1796/2441/6954 1808/2454/6955 1807/2453/6956 
f 1796/2441/6957 1785/2430/6958 1797/2443/6959 1808/2454/6960 
f 1797/2443/6961 1798/2442/6962 1810/2455/6963 1809/2456/6964 
f 1798/2442/6965 1799/2444/6966 1811/2457/6967 1810/2455/6968 
f 1799/2444/6969 1800/2445/6970 1812/2458/6971 1811/2457/6972 
f 1800/2445/6973 1801/2446/6974 1813/2459/6975 1812/2458/6976 
f 1801/2446/6977 1802/2447/6978 1814/2460/6979 1813/2459/6980 
f 1802/2447/6981 1803/2448/6982 1815/2461/6983 1814/2460/6984 
f 1803/2450/6985 1804/2449/6986 1816/2462/6987 1815/2463/6988 
f 1804/2449/6989 1805/2451/6990 1817/2464/6991 1816/2462/6992 
f 1805/2451/6993 1806/2452/6994 1818/2465/6995 1817/2464/6996 
f 1806/2452/6997 1807/2453/6998 1819/2466/6999 1818/2465/7000 
f 1807/2453/7001 1808/2454/7002 1820/2467/7003 1819/2466/7004 
f 1808/2454/7005 1797/2443/7006 1809/2456/7007 1820/2467/7008 
f 1809/2456/7009 1810/2455/7010 1822/2468/7011 1821/2469/7012 
f 1810/2455/7013 1811/2457/7014 1823/2470/7015 1822/2468/7016 
f 1811/2457/7017 1812/2458/7018 1824/2471/7019 1823/2470/7020 
f 1812/2458/7021 1813/2459/7022 1825/2472/7023 1824/2471/7024 
f 1813/2459/7025 1814/2460/7026 1826/2473/7027 1825/2472/7028 
f 1814/2460/7029 1815/2461/7030 1827/2474/7031 1826/2473/7032 
f 1815/2463/7033 1816/2462/7034 1828/2475/7035 1827/2476/7036 
f 1816/2462/7037 1817/2464/7038 1829/2477/7039 1828/2475/7040 
f 1817/2464/7041 1818/2465/7042 1830/2478/7043 1829/2477/7044 
f 1818/2465/7045 1819/2466/7046 1831/2479/7047 1830/2478/7048 
f 1819/2466/7049 1820/2467/7050 1832/2480/7051 1831/2479/7052 
f 1820/2467/7053 1809/2456/7054 1821/2469/7055 1832/2480/7056 
f 1821/2469/7057 1822/2468/7058 1834/2481/7059 1833/2482/7060 
f 1822/2468/7061 1823/2470/7062 1835/2483/7063 1834/2481/7064 
f 1823/2470/7065 1824/2471/7066 1836/2484/7067 1835/2483/7068 
f 1824/2471/7069 1825/2472/7070 1837/2485/7071 1836/2484/7072 
f 1825/2472/7073 1826/2473/7074 1838/2486/7075 1837/2485/7076 
f 1826/2473/7077 1827/2474/7078 1839/2487/7079 1838/2486/7080 
f 1827/2476/7081 1828/2475/7082 1840/2488/7083 1839/2489/7084 
f 1828/2475/7085 1829/2477/7086 1841/2490/7087 1840/2488/7088 
f 1829/2477/7089 1830/2478/7090 1842/2491/7091 1841/2490/7092 
f 1830/2478/7093 1831/2479/7094 1843/2492/7095 1842/2491/7096 
f 1831/2479/7097 1832/2480/7098 1844/2493/7099 1843/2492/7100 
f 1832/2480/7101 1821/2469/7102 1833/2482/7103 1844/2493/7104 
f 1833/2482/7105 1834/2481/7106 1846/2494/7107 1845/2495/7108 
f 1834/2481/7109 1835/2483/7110 1847/2496/7111 1846/2494/7112 
f 1835/2483/7113 1836/2484/7114 1848/2497/7115 1847/2496/7116 
f 1836/2484/7117 1837/2485/7118 1849/2498/7119 1848/2497/7120 
f 1837/2485/7121 1838/2486/7122 1850/2499/7123 1849/2498/7124 
f 1838/2486/7125 1839/2487/7126 1851/2500/7127 1850/2499/7128 
f 1839/2489/7129 1840/2488/7130 1852/2501/7131 1851/2502/7132 
f 1840/2488/7133 1841/2490/7134 1853/2503/7135 1852/2501/7136 
f 1841/2490/7137 1842/2491/7138 1854/2504/7139 1853/2503/7140 
f 1842/2491/7141 1843/2492/7142 1855/2505/7143 1854/2504/7144 
f 1843/2492/7145 1844/2493/7146 1856/2506/7147 1855/2505/7148 
f 1844/2493/7149 1833/2482/7150 1845/2495/7151 1856/2506/7152 
f 1845/2495/7153 1846/2494/7154 1858/2507/7155 1857/2508/7156 
f 1846/2494/7157 1847/2496/7158 1859/2509/7159 1858/2507/7160 
f 1847/2496/7161 1848/2497/7162 1860/2510/7163 1859/2509/7164 
f 1848/2497/7165 1849/2498/7166 1861/2511/7167 1860/2510/7168 
f 1849/2498/7169 1850/2499/7170 1862/2512/7171 1861/2511/7172 
f 1850/2499/7173 1851/2500/7174 1863/2513/7175 1862/2512/7176 
f 1851/2502/7177 1852/2501/7178 1864/2514/7179 1863/2515/7180 
f 1852/2501/7181 1853/2503/7182 1865/2516/7183 1864/2514/7184 
f 1853/2503/7185 1854/2504/7186 1866/2517/7187 1865/2516/7188 
f 1854/2504/7189 1855/2505/7190 1867/2518/7191 1866/2517/7192 
f 1855/2505/7193 1856/2506/7194 1868/2519/7195 1867/2518/7196 
f 1856/2506/7197 1845/2495/7198 1857/2508/7199 1868/2519/7200 
f 1857/2508/7201 1858/2507/7202 1522/2144/7203 1521/2143/7204 
f 1858/2507/7205 1859/2509/7206 1523/2147/7207 1522/2144/7208 
f 1859/2509/7209 1860/2510/7210 1524/2149/7211 1523/2147/7212 
f 1860/2510/7213 1861/2511/7214 1525/2151/7215 1524/2149/7216 
f 1861/2511/7217 1862/2512/7218 1526/2153/7219 1525/2151/7220 
f 1862/2512/7221 1863/2513/7222 1527/2155/7223 1526/2153/7224 
f 1863/2515/7225 1864/2514/7226 1528/2158/7227 1527/2157/7228 
f 1864/2514/7229 1865/2516/7230 1529/2161/7231 1528/2158/7232 
f 1865/2516/7233 1866/2517/7234 1530/2163/7235 1529/2161/7236 
f 1866/2517/7237 1867/2518/7238 1531/2165/7239 1530/2163/7240 
f 1867/2518/7241 1868/2519/7242 1532/2167/7243 1531/2165/7244 
f 1868/2519/7245 1857/2508/7246 1521/2143/7247 1532/2167/7248 
f 1869/917/7249 1870/918/7250 1882/919/7251 1881/920/7252 
f 1870/918/7253 1871/921/7254 1883/922/7255 1882/919/7256 
f 1871/921/7257 1872/923/7258 1884/924/7259 1883/922/7260 
f 1872/923/7261 1873/925/7262 1885/926/7263 1884/924/7264 
f 1873/925/7265 1874/927/7266 1886/928/7267 1885/926/7268 
f 1874/927/7269 1875/929/7270 1887/930/7271 1886/928/7272 
f 1875/931/7273 1876/932/7274 1888/933/7275 1887/934/7276 
f 1876/932/7277 1877/935/7278 1889/936/7279 1888/933/7280 
f 1877/935/7281 1878/937/7282 1890/938/7283 1889/936/7284 
f 1878/937/7285 1879/939/7286 1891/940/7287 1890/938/7288 
f 1879/939/7289 1880/941/7290 1892/942/7291 1891/940/7292 
f 1880/941/7293 1869/917/7294 1881/920/7295 1892/942/7296 
f 1881/920/7297 1882/919/7298 1894/943/7299 1893/944/7300 
f 1882/919/7301 1883/922/7302 1895/945/7303 1894/943/7304 
f 1883/922/7305 1884/924/7306 1896/946/7307 1895/945/7308 
f 1884/924/7309 1885/926/7310 1897/947/7311 1896/946/7312 
f 1885/926/7313 1886/928/7314 1898/948/7315 1897/947/7316 
f 1886/928/7317 1887/930/7318 1899/949/7319 1898/948/7320 
f 1887/934/7321 1888/933/7322 1900/950/7323 1899/951/7324 
f 1888/933/7325 1889/936/7326 1901/952/7327 1900/950/7328 
f 1889/936/7329 1890/938/7330 1902/953/7331 1901/952/7332 
f 1890/938/7333 1891/940/7334 1903/954/7335 1902/953/7336 
f 1891/940/7337 1892/942/7338 1904/955/7339 1903/954/7340 
f 1892/942/7341 1881/920/7342 1893/944/7343 1904/955/7344 
f 1893/944/7345 1894/943/7346 1906/956/7347 1905/957/7348 
f 1894/943/7349 1895/945/7350 1907/958/7351 1906/956/7352 
f 1895/945/7353 1896/946/7354 1908/959/7355 1907/958/7356 
f 1896/946/7357 1897/947/7358 1909/960/7359 1908/959/7360 
f 1897/947/7361 1898/948/7362 1910/961/7363 1909/960/7364 
f 1898/948/7365 1899/949/7366 1911/962/7367 1910/961/7368 
f 1899/951/7369 1900/950/7370 1912/963/7371 1911/964/7372 
f 1900/950/7373 1901/952/7374 1913/965/7375 1912/963/7376 
f 1901/952/7377 1902/953/7378 1914/966/7379 1913/965/7380 
f 1902/953/7381 1903/954/7382 1915/967/7383 1914/966/7384 
f 1903/954/7385 1904/955/7386 1916/968/7387 1915/967/7388 
f 1904/955/7389 1893/944/7390 1905/957/7391 1916/968/7392 
f 1905/957/7393 1906/956/7394 1918/969/7395 1917/970/7396 
f 1906/956/7397 1907/958/7398 1919/971/7399 1918/969/7400 
f 1907/958/7401 1908/959/7402 1920/972/7403 1919/971/7404 
f 1908/959/7405 1909/960/7406 1921/973/7407 1920/972/7408 
f 1909/960/7409 1910/961/7410 1922/974/7411 1921/973/7412 
f 1910/961/7413 1911/962/7414 1923/975/7415 1922/974/7416 
f 1911/964/7417 1912/963/7418 1924/976/7419 1923/977/7420 
f 1912/963/7421 1913/965/7422 1925/978/7423 1924/976/7424 
f 1913/965/7425 1914/966/7426 1926/979/7427 1925/978/7428 
f 1914/966/7429 1915/967/7430 1927/980/7431 1926/979/7432 
f 1915/967/7433 1916/968/7434 1928/981/7435 1927/980/7436 
f 1916/968/7437 1905/957/7438 1917/970/7439 1928/981/7440 
f 1917/970/7441 1918/969/7442 1930/982/7443 1929/983/7444 
f 1918/969/7445 1919/971/7446 1931/984/7447 1930/982/7448 
f 1919/971/7449 1920/972/7450 1932/985/7451 1931/984/7452 
f 1920/972/7453 1921/973/7454 1933/986/7455 1932/985/7456 
f 1921/973/7457 1922/974/7458 1934/987/7459 1933/986/7460 
f 1922/974/7461 1923/975/7462 1935/988/7463 1934/987/7464 
f 1923/977/7465 1924/976/7466 1936/989/7467 1935/990/7468 
f 1924/976/7469 1925/978/7470 1937/991/7471 1936/989/7472 
f 1925/978/7473 1926/979/7474 1938/992/7475 1937/991/7476 
f 1926/979/7477 1927/980/7478 1939/993/7479 1938/992/7480 
f 1927/980/7481 1928/981/7482 1940/994/7483 1939/993/7484 
f 1928/981/7485 1917/970/7486 1929/983/7487 1940/994/7488 
f 1929/983/7489 1930/982/7490 1942/995/7491 1941/996/7492 
f 1930/982/7493 1931/984/7494 1943/997/7495 1942/995/7496 
f 1931/984/7497 1932/985/7498 1944/998/7499 1943/997/7500 
f 1932/985/7501 1933/986/7502 1945/999/7503 1944/998/7504 
f 1933/986/7505 1934/987/7506 1946/1000/7507 1945/999/7508 
f 1934/987/7509 1935/988/7510 1947/1001/7511 1946/1000/7512 
f 1935/990/7513 1936/989/7514 1948/1002/7515 1947/1003/7516 
f 1936/989/7517 1937/991/7518 1949/1004/7519 1948/1002/7520 
f 1937/991/7521 1938/992/7522 1950/1005/7523 1949/1004/7524 
f 1938/992/7525 1939/993/7526 1951/1006/7527 1950/1005/7528 
f 1939/993/7529 1940/994/7530 1952/1007/7531 1951/1006/7532 
f 1940/994/7533 1929/983/7534 1941/996/7535 1952/1007/7536 
f 1941/996/7537 1942/995/7538 1954/1008/7539 1953/1009/7540 
f 1942/995/7541 1943/997/7542 1955/1010/7543 1954/1008/7544 
f 1943/997/7545 1944/998/7546 1956/1011/7547 1955/1010/7548 
f 1944/998/7549 1945/999/7550 1957/1012/7551 1956/1011/7552 
f 1945/999/7553 1946/1000/7554 1958/1013/7555 1957/1012/7556 
f 1946/1000/7557 1947/1001/7558 1959/1014/7559 1958/1013/7560 
f 1947/1003/7561 1948/1002/7562 1960/1015/7563 1959/1016/7564 
f 1948/1002/7565 1949/1004/7566 1961/1017/7567 1960/1015/7568 
f 1949/1004/7569 1950/1005/7570 1962/1018/7571 1961/1017/7572 
f 1950/1005/7573 1951/1006/7574 1963/1019/7575 1962/1018/7576 
f 1951/1006/7577 1952/1007/7578 1964/1020/7579 1963/1019/7580 
f 1952/1007/7581 1941/996/7582 1953/1009/7583 1964/1020/7584 
f 1953/1009/7585 1954/1008/7586 1966/1021/7587 1965/1022/7588 
f 1954/1008/7589 1955/1010/7590 1967/1023/7591 1966/1021/7592 
f 1955/1010/7593 1956/1011/7594 1968/1024/7595 1967/1023/7596 
f 1956/1011/7597 1957/1012/7598 1969/1025/7599 1968/1024/7600 
f 1957/1012/7601 1958/1013/7602 1970/1026/7603 1969/1025/7604 
f 1958/1013/7605 1959/1014/7606 1971/1027/7607 1970/1026/7608 
f 1959/1016/7609 1960/1015/7610 1972/1028/7611 1971/1029/7612 
f 1960/1015/7613 1961/1017/7614 1973/1030/7615 1972/1028/7616 
f 1961/1017/7617 1962/1018/7618 1974/1031/7619 1973/1030/7620 
f 1962/1018/7621 1963/1019/7622 1975/1032/7623 1974/1031/7624 
f 1963/1019/7625 1964/1020/7626 1976/1033/7627 1975/1032/7628 
f 1964/1020/7629 1953/1009/7630 1965/1022/7631 1976/1033/7632 
f 1965/1022/7633 1966/1021/7634 1978/1034/7635 1977/1035/7636 
f 1966/1021/7637 1967/1023/7638 1979/1036/7639 1978/1034/7640 
f 1967/1023/7641 1968/1024/7642 1980/1037/7643 1979/1036/7644 
f 1968/1024/7645 1969/1025/7646 1981/1038/7647 1980/1037/7648 
f 1969/1025/7649 1970/1026/7650 1982/1039/7651 1981/1038/7652 
f 1970/1026/7653 1971/1027/7654 1983/1040/7655 1982/1039/7656 
f 1971/1029/7657 1972/1028/7658 1984/1041/7659 1983/1042/7660 
f 1972/1028/7661 1973/1030/7662 1985/1043/7663 1984/1041/7664 
f 1973/1030/7665 1974/1031/7666 1986/1044/7667 1985/1043/7668 
f 1974/1031/7669 1975/1032/7670 1987/1045/7671 1986/1044/7672 
f 1975/1032/7673 1976/1033/7674 1988/1046/7675 1987/1045/7676 
f 1976/1033/7677 1965/1022/7678 1977/1035/7679 1988/1046/7680 
f 1977/1035/7681 1978/1034/7682 1990/1047/7683 1989/1048/7684 
f 1978/1034/7685 1979/1036/7686 1991/1049/7687 1990/1047/7688 
f 1979/1036/7689 1980/1037/7690 1992/1050/7691 1991/1049/7692 
f 1980/1037/7693 1981/1038/7694 1993/1051/7695 1992/1050/7696 
f 1981/1038/7697 1982/1039/7698 1994/1052/7699 1993/1051/7700 
f 1982/1039/7701 1983/1040/7702 1995/1053/7703 1994/1052/7704 
f 1983/1042/7705 1984/1041/7706 1996/1054/7707 1995/1055/7708 
f 1984/1041/7709 1985/1043/7710 1997/1056/7711 1996/1054/7712 
f 1985/1043/7713 1986/1044/7714 1998/1057/7715 1997/1056/7716 
f 1986/1044/7717 1987/1045/7718 1999/1058/7719 1998/1057/7720 
f 1987/1045/7721 1988/1046/7722 2000/1059/7723 1999/1058/7724 
f 1988/1046/7725 1977/1035/7726 1989/1048/7727 2000/1059/7728 
f 1989/1048/7729 1990/1047/7730 2002/1060/7731 2001/1061/7732 
f 1990/1047/7733 1991/1049/7734 2003/1062/7735 2002/1060/7736 
f 1991/1049/7737 1992/1050/7738 2004/1063/7739 2003/1062/7740 
f 1992/1050/7741 1993/1051/7742 2005/1064/7743 2004/1063/7744 
f 1993/1051/7745 1994/1052/7746 2006/1065/7747 2005/1064/7748 
f 1994/1052/7749 1995/1053/7750 2007/1066/7751 2006/1065/7752 
f 1995/1055/7753 1996/1054/7754 2008/1067/7755 2007/1068/7756 
f 1996/1054/7757 1997/1056/7758 2009/1069/7759 2008/1067/7760 
f 1997/1056/7761 1998/1057/7762 2010/1070/7763 2009/1069/7764 
f 1998/1057/7765 1999/1058/7766 2011/1071/7767 2010/1070/7768 
f 1999/1058/7769 2000/1059/7770 2012/1072/7771 2011/1071/7772 
f 2000/1059/7773 1989/1048/7774 2001/1061/7775 2012/1072/7776 
f 2001/1061/7777 2002/1060/7778 2014/1073/7779 2013/1074/7780 
f 2002/1060/7781 2003/1062/7782 2015/1075/7783 2014/1073/7784 
f 2003/1062/7785 2004/1063/7786 2016/1076/7787 2015/1075/7788 
f 2004/1063/7789 2005/1064/7790 2017/1077/7791 2016/1076/7792 
f 2005/1064/7793 2006/1065/7794 2018/1078/7795 2017/1077/7796 
f 2006/1065/7797 2007/1066/7798 2019/1079/7799 2018/1078/7800 
f 2007/1068/7801 2008/1067/7802 2020/1080/7803 2019/1081/7804 
f 2008/1067/7805 2009/1069/7806 2021/1082/7807 2020/1080/7808 
f 2009/1069/7809 2010/1070/7810 2022/1083/7811 2021/1082/7812 
f 2010/1070/7813 2011/1071/7814 2023/1084/7815 2022/1083/7816 
f 2011/1071/7817 2012/1072/7818 2024/1085/7819 2023/1084/7820 
f 2012/1072/7821 2001/1061/7822 2013/1074/7823 2024/1085/7824 
f 2013/1074/7825 2014/1073/7826 2026/1086/7827 2025/1087/7828 
f 2014/1073/7829 2015/1075/7830 2027/1088/7831 2026/1086/7832 
f 2015/1075/7833 2016/1076/7834 2028/1089/7835 2027/1088/7836 
f 2016/1076/7837 2017/1077/7838 2029/1090/7839 2028/1089/7840 
f 2017/1077/7841 2018/1078/7842 2030/1091/7843 2029/1090/7844 
f 2018/1078/7845 2019/1079/7846 2031/1092/7847 2030/1091/7848 
f 2019/1081/7849 2020/1080/7850 2032/1093/7851 2031/1094/7852 
f 2020/1080/7853 2021/1082/7854 2033/1095/7855 2032/1093/7856 
f 2021/1082/7857 2022/1083/7858 2034/1096/7859 2033/1095/7860 
f 2022/1083/7861 2023/1084/7862 2035/1097/7863 2034/1096/7864 
f 2023/1084/7865 2024/1085/7866 2036/1098/7867 2035/1097/7868 
f 2024/1085/7869 2013/1074/7870 2025/1087/7871 2036/1098/7872 
f 2025/1087/7873 2026/1086/7874 2038/1099/7875 2037/1100/7876 
f 2026/1086/7877 2027/1088/7878 2039/1101/7879 2038/1099/7880 
f 2027/1088/7881 2028/1089/7882 2040/1102/7883 2039/1101/7884 
f 2028/1089/7885 2029/1090/7886 2041/1103/7887 2040/1102/7888 
f 2029/1090/7889 2030/1091/7890 2042/1104/7891 2041/1103/7892 
f 2030/1091/7893 2031/1092/7894 2043/1105/7895 2042/1104/7896 
f 2031/1094/7897 2032/1093/7898 2044/1106/7899 2043/1107/7900 
f 2032/1093/7901 2033/1095/7902 2045/1108/7903 2044/1106/7904 
f 2033/1095/7905 2034/1096/7906 2046/1109/7907 2045/1108/7908 
f 2034/1096/7909 2035/1097/7910 2047/1110/7911 2046/1109/7912 
f 2035/1097/7913 2036/1098/7914 2048/1111/7915 2047/1110/7916 
f 2036/1098/7917 2025/1087/7918 2037/1100/7919 2048/1111/7920 
f 2049/1112/7921 2050/1113/7922 2062/1114/7923 2061/1115/7924 
f 2050/1113/7925 2051/1116/7926 2063/1117/7927 2062/1114/7928 
f 2051/1116/7929 2052/1118/7930 2064/1119/7931 2063/1117/7932 
f 2052/1118/7933 2053/1120/7934 2065/1121/7935 2064/1119/7936 
f 2053/1120/7937 2054/1122/7938 2066/1123/7939 2065/1121/7940 
f 2054/1122/7941 2055/1124/7942 2067/1125/7943 2066/1123/7944 
f 2055/1126/7945 2056/1127/7946 2068/1128/7947 2067/1129/7948 
f 2056/1127/7949 2057/1130/7950 2069/1131/7951 2068/1128/7952 
f 2057/1130/7953 2058/1132/7954 2070/1133/7955 2069/1131/7956 
f 2058/1132/7957 2059/1134/7958 2071/1135/7959 2070/1133/7960 
f 2059/1134/7961 2060/1136/7962 2072/1137/7963 2071/1135/7964 
f 2060/1136/7965 2049/1112/7966 2061/1115/7967 2072/1137/7968 
f 2061/1115/7969 2062/1114/7970 2074/1138/7971 2073/1139/7972 
f 2062/1114/7973 2063/1117/7974 2075/1140/7975 2074/1138/7976 
f 2063/1117/7977 2064/1119/7978 2076/1141/7979 2075/1140/7980 
f 2064/1119/7981 2065/1121/7982 2077/1142/7983 2076/1141/7984 
f 2065/1121/7985 2066/1123/7986 2078/1143/7987 2077/1142/7988 
f 2066/1123/7989 2067/1125/7990 2079/1144/7991 2078/1143/7992 
f 2067/1129/7993 2068/1128/7994 2080/1145/7995 2079/1146/7996 
f 2068/1128/7997 2069/1131/7998 2081/1147/7999 2080/1145/8000 
f 2069/1131/8001 2070/1133/8002 2082/1148/8003 2081/1147/8004 
f 2070/1133/8005 2071/1135/8006 2083/1149/8007 2082/1148/8008 
f 2071/1135/8009 2072/1137/8010 2084/1150/8011 2083/1149/8012 
f 2072/1137/8013 2061/1115/8014 2073/1139/8015 2084/1150/8016 
f 2073/1139/8017 2074/1138/8018 2086/1151/8019 2085/1152/8020 
f 2074/1138/8021 2075/1140/8022 2087/1153/8023 2086/1151/8024 
f 2075/1140/8025 2076/1141/8026 2088/1154/8027 2087/1153/8028 
f 2076/1141/8029 2077/1142/8030 2089/1155/8031 2088/1154/8032 
f 2077/1142/8033 2078/1143/8034 2090/1156/8035 2089/1155/8036 
f 2078/1143/8037 2079/1144/8038 2091/1157/8039 2090/1156/8040 
f 2079/1146/8041 2080/1145/8042 2092/1158/8043 2091/1159/8044 
f 2080/1145/8045 2081/1147/8046 2093/1160/8047 2092/1158/8048 
f 2081/1147/8049 2082/1148/8050 2094/1161/8051 2093/1160/8052 
f 2082/1148/8053 2083/1149/8054 2095/1162/8055 2094/1161/8056 
f 2083/1149/8057 2084/1150/8058 2096/1163/8059 2095/1162/8060 
f 2084/1150/8061 2073/1139/8062 2085/1152/8063 2096/1163/8064 
f 2085/1152/8065 2086/1151/8066 2098/1164/8067 2097/1165/8068 
f 2086/1151/8069 2087/1153/8070 2099/1166/8071 2098/1164/8072 
f 2087/1153/8073 2088/1154/8074 2100/1167/8075 2099/1166/8076 
f 2088/1154/8077 2089/1155/8078 2101/1168/8079 2100/1167/8080 
f 2089/1155/8081 2090/1156/8082 2102/1169/8083 2101/1168/8084 
f 2090/1156/8085 2091/1157/8086 2103/1170/8087 2102/1169/8088 
f 2091/1159/8089 2092/1158/8090 2104/1171/8091 2103/1172/8092 
f 2092/1158/8093 2093/1160/8094 2105/1173/8095 2104/1171/8096 
f 2093/1160/8097 2094/1161/8098 2106/1174/8099 2105/1173/8100 
f 2094/1161/8101 2095/1162/8102 2107/1175/8103 2106/1174/8104 
f 2095/1162/8105 2096/1163/8106 2108/1176/8107 2107/1175/8108 
f 2096/1163/8109 2085/1152/8110 2097/1165/8111 2108/1176/8112 
f 2097/1165/8113 2098/1164/8114 2110/1177/8115 2109/1178/8116 
f 2098/1164/8117 2099/1166/8118 2111/1179/8119 2110/1177/8120 
f 2099/1166/8121 2100/1167/8122 2112/1180/8123 2111/1179/8124 
f 2100/1167/8125 2101/1168/8126 2113/1181/8127 2112/1180/8128 
f 2101/1168/8129 2102/1169/8130 2114/1182/8131 2113/1181/8132 
f 2102/1169/8133 2103/1170/8134 2115/1183/8135 2114/1182/8136 
f 2103/1172/8137 2104/1171/8138 2116/1184/8139 2115/1185/8140 
f 2104/1171/8141 2105/1173/8142 2117/1186/8143 2116/1184/8144 
f 2105/1173/8145 2106/1174/8146 2118/1187/8147 2117/1186/8148 
f 2106/1174/8149 2107/1175/8150 2119/1188/8151 2118/1187/8152 
f 2107/1175/8153 2108/1176/8154 2120/1189/8155 2119/1188/8156 
f 2108/1176/8157 2097/1165/8158 2109/1178/8159 2120/1189/8160 
f 2109/1178/8161 2110/1177/8162 2122/1190/8163 2121/1191/8164 
f 2110/1177/8165 2111/1179/8166 2123/1192/8167 2122/1190/8168 
f 2111/1179/8169 2112/1180/8170 2124/1193/8171 2123/1192/8172 
f 2112/1180/8173 2113/1181/8174 2125/1194/8175 2124/1193/8176 
f 2113/1181/8177 2114/1182/8178 2126/1195/8179 2125/1194/8180 
f 2114/1182/8181 2115/1183/8182 2127/1196/8183 2126/1195/8184 
f 2115/1185/8185 2116/1184/8186 2128/1197/8187 2127/1198/8188 
f 2116/1184/8189 2117/1186/8190 2129/1199/8191 2128/1197/8192 
f 2117/1186/8193 2118/1187/8194 2130/1200/8195 2129/1199/8196 
f 2118/1187/8197 2119/1188/8198 2131/1201/8199 2130/1200/8200 
f 2119/1188/8201 2120/1189/8202 2132/1202/8203 2131/1201/8204 
f 2120/1189/8205 2109/1178/8206 2121/1191/8207 2132/1202/8208 
f 2121/1191/8209 2122/1190/8210 2134/1203/8211 2133/1204/8212 
f 2122/1190/8213 2123/1192/8214 2135/1205/8215 2134/1203/8216 
f 2123/1192/8217 2124/1193/8218 2136/1206/8219 2135/1205/8220 
f 2124/1193/8221 2125/1194/8222 2137/1207/8223 2136/1206/8224 
f 2125/1194/8225 2126/1195/8226 2138/1208/8227 2137/1207/8228 
f 2126/1195/8229 2127/1196/8230 2139/1209/8231 2138/1208/8232 
f 2127/1198/8233 2128/1197/8234 2140/1210/8235 2139/1211/8236 
f 2128/1197/8237 2129/1199/8238 2141/1212/8239 2140/1210/8240 
f 2129/1199/8241 2130/1200/8242 2142/1213/8243 2141/1212/8244 
f 2130/1200/8245 2131/1201/8246 2143/1214/8247 2142/1213/8248 
f 2131/1201/8249 2132/1202/8250 2144/1215/8251 2143/1214/8252 
f 2132/1202/8253 2121/1191/8254 2133/1204/8255 2144/1215/8256 
f 2133/1204/8257 2134/1203/8258 2146/1216/8259 2145/1217/8260 
f 2134/1203/8261 2135/1205/8262 2147/1218/8263 2146/1216/8264 
f 2135/1205/8265 2136/1206/8266 2148/1219/8267 2147/1218/8268 
f 2136/1206/8269 2137/1207/8270 2149/1220/8271 2148/1219/8272 
f 2137/1207/8273 2138/1208/8274 2150/1221/8275 2149/1220/8276 
f 2138/1208/8277 2139/1209/8278 2151/1222/8279 2150/1221/8280 
f 2139/1211/8281 2140/1210/8282 2152/1223/8283 2151/1224/8284 
f 2140/1210/8285 2141/1212/8286 2153/1225/8287 2152/1223/8288 
f 2141/1212/8289 2142/1213/8290 2154/1226/8291 2153/1225/8292 
f 2142/1213/8293 2143/1214/8294 2155/1227/8295 2154/1226/8296 
f 2143/1214/8297 2144/1215/8298 2156/1228/8299 2155/1227/8300 
f 2144/1215/8301 2133/1204/8302 2145/1217/8303 2156/1228/8304 
f 2145/1217/8305 2146/1216/8306 2158/1229/8307 2157/1230/8308 
f 2146/1216/8309 2147/1218/8310 2159/1231/8311 2158/1229/8312 
f 2147/1218/8313 2148/1219/8314 2160/1232/8315 2159/1231/8316 
f 2148/1219/8317 2149/1220/8318 2161/1233/8319 2160/1232/8320 
f 2149/1220/8321 2150/1221/8322 2162/1234/8323 2161/1233/8324 
f 2150/1221/8325 2151/1222/8326 2163/1235/8327 2162/1234/8328 
f 2151/1224/8329 2152/1223/8330 2164/1236/8331 2163/1237/8332 
f 2152/1223/8333 2153/1225/8334 2165/1238/8335 2164/1236/8336 
f 2153/1225/8337 2154/1226/8338 2166/1239/8339 2165/1238/8340 
f 2154/1226/8341 2155/1227/8342 2167/1240/8343 2166/1239/8344 
f 2155/1227/8345 2156/1228/8346 2168/1241/8347 2167/1240/8348 
f 2156/1228/8349 2145/1217/8350 2157/1230/8351 2168/1241/8352 
f 2157/1230/8353 2158/1229/8354 2170/1242/8355 2169/1243/8356 
f 2158/1229/8357 2159/1231/8358 2171/1244/8359 2170/1242/8360 
f 2159/1231/8361 2160/1232/8362 2172/1245/8363 2171/1244/8364 
f 2160/1232/8365 2161/1233/8366 2173/1246/8367 2172/1245/8368 
f 2161/1233/8369 2162/1234/8370 2174/1247/8371 2173/1246/8372 
f 2162/1234/8373 2163/1235/8374 2175/1248/8375 2174/1247/8376 
f 2163/1237/8377 2164/1236/8378 2176/1249/8379 2175/1250/8380 
f 2164/1236/8381 2165/1238/8382 2177/1251/8383 2176/1249/8384 
f 2165/1238/8385 2166/1239/8386 2178/1252/8387 2177/1251/8388 
f 2166/1239/8389 2167/1240/8390 2179/1253/8391 2178/1252/8392 
f 2167/1240/8393 2168/1241/8394 2180/1254/8395 2179/1253/8396 
f 2168/1241/8397 2157/1230/8398 2169/1243/8399 2180/1254/8400 
f 2169/1243/8401 2170/1242/8402 2182/1255/8403 2181/1256/8404 
f 2170/1242/8405 2171/1244/8406 2183/1257/8407 2182/1255/8408 
f 2171/1244/8409 2172/1245/8410 2184/1258/8411 2183/1257/8412 
f 2172/1245/8413 2173/1246/8414 2185/1259/8415 2184/1258/8416 
f 2173/1246/8417 2174/1247/8418 2186/1260/8419 2185/1259/8420 
f 2174/1247/8421 2175/1248/8422 2187/1261/8423 2186/1260/8424 
f 2175/1250/8425 2176/1249/8426 2188/1262/8427 2187/1263/8428 
f 2176/1249/8429 2177/1251/8430 2189/1264/8431 2188/1262/8432 
f 2177/1251/8433 2178/1252/8434 2190/1265/8435 2189/1264/8436 
f 2178/1252/8437 2179/1253/8438 2191/1266/8439 2190/1265/8440 
f 2179/1253/8441 2180/1254/8442 2192/1267/8443 2191/1266/8444 
f 2180/1254/8445 2169/1243/8446 2181/1256/8447 2192/1267/8448 
f 2181/1256/8449 2182/1255/8450 2194/1268/8451 2193/1269/8452 
f 2182/1255/8453 2183/1257/8454 2195/1270/8455 2194/1268/8456 
f 2183/1257/8457 2184/1258/8458 2196/1271/8459 2195/1270/8460 
f 2184/1258/8461 2185/1259/8462 2197/1272/8463 2196/1271/8464 
f 2185/1259/8465 2186/1260/8466 2198/1273/8467 2197/1272/8468 
f 2186/1260/8469 2187/1261/8470 2199/1274/8471 2198/1273/8472 
f 2187/1263/8473 2188/1262/8474 2200/1275/8475 2199/1276/8476 
f 2188/1262/8477 2189/1264/8478 2201/1277/8479 2200/1275/8480 
f 2189/1264/8481 2190/1265/8482 2202/1278/8483 2201/1277/8484 
f 2190/1265/8485 2191/1266/8486 2203/1279/8487 2202/1278/8488 
f 2191/1266/8489 2192/1267/8490 2204/1280/8491 2203/1279/8492 
f 2192/1267/8493 2181/1256/8494 2193/1269/8495 2204/1280/8496 
f 2193/1269/8497 2194/1268/8498 2206/1281/8499 2205/1282/8500 
f 2194/1268/8501 2195/1270/8502 2207/1283/8503 2206/1281/8504 
f 2195/1270/8505 2196/1271/8506 2208/1284/8507 2207/1283/8508 
f 2196/1271/8509 2197/1272/8510 2209/1285/8511 2208/1284/8512 
f 2197/1272/8513 2198/1273/8514 2210/1286/8515 2209/1285/8516 
f 2198/1273/8517 2199/1274/8518 2211/1287/8519 2210/1286/8520 
f 2199/1276/8521 2200/1275/8522 2212/1288/8523 2211/1289/8524 
f 2200/1275/8525 2201/1277/8526 2213/1290/8527 2212/1288/8528 
f 2201/1277/8529 2202/1278/8530 2214/1291/8531 2213/1290/8532 
f 2202/1278/8533 2203/1279/8534 2215/1292/8535 2214/1291/8536 
f 2203/1279/8537 2204/1280/8538 2216/1293/8539 2215/1292/8540 
f 2204/1280/8541 2193/1269/8542 2205/1282/8543 2216/1293/8544 
f 2205/1282/8545 2206/1281/8546 1870/918/8547 1869/917/8548 
f 2206/1281/8549 2207/1283/8550 1871/921/8551 1870/918/8552 
f 2207/1283/8553 2208/1284/8554 1872/923/8555 1871/921/8556 
f 2208/1284/8557 2209/1285/8558 1873/925/8559 1872/923/8560 
f 2209/1285/8561 2210/1286/8562 1874/927/8563 1873/925/8564 
f 2210/1286/8565 2211/1287/8566 1875/929/8567 1874/927/8568 
f 2211/1289/8569 2212/1288/8570 1876/932/8571 1875/931/8572 
f 2212/1288/8573 2213/1290/8574 1877/935/8575 1876/932/8576 
f 2213/1290/8577 2214/1291/8578 1878/937/8579 1877/935/8580 
f 2214/1291/8581 2215/1292/8582 1879/939/8583 1878/937/8584 
f 2215/1292/8585 2216/1293/8586 1880/941/8587 1879/939/8588 
f 2216/1293/8589 2205/1282/8590 1869/917/8591 1880/941/8592 
s 2
f 2218/2520/8593 2227/2521/8594 2228/2522/8595 2217/2523/8596 
f 2230/2524/8597 2233/2525/8598 2234/2526/8599 2229/2527/8600 
f 2242/1294/8601 2243/1295/8602 2252/1296/8603 2241/1297/8604 
f 2254/1298/8605 2263/1299/8606 2264/1300/8607 2253/1301/8608 
s 1
f 1689/2326/8609 1690/2325/8610 2218/2528/8611 2217/2529/8612 
f 1690/2325/8613 1691/2327/8614 2219/2530/8615 2218/2528/8616 
f 1691/2327/8617 1692/2328/8618 2220/2531/8619 2219/2530/8620 
f 1692/2328/8621 1693/2329/8622 2221/2532/8623 2220/2531/8624 
f 1693/2329/8625 1694/2330/8626 2222/2557/8627 2221/2532/8628 
f 1694/2330/8629 1695/2331/8630 2223/2558/8631 2222/2557/8632 
f 1695/2333/8633 1696/2332/8634 2224/2559/8635 2223/2560/8636 
f 1696/2332/8637 1697/2334/8638 2225/2561/8639 2224/2559/8640 
f 1697/2334/8641 1698/2335/8642 2226/2562/8643 2225/2561/8644 
f 1698/2335/8645 1699/2336/8646 2227/2563/8647 2226/2562/8648 
f 1699/2336/8649 1700/2337/8650 2228/2564/8651 2227/2563/8652 
f 1700/2337/8653 1689/2326/8654 2217/2529/8655 2228/2564/8656 
f 1702/2339/8657 1701/2338/8658 2230/2565/8659 2229/2566/8660 
f 1701/2338/8661 1712/2362/8662 2231/2567/8663 2230/2565/8664 
f 1712/2362/8665 1711/2360/8666 2232/2568/8667 2231/2567/8668 
f 1711/2360/8669 1710/2358/8670 2233/2569/8671 2232/2568/8672 
f 1710/2358/8673 1709/2356/8674 2234/2570/8675 2233/2569/8676 
f 1709/2356/8677 1708/2353/8678 2235/2571/8679 2234/2570/8680 
f 1708/2353/8681 1707/2352/8682 2236/2572/8683 2235/2571/8684 
f 1707/2350/8685 1706/2348/8686 2237/2573/8687 2236/2574/8688 
f 1706/2348/8689 1705/2346/8690 2238/2575/8691 2237/2573/8692 
f 1705/2346/8693 1704/2344/8694 2239/2576/8695 2238/2575/8696 
f 1704/2344/8697 1703/2342/8698 2240/2577/8699 2239/2576/8700 
f 1703/2342/8701 1702/2339/8702 2229/2566/8703 2240/2577/8704 
f 2037/1100/8705 2038/1099/8706 2242/1302/8707 2241/1303/8708 
f 2038/1099/8709 2039/1101/8710 2243/1304/8711 2242/1302/8712 
f 2039/1101/8713 2040/1102/8714 2244/1305/8715 2243/1304/8716 
f 2040/1102/8717 2041/1103/8718 2245/1306/8719 2244/1305/8720 
f 2041/1103/8721 2042/1104/8722 2246/1697/8723 2245/1306/8724 
f 2042/1104/8725 2043/1105/8726 2247/1698/8727 2246/1697/8728 
f 2043/1107/8729 2044/1106/8730 2248/1699/8731 2247/1700/8732 
f 2044/1106/8733 2045/1108/8734 2249/1701/8735 2248/1699/8736 
f 2045/1108/8737 2046/1109/8738 2250/1702/8739 2249/1701/8740 
f 2046/1109/8741 2047/1110/8742 2251/1703/8743 2250/1702/8744 
f 2047/1110/8745 2048/1111/8746 2252/1704/8747 2251/1703/8748 
f 2048/1111/8749 2037/1100/8750 2241/1303/8751 2252/1704/8752 
f 2050/1113/8753 2049/1112/8754 2254/1705/8755 2253/1706/8756 
f 2049/1112/8757 2060/1136/8758 2255/1707/8759 2254/1705/8760 
f 2060/1136/8761 2059/1134/8762 2256/1708/8763 2255/1707/8764 
f 2059/1134/8765 2058/1132/8766 2257/1709/8767 2256/1708/8768 
f 2058/1132/8769 2057/1130/8770 2258/1710/8771 2257/1709/8772 
f 2057/1130/8773 2056/1127/8774 2259/1711/8775 2258/1710/8776 
f 2056/1127/8777 2055/1126/8778 2260/1712/8779 2259/1711/8780 
f 2055/1124/8781 2054/1122/8782 2261/1713/8783 2260/1714/8784 
f 2054/1122/8785 2053/1120/8786 2262/1715/8787 2261/1713/8788 
f 2053/1120/8789 2052/1118/8790 2263/1716/8791 2262/1715/8792 
f 2052/1118/8793 2051/1116/8794 2264/1717/8795 2263/1716/8796 
f 2051/1116/8797 2050/1113/8798 2253/1706/8799 2264/1717/8800 
f 2265/2979/8801 2266/2980/8802 2278/2981/8803 2277/2982/8804 
f 2266/2980/8805 2267/2983/8806 2279/2984/8807 2278/2981/8808 
f 2267/2983/8809 2268/2985/8810 2280/2986/8811 2279/2984/8812 
f 2268/2985/8813 2269/2987/8814 2281/2988/8815 2280/2986/8816 
f 2269/2987/8817 2270/2989/8818 2282/2990/8819 2281/2988/8820 
f 2270/2989/8821 2271/2991/8822 2283/2992/8823 2282/2990/8824 
f 2271/2993/8825 2272/2994/8826 2284/2995/8827 2283/2996/8828 
f 2272/2994/8829 2273/2997/8830 2285/2998/8831 2284/2995/8832 
f 2273/2997/8833 2274/2999/8834 2286/3000/8835 2285/2998/8836 
f 2274/2999/8837 2275/3001/8838 2287/3002/8839 2286/3000/8840 
f 2275/3001/8841 2276/3003/8842 2288/3004/8843 2287/3002/8844 
f 2276/3003/8845 2265/2979/8846 2277/2982/8847 2288/3004/8848 
f 2277/2982/8849 2278/2981/8850 2290/3005/8851 2289/3006/8852 
f 2278/2981/8853 2279/2984/8854 2291/3007/8855 2290/3005/8856 
f 2279/2984/8857 2280/2986/8858 2292/3008/8859 2291/3007/8860 
f 2280/2986/8861 2281/2988/8862 2293/3009/8863 2292/3008/8864 
f 2281/2988/8865 2282/2990/8866 2294/3010/8867 2293/3009/8868 
f 2282/2990/8869 2283/2992/8870 2295/3011/8871 2294/3010/8872 
f 2283/2996/8873 2284/2995/8874 2296/3012/8875 2295/3013/8876 
f 2284/2995/8877 2285/2998/8878 2297/3014/8879 2296/3012/8880 
f 2285/2998/8881 2286/3000/8882 2298/3015/8883 2297/3014/8884 
f 2286/3000/8885 2287/3002/8886 2299/3016/8887 2298/3015/8888 
f 2287/3002/8889 2288/3004/8890 2300/3017/8891 2299/3016/8892 
f 2288/3004/8893 2277/2982/8894 2289/3006/8895 2300/3017/8896 
f 2289/3006/8897 2290/3005/8898 2302/3018/8899 2301/3019/8900 
f 2290/3005/8901 2291/3007/8902 2303/3020/8903 2302/3018/8904 
f 2291/3007/8905 2292/3008/8906 2304/3021/8907 2303/3020/8908 
f 2292/3008/8909 2293/3009/8910 2305/3022/8911 2304/3021/8912 
f 2293/3009/8913 2294/3010/8914 2306/3023/8915 2305/3022/8916 
f 2294/3010/8917 2295/3011/8918 2307/3024/8919 2306/3023/8920 
f 2295/3013/8921 2296/3012/8922 2308/3025/8923 2307/3026/8924 
f 2296/3012/8925 2297/3014/8926 2309/3027/8927 2308/3025/8928 
f 2297/3014/8929 2298/3015/8930 2310/3028/8931 2309/3027/8932 
f 2298/3015/8933 2299/3016/8934 2311/3029/8935 2310/3028/8936 
f 2299/3016/8937 2300/3017/8938 2312/3030/8939 2311/3029/8940 
f 2300/3017/8941 2289/3006/8942 2301/3019/8943 2312/3030/8944 
f 2301/3019/8945 2302/3018/8946 2314/3031/8947 2313/3032/8948 
f 2302/3018/8949 2303/3020/8950 2315/3033/8951 2314/3031/8952 
f 2303/3020/8953 2304/3021/8954 2316/3034/8955 2315/3033/8956 
f 2304/3021/8957 2305/3022/8958 2317/3035/8959 2316/3034/8960 
f 2305/3022/8961 2306/3023/8962 2318/3036/8963 2317/3035/8964 
f 2306/3023/8965 2307/3024/8966 2319/3037/8967 2318/3036/8968 
f 2307/3026/8969 2308/3025/8970 2320/3038/8971 2319/3039/8972 
f 2308/3025/8973 2309/3027/8974 2321/3040/8975 2320/3038/8976 
f 2309/3027/8977 2310/3028/8978 2322/3041/8979 2321/3040/8980 
f 2310/3028/8981 2311/3029/8982 2323/3042/8983 2322/3041/8984 
f 2311/3029/8985 2312/3030/8986 2324/3043/8987 2323/3042/8988 
f 2312/3030/8989 2301/3019/8990 2313/3032/8991 2324/3043/8992 
f 2313/3032/8993 2314/3031/8994 2326/3044/8995 2325/3045/8996 
f 2314/3031/8997 2315/3033/8998 2327/3046/8999 2326/3044/9000 
f 2315/3033/9001 2316/3034/9002 2328/3047/9003 2327/3046/9004 
f 2316/3034/9005 2317/3035/9006 2329/3048/9007 2328/3047/9008 
f 2317/3035/9009 2318/3036/9010 2330/3049/9011 2329/3048/9012 
f 2318/3036/9013 2319/3037/9014 2331/3050/9015 2330/3049/9016 
f 2319/3039/9017 2320/3038/9018 2332/3051/9019 2331/3052/9020 
f 2320/3038/9021 2321/3040/9022 2333/3053/9023 2332/3051/9024 
f 2321/3040/9025 2322/3041/9026 2334/3054/9027 2333/3053/9028 
f 2322/3041/9029 2323/3042/9030 2335/3055/9031 2334/3054/9032 
f 2323/3042/9033 2324/3043/9034 2336/3056/9035 2335/3055/9036 
f 2324/3043/9037 2313/3032/9038 2325/3045/9039 2336/3056/9040 
f 2325/3045/9041 2326/3044/9042 2338/3057/9043 2337/3058/9044 
f 2326/3044/9045 2327/3046/9046 2339/3059/9047 2338/3057/9048 
f 2327/3046/9049 2328/3047/9050 2340/3060/9051 2339/3059/9052 
f 2328/3047/9053 2329/3048/9054 2341/3061/9055 2340/3060/9056 
f 2329/3048/9057 2330/3049/9058 2342/3062/9059 2341/3061/9060 
f 2330/3049/9061 2331/3050/9062 2343/3063/9063 2342/3062/9064 
f 2331/3052/9065 2332/3051/9066 2344/3064/9067 2343/3065/9068 
f 2332/3051/9069 2333/3053/9070 2345/3066/9071 2344/3064/9072 
f 2333/3053/9073 2334/3054/9074 2346/3067/9075 2345/3066/9076 
f 2334/3054/9077 2335/3055/9078 2347/3068/9079 2346/3067/9080 
f 2335/3055/9081 2336/3056/9082 2348/3069/9083 2347/3068/9084 
f 2336/3056/9085 2325/3045/9086 2337/3058/9087 2348/3069/9088 
f 2337/3058/9089 2338/3057/9090 2350/3070/9091 2349/3071/9092 
f 2338/3057/9093 2339/3059/9094 2351/3072/9095 2350/3070/9096 
f 2339/3059/9097 2340/3060/9098 2352/3073/9099 2351/3072/9100 
f 2340/3060/9101 2341/3061/9102 2353/3074/9103 2352/3073/9104 
f 2341/3061/9105 2342/3062/9106 2354/3075/9107 2353/3074/9108 
f 2342/3062/9109 2343/3063/9110 2355/3076/9111 2354/3075/9112 
f 2343/3065/9113 2344/3064/9114 2356/3077/9115 2355/3078/9116 
f 2344/3064/9117 2345/3066/9118 2357/3079/9119 2356/3077/9120 
f 2345/3066/9121 2346/3067/9122 2358/3080/9123 2357/3079/9124 
f 2346/3067/9125 2347/3068/9126 2359/3081/9127 2358/3080/9128 
f 2347/3068/9129 2348/3069/9130 2360/3082/9131 2359/3081/9132 
f 2348/3069/9133 2337/3058/9134 2349/3071/9135 2360/3082/9136 
f 2349/3071/9137 2350/3070/9138 2362/3083/9139 2361/3084/9140 
f 2350/3070/9141 2351/3072/9142 2363/3085/9143 2362/3083/9144 
f 2351/3072/9145 2352/3073/9146 2364/3086/9147 2363/3085/9148 
f 2352/3073/9149 2353/3074/9150 2365/3087/9151 2364/3086/9152 
f 2353/3074/9153 2354/3075/9154 2366/3088/9155 2365/3087/9156 
f 2354/3075/9157 2355/3076/9158 2367/3089/9159 2366/3088/9160 
f 2355/3078/9161 2356/3077/9162 2368/3090/9163 2367/3091/9164 
f 2356/3077/9165 2357/3079/9166 2369/3092/9167 2368/3090/9168 
f 2357/3079/9169 2358/3080/9170 2370/3093/9171 2369/3092/9172 
f 2358/3080/9173 2359/3081/9174 2371/3094/9175 2370/3093/9176 
f 2359/3081/9177 2360/3082/9178 2372/3095/9179 2371/3094/9180 
f 2360/3082/9181 2349/3071/9182 2361/3084/9183 2372/3095/9184 
f 2361/3084/9185 2362/3083/9186 2374/3096/9187 2373/3097/9188 
f 2362/3083/9189 2363/3085/9190 2375/3098/9191 2374/3096/9192 
f 2363/3085/9193 2364/3086/9194 2376/3099/9195 2375/3098/9196 
f 2364/3086/9197 2365/3087/9198 2377/3100/9199 2376/3099/9200 
f 2365/3087/9201 2366/3088/9202 2378/3101/9203 2377/3100/9204 
f 2366/3088/9205 2367/3089/9206 2379/3102/9207 2378/3101/9208 
f 2367/3091/9209 2368/3090/9210 2380/3103/9211 2379/3104/9212 
f 2368/3090/9213 2369/3092/9214 2381/3105/9215 2380/3103/9216 
f 2369/3092/9217 2370/3093/9218 2382/3106/9219 2381/3105/9220 
f 2370/3093/9221 2371/3094/9222 2383/3107/9223 2382/3106/9224 
f 2371/3094/9225 2372/3095/9226 2384/3108/9227 2383/3107/9228 
f 2372/3095/9229 2361/3084/9230 2373/3097/9231 2384/3108/9232 
f 2373/3097/9233 2374/3096/9234 2386/3109/9235 2385/3110/9236 
f 2374/3096/9237 2375/3098/9238 2387/3111/9239 2386/3109/9240 
f 2375/3098/9241 2376/3099/9242 2388/3112/9243 2387/3111/9244 
f 2376/3099/9245 2377/3100/9246 2389/3113/9247 2388/3112/9248 
f 2377/3100/9249 2378/3101/9250 2390/3114/9251 2389/3113/9252 
f 2378/3101/9253 2379/3102/9254 2391/3115/9255 2390/3114/9256 
f 2379/3104/9257 2380/3103/9258 2392/3116/9259 2391/3117/9260 
f 2380/3103/9261 2381/3105/9262 2393/3118/9263 2392/3116/9264 
f 2381/3105/9265 2382/3106/9266 2394/3119/9267 2393/3118/9268 
f 2382/3106/9269 2383/3107/9270 2395/3120/9271 2394/3119/9272 
f 2383/3107/9273 2384/3108/9274 2396/3121/9275 2395/3120/9276 
f 2384/3108/9277 2373/3097/9278 2385/3110/9279 2396/3121/9280 
f 2385/3110/9281 2386/3109/9282 2398/3122/9283 2397/3123/9284 
f 2386/3109/9285 2387/3111/9286 2399/3124/9287 2398/3122/9288 
f 2387/3111/9289 2388/3112/9290 2400/3125/9291 2399/3124/9292 
f 2388/3112/9293 2389/3113/9294 2401/3126/9295 2400/3125/9296 
f 2389/3113/9297 2390/3114/9298 2402/3127/9299 2401/3126/9300 
f 2390/3114/9301 2391/3115/9302 2403/3128/9303 2402/3127/9304 
f 2391/3117/9305 2392/3116/9306 2404/3129/9307 2403/3130/9308 
f 2392/3116/9309 2393/3118/9310 2405/3131/9311 2404/3129/9312 
f 2393/3118/9313 2394/3119/9314 2406/3132/9315 2405/3131/9316 
f 2394/3119/9317 2395/3120/9318 2407/3133/9319 2406/3132/9320 
f 2395/3120/9321 2396/3121/9322 2408/3134/9323 2407/3133/9324 
f 2396/3121/9325 2385/3110/9326 2397/3123/9327 2408/3134/9328 
f 2397/3123/9329 2398/3122/9330 2410/3135/9331 2409/3136/9332 
f 2398/3122/9333 2399/3124/9334 2411/3137/9335 2410/3135/9336 
f 2399/3124/9337 2400/3125/9338 2412/3138/9339 2411/3137/9340 
f 2400/3125/9341 2401/3126/9342 2413/3139/9343 2412/3138/9344 
f 2401/3126/9345 2402/3127/9346 2414/3140/9347 2413/3139/9348 
f 2402/3127/9349 2403/3128/9350 2415/3141/9351 2414/3140/9352 
f 2403/3130/9353 2404/3129/9354 2416/3142/9355 2415/3143/9356 
f 2404/3129/9357 2405/3131/9358 2417/3144/9359 2416/3142/9360 
f 2405/3131/9361 2406/3132/9362 2418/3145/9363 2417/3144/9364 
f 2406/3132/9365 2407/3133/9366 2419/3146/9367 2418/3145/9368 
f 2407/3133/9369 2408/3134/9370 2420/3147/9371 2419/3146/9372 
f 2408/3134/9373 2397/3123/9374 2409/3136/9375 2420/3147/9376 
f 2409/3136/9377 2410/3135/9378 2422/3148/9379 2421/3149/9380 
f 2410/3135/9381 2411/3137/9382 2423/3150/9383 2422/3148/9384 
f 2411/3137/9385 2412/3138/9386 2424/3151/9387 2423/3150/9388 
f 2412/3138/9389 2413/3139/9390 2425/3152/9391 2424/3151/9392 
f 2413/3139/9393 2414/3140/9394 2426/3153/9395 2425/3152/9396 
f 2414/3140/9397 2415/3141/9398 2427/3154/9399 2426/3153/9400 
f 2415/3143/9401 2416/3142/9402 2428/3155/9403 2427/3156/9404 
f 2416/3142/9405 2417/3144/9406 2429/3157/9407 2428/3155/9408 
f 2417/3144/9409 2418/3145/9410 2430/3158/9411 2429/3157/9412 
f 2418/3145/9413 2419/3146/9414 2431/3159/9415 2430/3158/9416 
f 2419/3146/9417 2420/3147/9418 2432/3160/9419 2431/3159/9420 
f 2420/3147/9421 2409/3136/9422 2421/3149/9423 2432/3160/9424 
f 2421/3149/9425 2422/3148/9426 2434/3161/9427 2433/3162/9428 
f 2422/3148/9429 2423/3150/9430 2435/3163/9431 2434/3161/9432 
f 2423/3150/9433 2424/3151/9434 2436/3164/9435 2435/3163/9436 
f 2424/3151/9437 2425/3152/9438 2437/3165/9439 2436/3164/9440 
f 2425/3152/9441 2426/3153/9442 2438/3166/9443 2437/3165/9444 
f 2426/3153/9445 2427/3154/9446 2439/3167/9447 2438/3166/9448 
f 2427/3156/9449 2428/3155/9450 2440/3168/9451 2439/3169/9452 
f 2428/3155/9453 2429/3157/9454 2441/3170/9455 2440/3168/9456 
f 2429/3157/9457 2430/3158/9458 2442/3171/9459 2441/3170/9460 
f 2430/3158/9461 2431/3159/9462 2443/3172/9463 2442/3171/9464 
f 2431/3159/9465 2432/3160/9466 2444/3173/9467 2443/3172/9468 
f 2432/3160/9469 2421/3149/9470 2433/3162/9471 2444/3173/9472 
f 2445/3174/9473 2446/3175/9474 2458/3176/9475 2457/3177/9476 
f 2446/3175/9477 2447/3178/9478 2459/3179/9479 2458/3176/9480 
f 2447/3178/9481 2448/3180/9482 2460/3181/9483 2459/3179/9484 
f 2448/3180/9485 2449/3182/9486 2461/3183/9487 2460/3181/9488 
f 2449/3182/9489 2450/3184/9490 2462/3185/9491 2461/3183/9492 
f 2450/3184/9493 2451/3186/9494 2463/3187/9495 2462/3185/9496 
f 2451/3188/9497 2452/3189/9498 2464/3190/9499 2463/3191/9500 
f 2452/3189/9501 2453/3192/9502 2465/3193/9503 2464/3190/9504 
f 2453/3192/9505 2454/3194/9506 2466/3195/9507 2465/3193/9508 
f 2454/3194/9509 2455/3196/9510 2467/3197/9511 2466/3195/9512 
f 2455/3196/9513 2456/3198/9514 2468/3199/9515 2467/3197/9516 
f 2456/3198/9517 2445/3174/9518 2457/3177/9519 2468/3199/9520 
f 2457/3177/9521 2458/3176/9522 2470/3200/9523 2469/3201/9524 
f 2458/3176/9525 2459/3179/9526 2471/3202/9527 2470/3200/9528 
f 2459/3179/9529 2460/3181/9530 2472/3203/9531 2471/3202/9532 
f 2460/3181/9533 2461/3183/9534 2473/3204/9535 2472/3203/9536 
f 2461/3183/9537 2462/3185/9538 2474/3205/9539 2473/3204/9540 
f 2462/3185/9541 2463/3187/9542 2475/3206/9543 2474/3205/9544 
f 2463/3191/9545 2464/3190/9546 2476/3207/9547 2475/3208/9548 
f 2464/3190/9549 2465/3193/9550 2477/3209/9551 2476/3207/9552 
f 2465/3193/9553 2466/3195/9554 2478/3210/9555 2477/3209/9556 
f 2466/3195/9557 2467/3197/9558 2479/3211/9559 2478/3210/9560 
f 2467/3197/9561 2468/3199/9562 2480/3212/9563 2479/3211/9564 
f 2468/3199/9565 2457/3177/9566 2469/3201/9567 2480/3212/9568 
f 2469/3201/9569 2470/3200/9570 2482/3213/9571 2481/3214/9572 
f 2470/3200/9573 2471/3202/9574 2483/3215/9575 2482/3213/9576 
f 2471/3202/9577 2472/3203/9578 2484/3216/9579 2483/3215/9580 
f 2472/3203/9581 2473/3204/9582 2485/3217/9583 2484/3216/9584 
f 2473/3204/9585 2474/3205/9586 2486/3218/9587 2485/3217/9588 
f 2474/3205/9589 2475/3206/9590 2487/3219/9591 2486/3218/9592 
f 2475/3208/9593 2476/3207/9594 2488/3220/9595 2487/3221/9596 
f 2476/3207/9597 2477/3209/9598 2489/3222/9599 2488/3220/9600 
f 2477/3209/9601 2478/3210/9602 2490/3223/9603 2489/3222/9604 
f 2478/3210/9605 2479/3211/9606 2491/3224/9607 2490/3223/9608 
f 2479/3211/9609 2480/3212/9610 2492/3225/9611 2491/3224/9612 
f 2480/3212/9613 2469/3201/9614 2481/3214/9615 2492/3225/9616 
f 2481/3214/9617 2482/3213/9618 2494/3226/9619 2493/3227/9620 
f 2482/3213/9621 2483/3215/9622 2495/3228/9623 2494/3226/9624 
f 2483/3215/9625 2484/3216/9626 2496/3229/9627 2495/3228/9628 
f 2484/3216/9629 2485/3217/9630 2497/3230/9631 2496/3229/9632 
f 2485/3217/9633 2486/3218/9634 2498/3231/9635 2497/3230/9636 
f 2486/3218/9637 2487/3219/9638 2499/3232/9639 2498/3231/9640 
f 2487/3221/9641 2488/3220/9642 2500/3233/9643 2499/3234/9644 
f 2488/3220/9645 2489/3222/9646 2501/3235/9647 2500/3233/9648 
f 2489/3222/9649 2490/3223/9650 2502/3236/9651 2501/3235/9652 
f 2490/3223/9653 2491/3224/9654 2503/3237/9655 2502/3236/9656 
f 2491/3224/9657 2492/3225/9658 2504/3238/9659 2503/3237/9660 
f 2492/3225/9661 2481/3214/9662 2493/3227/9663 2504/3238/9664 
f 2493/3227/9665 2494/3226/9666 2506/3239/9667 2505/3240/9668 
f 2494/3226/9669 2495/3228/9670 2507/3241/9671 2506/3239/9672 
f 2495/3228/9673 2496/3229/9674 2508/3242/9675 2507/3241/9676 
f 2496/3229/9677 2497/3230/9678 2509/3243/9679 2508/3242/9680 
f 2497/3230/9681 2498/3231/9682 2510/3244/9683 2509/3243/9684 
f 2498/3231/9685 2499/3232/9686 2511/3245/9687 2510/3244/9688 
f 2499/3234/9689 2500/3233/9690 2512/3246/9691 2511/3247/9692 
f 2500/3233/9693 2501/3235/9694 2513/3248/9695 2512/3246/9696 
f 2501/3235/9697 2502/3236/9698 2514/3249/9699 2513/3248/9700 
f 2502/3236/9701 2503/3237/9702 2515/3250/9703 2514/3249/9704 
f 2503/3237/9705 2504/3238/9706 2516/3251/9707 2515/3250/9708 
f 2504/3238/9709 2493/3227/9710 2505/3240/9711 2516/3251/9712 
f 2505/3240/9713 2506/3239/9714 2518/3252/9715 2517/3253/9716 
f 2506/3239/9717 2507/3241/9718 2519/3254/9719 2518/3252/9720 
f 2507/3241/9721 2508/3242/9722 2520/3255/9723 2519/3254/9724 
f 2508/3242/9725 2509/3243/9726 2521/3256/9727 2520/3255/9728 
f 2509/3243/9729 2510/3244/9730 2522/3257/9731 2521/3256/9732 
f 2510/3244/9733 2511/3245/9734 2523/3258/9735 2522/3257/9736 
f 2511/3247/9737 2512/3246/9738 2524/3259/9739 2523/3260/9740 
f 2512/3246/9741 2513/3248/9742 2525/3261/9743 2524/3259/9744 
f 2513/3248/9745 2514/3249/9746 2526/3262/9747 2525/3261/9748 
f 2514/3249/9749 2515/3250/9750 2527/3263/9751 2526/3262/9752 
f 2515/3250/9753 2516/3251/9754 2528/3264/9755 2527/3263/9756 
f 2516/3251/9757 2505/3240/9758 2517/3253/9759 2528/3264/9760 
f 2517/3253/9761 2518/3252/9762 2530/3265/9763 2529/3266/9764 
f 2518/3252/9765 2519/3254/9766 2531/3267/9767 2530/3265/9768 
f 2519/3254/9769 2520/3255/9770 2532/3268/9771 2531/3267/9772 
f 2520/3255/9773 2521/3256/9774 2533/3269/9775 2532/3268/9776 
f 2521/3256/9777 2522/3257/9778 2534/3270/9779 2533/3269/9780 
f 2522/3257/9781 2523/3258/9782 2535/3271/9783 2534/3270/9784 
f 2523/3260/9785 2524/3259/9786 2536/3272/9787 2535/3273/9788 
f 2524/3259/9789 2525/3261/9790 2537/3274/9791 2536/3272/9792 
f 2525/3261/9793 2526/3262/9794 2538/3275/9795 2537/3274/9796 
f 2526/3262/9797 2527/3263/9798 2539/3276/9799 2538/3275/9800 
f 2527/3263/9801 2528/3264/9802 2540/3277/9803 2539/3276/9804 
f 2528/3264/9805 2517/3253/9806 2529/3266/9807 2540/3277/9808 
f 2529/3266/9809 2530/3265/9810 2542/3278/9811 2541/3279/9812 
f 2530/3265/9813 2531/3267/9814 2543/3280/9815 2542/3278/9816 
f 2531/3267/9817 2532/3268/9818 2544/3281/9819 2543/3280/9820 
f 2532/3268/9821 2533/3269/9822 2545/3282/9823 2544/3281/9824 
f 2533/3269/9825 2534/3270/9826 2546/3283/9827 2545/3282/9828 
f 2534/3270/9829 2535/3271/9830 2547/3284/9831 2546/3283/9832 
f 2535/3273/9833 2536/3272/9834 2548/3285/9835 2547/3286/9836 
f 2536/3272/9837 2537/3274/9838 2549/3287/9839 2548/3285/9840 
f 2537/3274/9841 2538/3275/9842 2550/3288/9843 2549/3287/9844 
f 2538/3275/9845 2539/3276/9846 2551/3289/9847 2550/3288/9848 
f 2539/3276/9849 2540/3277/9850 2552/3290/9851 2551/3289/9852 
f 2540/3277/9853 2529/3266/9854 2541/3279/9855 2552/3290/9856 
f 2541/3279/9857 2542/3278/9858 2554/3291/9859 2553/3292/9860 
f 2542/3278/9861 2543/3280/9862 2555/3293/9863 2554/3291/9864 
f 2543/3280/9865 2544/3281/9866 2556/3294/9867 2555/3293/9868 
f 2544/3281/9869 2545/3282/9870 2557/3295/9871 2556/3294/9872 
f 2545/3282/9873 2546/3283/9874 2558/3296/9875 2557/3295/9876 
f 2546/3283/9877 2547/3284/9878 2559/3297/9879 2558/3296/9880 
f 2547/3286/9881 2548/3285/9882 2560/3298/9883 2559/3299/9884 
f 2548/3285/9885 2549/3287/9886 2561/3300/9887 2560/3298/9888 
f 2549/3287/9889 2550/3288/9890 2562/3301/9891 2561/3300/9892 
f 2550/3288/9893 2551/3289/9894 2563/3302/9895 2562/3301/9896 
f 2551/3289/9897 2552/3290/9898 2564/3303/9899 2563/3302/9900 
f 2552/3290/9901 2541/3279/9902 2553/3292/9903 2564/3303/9904 
f 2553/3292/9905 2554/3291/9906 2566/3304/9907 2565/3305/9908 
f 2554/3291/9909 2555/3293/9910 2567/3306/9911 2566/3304/9912 
f 2555/3293/9913 2556/3294/9914 2568/3307/9915 2567/3306/9916 
f 2556/3294/9917 2557/3295/9918 2569/3308/9919 2568/3307/9920 
f 2557/3295/9921 2558/3296/9922 2570/3309/9923 2569/3308/9924 
f 2558/3296/9925 2559/3297/9926 2571/3310/9927 2570/3309/9928 
f 2559/3299/9929 2560/3298/9930 2572/3311/9931 2571/3312/9932 
f 2560/3298/9933 2561/3300/9934 2573/3313/9935 2572/3311/9936 
f 2561/3300/9937 2562/3301/9938 2574/3314/9939 2573/3313/9940 
f 2562/3301/9941 2563/3302/9942 2575/3315/9943 2574/3314/9944 
f 2563/3302/9945 2564/3303/9946 2576/3316/9947 2575/3315/9948 
f 2564/3303/9949 2553/3292/9950 2565/3305/9951 2576/3316/9952 
f 2565/3305/9953 2566/3304/9954 2578/3317/9955 2577/3318/9956 
f 2566/3304/9957 2567/3306/9958 2579/3319/9959 2578/3317/9960 
f 2567/3306/9961 2568/3307/9962 2580/3320/9963 2579/3319/9964 
f 2568/3307/9965 2569/3308/9966 2581/3321/9967 2580/3320/9968 
f 2569/3308/9969 2570/3309/9970 2582/3322/9971 2581/3321/9972 
f 2570/3309/9973 2571/3310/9974 2583/3323/9975 2582/3322/9976 
f 2571/3312/9977 2572/3311/9978 2584/3324/9979 2583/3325/9980 
f 2572/3311/9981 2573/3313/9982 2585/3326/9983 2584/3324/9984 
f 2573/3313/9985 2574/3314/9986 2586/3327/9987 2585/3326/9988 
f 2574/3314/9989 2575/3315/9990 2587/3328/9991 2586/3327/9992 
f 2575/3315/9993 2576/3316/9994 2588/3329/9995 2587/3328/9996 
f 2576/3316/9997 2565/3305/9998 2577/3318/9999 2588/3329/10000 
f 2577/3318/10001 2578/3317/10002 2590/3330/10003 2589/3331/10004 
f 2578/3317/10005 2579/3319/10006 2591/3332/10007 2590/3330/10008 
f 2579/3319/10009 2580/3320/10010 2592/3333/10011 2591/3332/10012 
f 2580/3320/10013 2581/3321/10014 2593/3334/10015 2592/3333/10016 
f 2581/3321/10017 2582/3322/10018 2594/3335/10019 2593/3334/10020 
f 2582/3322/10021 2583/3323/10022 2595/3336/10023 2594/3335/10024 
f 2583/3325/10025 2584/3324/10026 2596/3337/10027 2595/3338/10028 
f 2584/3324/10029 2585/3326/10030 2597/3339/10031 2596/3337/10032 
f 2585/3326/10033 2586/3327/10034 2598/3340/10035 2597/3339/10036 
f 2586/3327/10037 2587/3328/10038 2599/3341/10039 2598/3340/10040 
f 2587/3328/10041 2588/3329/10042 2600/3342/10043 2599/3341/10044 
f 2588/3329/10045 2577/3318/10046 2589/3331/10047 2600/3342/10048 
f 2589/3331/10049 2590/3330/10050 2602/3343/10051 2601/3344/10052 
f 2590/3330/10053 2591/3332/10054 2603/3345/10055 2602/3343/10056 
f 2591/3332/10057 2592/3333/10058 2604/3346/10059 2603/3345/10060 
f 2592/3333/10061 2593/3334/10062 2605/3347/10063 2604/3346/10064 
f 2593/3334/10065 2594/3335/10066 2606/3348/10067 2605/3347/10068 
f 2594/3335/10069 2595/3336/10070 2607/3349/10071 2606/3348/10072 
f 2595/3338/10073 2596/3337/10074 2608/3350/10075 2607/3351/10076 
f 2596/3337/10077 2597/3339/10078 2609/3352/10079 2608/3350/10080 
f 2597/3339/10081 2598/3340/10082 2610/3353/10083 2609/3352/10084 
f 2598/3340/10085 2599/3341/10086 2611/3354/10087 2610/3353/10088 
f 2599/3341/10089 2600/3342/10090 2612/3355/10091 2611/3354/10092 
f 2600/3342/10093 2589/3331/10094 2601/3344/10095 2612/3355/10096 
f 2601/3344/10097 2602/3343/10098 2266/2980/10099 2265/2979/10100 
f 2602/3343/10101 2603/3345/10102 2267/2983/10103 2266/2980/10104 
f 2603/3345/10105 2604/3346/10106 2268/2985/10107 2267/2983/10108 
f 2604/3346/10109 2605/3347/10110 2269/2987/10111 2268/2985/10112 
f 2605/3347/10113 2606/3348/10114 2270/2989/10115 2269/2987/10116 
f 2606/3348/10117 2607/3349/10118 2271/2991/10119 2270/2989/10120 
f 2607/3351/10121 2608/3350/10122 2272/2994/10123 2271/2993/10124 
f 2608/3350/10125 2609/3352/10126 2273/2997/10127 2272/2994/10128 
f 2609/3352/10129 2610/3353/10130 2274/2999/10131 2273/2997/10132 
f 2610/3353/10133 2611/3354/10134 2275/3001/10135 2274/2999/10136 
f 2611/3354/10137 2612/3355/10138 2276/3003/10139 2275/3001/10140 
f 2612/3355/10141 2601/3344/10142 2265/2979/10143 2276/3003/10144 
f 2613/1753/10145 2614/1754/10146 2626/1755/10147 2625/1756/10148 
f 2614/1754/10149 2615/1757/10150 2627/1758/10151 2626/1755/10152 
f 2615/1757/10153 2616/1759/10154 2628/1760/10155 2627/1758/10156 
f 2616/1759/10157 2617/1761/10158 2629/1762/10159 2628/1760/10160 
f 2617/1761/10161 2618/1763/10162 2630/1764/10163 2629/1762/10164 
f 2618/1763/10165 2619/1765/10166 2631/1766/10167 2630/1764/10168 
f 2619/1767/10169 2620/1768/10170 2632/1769/10171 2631/1770/10172 
f 2620/1768/10173 2621/1771/10174 2633/1772/10175 2632/1769/10176 
f 2621/1771/10177 2622/1773/10178 2634/1774/10179 2633/1772/10180 
f 2622/1773/10181 2623/1775/10182 2635/1776/10183 2634/1774/10184 
f 2623/1775/10185 2624/1777/10186 2636/1778/10187 2635/1776/10188 
f 2624/1777/10189 2613/1753/10190 2625/1756/10191 2636/1778/10192 
f 2625/1756/10193 2626/1755/10194 2638/1779/10195 2637/1780/10196 
f 2626/1755/10197 2627/1758/10198 2639/1781/10199 2638/1779/10200 
f 2627/1758/10201 2628/1760/10202 2640/1782/10203 2639/1781/10204 
f 2628/1760/10205 2629/1762/10206 2641/1783/10207 2640/1782/10208 
f 2629/1762/10209 2630/1764/10210 2642/1784/10211 2641/1783/10212 
f 2630/1764/10213 2631/1766/10214 2643/1785/10215 2642/1784/10216 
f 2631/1770/10217 2632/1769/10218 2644/1786/10219 2643/1787/10220 
f 2632/1769/10221 2633/1772/10222 2645/1788/10223 2644/1786/10224 
f 2633/1772/10225 2634/1774/10226 2646/1789/10227 2645/1788/10228 
f 2634/1774/10229 2635/1776/10230 2647/1790/10231 2646/1789/10232 
f 2635/1776/10233 2636/1778/10234 2648/1791/10235 2647/1790/10236 
f 2636/1778/10237 2625/1756/10238 2637/1780/10239 2648/1791/10240 
f 2637/1780/10241 2638/1779/10242 2650/1792/10243 2649/1793/10244 
f 2638/1779/10245 2639/1781/10246 2651/1794/10247 2650/1792/10248 
f 2639/1781/10249 2640/1782/10250 2652/1795/10251 2651/1794/10252 
f 2640/1782/10253 2641/1783/10254 2653/1796/10255 2652/1795/10256 
f 2641/1783/10257 2642/1784/10258 2654/1797/10259 2653/1796/10260 
f 2642/1784/10261 2643/1785/10262 2655/1798/10263 2654/1797/10264 
f 2643/1787/10265 2644/1786/10266 2656/1799/10267 2655/1800/10268 
f 2644/1786/10269 2645/1788/10270 2657/1801/10271 2656/1799/10272 
f 2645/1788/10273 2646/1789/10274 2658/1802/10275 2657/1801/10276 
f 2646/1789/10277 2647/1790/10278 2659/1803/10279 2658/1802/10280 
f 2647/1790/10281 2648/1791/10282 2660/1804/10283 2659/1803/10284 
f 2648/1791/10285 2637/1780/10286 2649/1793/10287 2660/1804/10288 
f 2649/1793/10289 2650/1792/10290 2662/1805/10291 2661/1806/10292 
f 2650/1792/10293 2651/1794/10294 2663/1807/10295 2662/1805/10296 
f 2651/1794/10297 2652/1795/10298 2664/1808/10299 2663/1807/10300 
f 2652/1795/10301 2653/1796/10302 2665/1809/10303 2664/1808/10304 
f 2653/1796/10305 2654/1797/10306 2666/1810/10307 2665/1809/10308 
f 2654/1797/10309 2655/1798/10310 2667/1811/10311 2666/1810/10312 
f 2655/1800/10313 2656/1799/10314 2668/1812/10315 2667/1813/10316 
f 2656/1799/10317 2657/1801/10318 2669/1814/10319 2668/1812/10320 
f 2657/1801/10321 2658/1802/10322 2670/1815/10323 2669/1814/10324 
f 2658/1802/10325 2659/1803/10326 2671/1816/10327 2670/1815/10328 
f 2659/1803/10329 2660/1804/10330 2672/1817/10331 2671/1816/10332 
f 2660/1804/10333 2649/1793/10334 2661/1806/10335 2672/1817/10336 
f 2661/1806/10337 2662/1805/10338 2674/1818/10339 2673/1819/10340 
f 2662/1805/10341 2663/1807/10342 2675/1820/10343 2674/1818/10344 
f 2663/1807/10345 2664/1808/10346 2676/1821/10347 2675/1820/10348 
f 2664/1808/10349 2665/1809/10350 2677/1822/10351 2676/1821/10352 
f 2665/1809/10353 2666/1810/10354 2678/1823/10355 2677/1822/10356 
f 2666/1810/10357 2667/1811/10358 2679/1824/10359 2678/1823/10360 
f 2667/1813/10361 2668/1812/10362 2680/1825/10363 2679/1826/10364 
f 2668/1812/10365 2669/1814/10366 2681/1827/10367 2680/1825/10368 
f 2669/1814/10369 2670/1815/10370 2682/1828/10371 2681/1827/10372 
f 2670/1815/10373 2671/1816/10374 2683/1829/10375 2682/1828/10376 
f 2671/1816/10377 2672/1817/10378 2684/1830/10379 2683/1829/10380 
f 2672/1817/10381 2661/1806/10382 2673/1819/10383 2684/1830/10384 
f 2673/1819/10385 2674/1818/10386 2686/1831/10387 2685/1832/10388 
f 2674/1818/10389 2675/1820/10390 2687/1833/10391 2686/1831/10392 
f 2675/1820/10393 2676/1821/10394 2688/1834/10395 2687/1833/10396 
f 2676/1821/10397 2677/1822/10398 2689/1835/10399 2688/1834/10400 
f 2677/1822/10401 2678/1823/10402 2690/1836/10403 2689/1835/10404 
f 2678/1823/10405 2679/1824/10406 2691/1837/10407 2690/1836/10408 
f 2679/1826/10409 2680/1825/10410 2692/1838/10411 2691/1839/10412 
f 2680/1825/10413 2681/1827/10414 2693/1840/10415 2692/1838/10416 
f 2681/1827/10417 2682/1828/10418 2694/1841/10419 2693/1840/10420 
f 2682/1828/10421 2683/1829/10422 2695/1842/10423 2694/1841/10424 
f 2683/1829/10425 2684/1830/10426 2696/1843/10427 2695/1842/10428 
f 2684/1830/10429 2673/1819/10430 2685/1832/10431 2696/1843/10432 
f 2685/1832/10433 2686/1831/10434 2698/1844/10435 2697/1845/10436 
f 2686/1831/10437 2687/1833/10438 2699/1846/10439 2698/1844/10440 
f 2687/1833/10441 2688/1834/10442 2700/1847/10443 2699/1846/10444 
f 2688/1834/10445 2689/1835/10446 2701/1848/10447 2700/1847/10448 
f 2689/1835/10449 2690/1836/10450 2702/1849/10451 2701/1848/10452 
f 2690/1836/10453 2691/1837/10454 2703/1850/10455 2702/1849/10456 
f 2691/1839/10457 2692/1838/10458 2704/1851/10459 2703/1852/10460 
f 2692/1838/10461 2693/1840/10462 2705/1853/10463 2704/1851/10464 
f 2693/1840/10465 2694/1841/10466 2706/1854/10467 2705/1853/10468 
f 2694/1841/10469 2695/1842/10470 2707/1855/10471 2706/1854/10472 
f 2695/1842/10473 2696/1843/10474 2708/1856/10475 2707/1855/10476 
f 2696/1843/10477 2685/1832/10478 2697/1845/10479 2708/1856/10480 
f 2697/1845/10481 2698/1844/10482 2710/1857/10483 2709/1858/10484 
f 2698/1844/10485 2699/1846/10486 2711/1859/10487 2710/1857/10488 
f 2699/1846/10489 2700/1847/10490 2712/1860/10491 2711/1859/10492 
f 2700/1847/10493 2701/1848/10494 2713/1861/10495 2712/1860/10496 
f 2701/1848/10497 2702/1849/10498 2714/1862/10499 2713/1861/10500 
f 2702/1849/10501 2703/1850/10502 2715/1863/10503 2714/1862/10504 
f 2703/1852/10505 2704/1851/10506 2716/1864/10507 2715/1865/10508 
f 2704/1851/10509 2705/1853/10510 2717/1866/10511 2716/1864/10512 
f 2705/1853/10513 2706/1854/10514 2718/1867/10515 2717/1866/10516 
f 2706/1854/10517 2707/1855/10518 2719/1868/10519 2718/1867/10520 
f 2707/1855/10521 2708/1856/10522 2720/1869/10523 2719/1868/10524 
f 2708/1856/10525 2697/1845/10526 2709/1858/10527 2720/1869/10528 
f 2709/1858/10529 2710/1857/10530 2722/1870/10531 2721/1871/10532 
f 2710/1857/10533 2711/1859/10534 2723/1872/10535 2722/1870/10536 
f 2711/1859/10537 2712/1860/10538 2724/1873/10539 2723/1872/10540 
f 2712/1860/10541 2713/1861/10542 2725/1874/10543 2724/1873/10544 
f 2713/1861/10545 2714/1862/10546 2726/1875/10547 2725/1874/10548 
f 2714/1862/10549 2715/1863/10550 2727/1876/10551 2726/1875/10552 
f 2715/1865/10553 2716/1864/10554 2728/1877/10555 2727/1878/10556 
f 2716/1864/10557 2717/1866/10558 2729/1879/10559 2728/1877/10560 
f 2717/1866/10561 2718/1867/10562 2730/1880/10563 2729/1879/10564 
f 2718/1867/10565 2719/1868/10566 2731/1881/10567 2730/1880/10568 
f 2719/1868/10569 2720/1869/10570 2732/1882/10571 2731/1881/10572 
f 2720/1869/10573 2709/1858/10574 2721/1871/10575 2732/1882/10576 
f 2721/1871/10577 2722/1870/10578 2734/1883/10579 2733/1884/10580 
f 2722/1870/10581 2723/1872/10582 2735/1885/10583 2734/1883/10584 
f 2723/1872/10585 2724/1873/10586 2736/1886/10587 2735/1885/10588 
f 2724/1873/10589 2725/1874/10590 2737/1887/10591 2736/1886/10592 
f 2725/1874/10593 2726/1875/10594 2738/1888/10595 2737/1887/10596 
f 2726/1875/10597 2727/1876/10598 2739/1889/10599 2738/1888/10600 
f 2727/1878/10601 2728/1877/10602 2740/1890/10603 2739/1891/10604 
f 2728/1877/10605 2729/1879/10606 2741/1892/10607 2740/1890/10608 
f 2729/1879/10609 2730/1880/10610 2742/1893/10611 2741/1892/10612 
f 2730/1880/10613 2731/1881/10614 2743/1894/10615 2742/1893/10616 
f 2731/1881/10617 2732/1882/10618 2744/1895/10619 2743/1894/10620 
f 2732/1882/10621 2721/1871/10622 2733/1884/10623 2744/1895/10624 
f 2733/1884/10625 2734/1883/10626 2746/1896/10627 2745/1897/10628 
f 2734/1883/10629 2735/1885/10630 2747/1898/10631 2746/1896/10632 
f 2735/1885/10633 2736/1886/10634 2748/1899/10635 2747/1898/10636 
f 2736/1886/10637 2737/1887/10638 2749/1900/10639 2748/1899/10640 
f 2737/1887/10641 2738/1888/10642 2750/1901/10643 2749/1900/10644 
f 2738/1888/10645 2739/1889/10646 2751/1902/10647 2750/1901/10648 
f 2739/1891/10649 2740/1890/10650 2752/1903/10651 2751/1904/10652 
f 2740/1890/10653 2741/1892/10654 2753/1905/10655 2752/1903/10656 
f 2741/1892/10657 2742/1893/10658 2754/1906/10659 2753/1905/10660 
f 2742/1893/10661 2743/1894/10662 2755/1907/10663 2754/1906/10664 
f 2743/1894/10665 2744/1895/10666 2756/1908/10667 2755/1907/10668 
f 2744/1895/10669 2733/1884/10670 2745/1897/10671 2756/1908/10672 
f 2745/1897/10673 2746/1896/10674 2758/1909/10675 2757/1910/10676 
f 2746/1896/10677 2747/1898/10678 2759/1911/10679 2758/1909/10680 
f 2747/1898/10681 2748/1899/10682 2760/1912/10683 2759/1911/10684 
f 2748/1899/10685 2749/1900/10686 2761/1913/10687 2760/1912/10688 
f 2749/1900/10689 2750/1901/10690 2762/1914/10691 2761/1913/10692 
f 2750/1901/10693 2751/1902/10694 2763/1915/10695 2762/1914/10696 
f 2751/1904/10697 2752/1903/10698 2764/1916/10699 2763/1917/10700 
f 2752/1903/10701 2753/1905/10702 2765/1918/10703 2764/1916/10704 
f 2753/1905/10705 2754/1906/10706 2766/1919/10707 2765/1918/10708 
f 2754/1906/10709 2755/1907/10710 2767/1920/10711 2766/1919/10712 
f 2755/1907/10713 2756/1908/10714 2768/1921/10715 2767/1920/10716 
f 2756/1908/10717 2745/1897/10718 2757/1910/10719 2768/1921/10720 
f 2757/1910/10721 2758/1909/10722 2770/1922/10723 2769/1923/10724 
f 2758/1909/10725 2759/1911/10726 2771/1924/10727 2770/1922/10728 
f 2759/1911/10729 2760/1912/10730 2772/1925/10731 2771/1924/10732 
f 2760/1912/10733 2761/1913/10734 2773/1926/10735 2772/1925/10736 
f 2761/1913/10737 2762/1914/10738 2774/1927/10739 2773/1926/10740 
f 2762/1914/10741 2763/1915/10742 2775/1928/10743 2774/1927/10744 
f 2763/1917/10745 2764/1916/10746 2776/1929/10747 2775/1930/10748 
f 2764/1916/10749 2765/1918/10750 2777/1931/10751 2776/1929/10752 
f 2765/1918/10753 2766/1919/10754 2778/1932/10755 2777/1931/10756 
f 2766/1919/10757 2767/1920/10758 2779/1933/10759 2778/1932/10760 
f 2767/1920/10761 2768/1921/10762 2780/1934/10763 2779/1933/10764 
f 2768/1921/10765 2757/1910/10766 2769/1923/10767 2780/1934/10768 
f 2769/1923/10769 2770/1922/10770 2782/1935/10771 2781/1936/10772 
f 2770/1922/10773 2771/1924/10774 2783/1937/10775 2782/1935/10776 
f 2771/1924/10777 2772/1925/10778 2784/1938/10779 2783/1937/10780 
f 2772/1925/10781 2773/1926/10782 2785/1939/10783 2784/1938/10784 
f 2773/1926/10785 2774/1927/10786 2786/1940/10787 2785/1939/10788 
f 2774/1927/10789 2775/1928/10790 2787/1941/10791 2786/1940/10792 
f 2775/1930/10793 2776/1929/10794 2788/1942/10795 2787/1943/10796 
f 2776/1929/10797 2777/1931/10798 2789/1944/10799 2788/1942/10800 
f 2777/1931/10801 2778/1932/10802 2790/1945/10803 2789/1944/10804 
f 2778/1932/10805 2779/1933/10806 2791/1946/10807 2790/1945/10808 
f 2779/1933/10809 2780/1934/10810 2792/1947/10811 2791/1946/10812 
f 2780/1934/10813 2769/1923/10814 2781/1936/10815 2792/1947/10816 
f 2793/1948/10817 2794/1949/10818 2806/1950/10819 2805/1951/10820 
f 2794/1949/10821 2795/1952/10822 2807/1953/10823 2806/1950/10824 
f 2795/1952/10825 2796/1954/10826 2808/1955/10827 2807/1953/10828 
f 2796/1954/10829 2797/1956/10830 2809/1957/10831 2808/1955/10832 
f 2797/1956/10833 2798/1958/10834 2810/1959/10835 2809/1957/10836 
f 2798/1958/10837 2799/1960/10838 2811/1961/10839 2810/1959/10840 
f 2799/1962/10841 2800/1963/10842 2812/1964/10843 2811/1965/10844 
f 2800/1963/10845 2801/1966/10846 2813/1967/10847 2812/1964/10848 
f 2801/1966/10849 2802/1968/10850 2814/1969/10851 2813/1967/10852 
f 2802/1968/10853 2803/1970/10854 2815/1971/10855 2814/1969/10856 
f 2803/1970/10857 2804/1972/10858 2816/1973/10859 2815/1971/10860 
f 2804/1972/10861 2793/1948/10862 2805/1951/10863 2816/1973/10864 
f 2805/1951/10865 2806/1950/10866 2818/1974/10867 2817/1975/10868 
f 2806/1950/10869 2807/1953/10870 2819/1976/10871 2818/1974/10872 
f 2807/1953/10873 2808/1955/10874 2820/1977/10875 2819/1976/10876 
f 2808/1955/10877 2809/1957/10878 2821/1978/10879 2820/1977/10880 
f 2809/1957/10881 2810/1959/10882 2822/1979/10883 2821/1978/10884 
f 2810/1959/10885 2811/1961/10886 2823/1980/10887 2822/1979/10888 
f 2811/1965/10889 2812/1964/10890 2824/1981/10891 2823/1982/10892 
f 2812/1964/10893 2813/1967/10894 2825/1983/10895 2824/1981/10896 
f 2813/1967/10897 2814/1969/10898 2826/1984/10899 2825/1983/10900 
f 2814/1969/10901 2815/1971/10902 2827/1985/10903 2826/1984/10904 
f 2815/1971/10905 2816/1973/10906 2828/1986/10907 2827/1985/10908 
f 2816/1973/10909 2805/1951/10910 2817/1975/10911 2828/1986/10912 
f 2817/1975/10913 2818/1974/10914 2830/1987/10915 2829/1988/10916 
f 2818/1974/10917 2819/1976/10918 2831/1989/10919 2830/1987/10920 
f 2819/1976/10921 2820/1977/10922 2832/1990/10923 2831/1989/10924 
f 2820/1977/10925 2821/1978/10926 2833/1991/10927 2832/1990/10928 
f 2821/1978/10929 2822/1979/10930 2834/1992/10931 2833/1991/10932 
f 2822/1979/10933 2823/1980/10934 2835/1993/10935 2834/1992/10936 
f 2823/1982/10937 2824/1981/10938 2836/1994/10939 2835/1995/10940 
f 2824/1981/10941 2825/1983/10942 2837/1996/10943 2836/1994/10944 
f 2825/1983/10945 2826/1984/10946 2838/1997/10947 2837/1996/10948 
f 2826/1984/10949 2827/1985/10950 2839/1998/10951 2838/1997/10952 
f 2827/1985/10953 2828/1986/10954 2840/1999/10955 2839/1998/10956 
f 2828/1986/10957 2817/1975/10958 2829/1988/10959 2840/1999/10960 
f 2829/1988/10961 2830/1987/10962 2842/2000/10963 2841/2001/10964 
f 2830/1987/10965 2831/1989/10966 2843/2002/10967 2842/2000/10968 
f 2831/1989/10969 2832/1990/10970 2844/2003/10971 2843/2002/10972 
f 2832/1990/10973 2833/1991/10974 2845/2004/10975 2844/2003/10976 
f 2833/1991/10977 2834/1992/10978 2846/2005/10979 2845/2004/10980 
f 2834/1992/10981 2835/1993/10982 2847/2006/10983 2846/2005/10984 
f 2835/1995/10985 2836/1994/10986 2848/2007/10987 2847/2008/10988 
f 2836/1994/10989 2837/1996/10990 2849/2009/10991 2848/2007/10992 
f 2837/1996/10993 2838/1997/10994 2850/2010/10995 2849/2009/10996 
f 2838/1997/10997 2839/1998/10998 2851/2011/10999 2850/2010/11000 
f 2839/1998/11001 2840/1999/11002 2852/2012/11003 2851/2011/11004 
f 2840/1999/11005 2829/1988/11006 2841/2001/11007 2852/2012/11008 
f 2841/2001/11009 2842/2000/11010 2854/2013/11011 2853/2014/11012 
f 2842/2000/11013 2843/2002/11014 2855/2015/11015 2854/2013/11016 
f 2843/2002/11017 2844/2003/11018 2856/2016/11019 2855/2015/11020 
f 2844/2003/11021 2845/2004/11022 2857/2017/11023 2856/2016/11024 
f 2845/2004/11025 2846/2005/11026 2858/2018/11027 2857/2017/11028 
f 2846/2005/11029 2847/2006/11030 2859/2019/11031 2858/2018/11032 
f 2847/2008/11033 2848/2007/11034 2860/2020/11035 2859/2021/11036 
f 2848/2007/11037 2849/2009/11038 2861/2022/11039 2860/2020/11040 
f 2849/2009/11041 2850/2010/11042 2862/2023/11043 2861/2022/11044 
f 2850/2010/11045 2851/2011/11046 2863/2024/11047 2862/2023/11048 
f 2851/2011/11049 2852/2012/11050 2864/2025/11051 2863/2024/11052 
f 2852/2012/11053 2841/2001/11054 2853/2014/11055 2864/2025/11056 
f 2853/2014/11057 2854/2013/11058 2866/2026/11059 2865/2027/11060 
f 2854/2013/11061 2855/2015/11062 2867/2028/11063 2866/2026/11064 
f 2855/2015/11065 2856/2016/11066 2868/2029/11067 2867/2028/11068 
f 2856/2016/11069 2857/2017/11070 2869/2030/11071 2868/2029/11072 
f 2857/2017/11073 2858/2018/11074 2870/2031/11075 2869/2030/11076 
f 2858/2018/11077 2859/2019/11078 2871/2032/11079 2870/2031/11080 
f 2859/2021/11081 2860/2020/11082 2872/2033/11083 2871/2034/11084 
f 2860/2020/11085 2861/2022/11086 2873/2035/11087 2872/2033/11088 
f 2861/2022/11089 2862/2023/11090 2874/2036/11091 2873/2035/11092 
f 2862/2023/11093 2863/2024/11094 2875/2037/11095 2874/2036/11096 
f 2863/2024/11097 2864/2025/11098 2876/2038/11099 2875/2037/11100 
f 2864/2025/11101 2853/2014/11102 2865/2027/11103 2876/2038/11104 
f 2865/2027/11105 2866/2026/11106 2878/2039/11107 2877/2040/11108 
f 2866/2026/11109 2867/2028/11110 2879/2041/11111 2878/2039/11112 
f 2867/2028/11113 2868/2029/11114 2880/2042/11115 2879/2041/11116 
f 2868/2029/11117 2869/2030/11118 2881/2043/11119 2880/2042/11120 
f 2869/2030/11121 2870/2031/11122 2882/2044/11123 2881/2043/11124 
f 2870/2031/11125 2871/2032/11126 2883/2045/11127 2882/2044/11128 
f 2871/2034/11129 2872/2033/11130 2884/2046/11131 2883/2047/11132 
f 2872/2033/11133 2873/2035/11134 2885/2048/11135 2884/2046/11136 
f 2873/2035/11137 2874/2036/11138 2886/2049/11139 2885/2048/11140 
f 2874/2036/11141 2875/2037/11142 2887/2050/11143 2886/2049/11144 
f 2875/2037/11145 2876/2038/11146 2888/2051/11147 2887/2050/11148 
f 2876/2038/11149 2865/2027/11150 2877/2040/11151 2888/2051/11152 
f 2877/2040/11153 2878/2039/11154 2890/2052/11155 2889/2053/11156 
f 2878/2039/11157 2879/2041/11158 2891/2054/11159 2890/2052/11160 
f 2879/2041/11161 2880/2042/11162 2892/2055/11163 2891/2054/11164 
f 2880/2042/11165 2881/2043/11166 2893/2056/11167 2892/2055/11168 
f 2881/2043/11169 2882/2044/11170 2894/2057/11171 2893/2056/11172 
f 2882/2044/11173 2883/2045/11174 2895/2058/11175 2894/2057/11176 
f 2883/2047/11177 2884/2046/11178 2896/2059/11179 2895/2060/11180 
f 2884/2046/11181 2885/2048/11182 2897/2061/11183 2896/2059/11184 
f 2885/2048/11185 2886/2049/11186 2898/2062/11187 2897/2061/11188 
f 2886/2049/11189 2887/2050/11190 2899/2063/11191 2898/2062/11192 
f 2887/2050/11193 2888/2051/11194 2900/2064/11195 2899/2063/11196 
f 2888/2051/11197 2877/2040/11198 2889/2053/11199 2900/2064/11200 
f 2889/2053/11201 2890/2052/11202 2902/2065/11203 2901/2066/11204 
f 2890/2052/11205 2891/2054/11206 2903/2067/11207 2902/2065/11208 
f 2891/2054/11209 2892/2055/11210 2904/2068/11211 2903/2067/11212 
f 2892/2055/11213 2893/2056/11214 2905/2069/11215 2904/2068/11216 
f 2893/2056/11217 2894/2057/11218 2906/2070/11219 2905/2069/11220 
f 2894/2057/11221 2895/2058/11222 2907/2071/11223 2906/2070/11224 
f 2895/2060/11225 2896/2059/11226 2908/2072/11227 2907/2073/11228 
f 2896/2059/11229 2897/2061/11230 2909/2074/11231 2908/2072/11232 
f 2897/2061/11233 2898/2062/11234 2910/2075/11235 2909/2074/11236 
f 2898/2062/11237 2899/2063/11238 2911/2076/11239 2910/2075/11240 
f 2899/2063/11241 2900/2064/11242 2912/2077/11243 2911/2076/11244 
f 2900/2064/11245 2889/2053/11246 2901/2066/11247 2912/2077/11248 
f 2901/2066/11249 2902/2065/11250 2914/2078/11251 2913/2079/11252 
f 2902/2065/11253 2903/2067/11254 2915/2080/11255 2914/2078/11256 
f 2903/2067/11257 2904/2068/11258 2916/2081/11259 2915/2080/11260 
f 2904/2068/11261 2905/2069/11262 2917/2082/11263 2916/2081/11264 
f 2905/2069/11265 2906/2070/11266 2918/2083/11267 2917/2082/11268 
f 2906/2070/11269 2907/2071/11270 2919/2084/11271 2918/2083/11272 
f 2907/2073/11273 2908/2072/11274 2920/2085/11275 2919/2086/11276 
f 2908/2072/11277 2909/2074/11278 2921/2087/11279 2920/2085/11280 
f 2909/2074/11281 2910/2075/11282 2922/2088/11283 2921/2087/11284 
f 2910/2075/11285 2911/2076/11286 2923/2089/11287 2922/2088/11288 
f 2911/2076/11289 2912/2077/11290 2924/2090/11291 2923/2089/11292 
f 2912/2077/11293 2901/2066/11294 2913/2079/11295 2924/2090/11296 
f 2913/2079/11297 2914/2078/11298 2926/2091/11299 2925/2092/11300 
f 2914/2078/11301 2915/2080/11302 2927/2093/11303 2926/2091/11304 
f 2915/2080/11305 2916/2081/11306 2928/2094/11307 2927/2093/11308 
f 2916/2081/11309 2917/2082/11310 2929/2095/11311 2928/2094/11312 
f 2917/2082/11313 2918/2083/11314 2930/2096/11315 2929/2095/11316 
f 2918/2083/11317 2919/2084/11318 2931/2097/11319 2930/2096/11320 
f 2919/2086/11321 2920/2085/11322 2932/2098/11323 2931/2099/11324 
f 2920/2085/11325 2921/2087/11326 2933/2100/11327 2932/2098/11328 
f 2921/2087/11329 2922/2088/11330 2934/2101/11331 2933/2100/11332 
f 2922/2088/11333 2923/2089/11334 2935/2102/11335 2934/2101/11336 
f 2923/2089/11337 2924/2090/11338 2936/2103/11339 2935/2102/11340 
f 2924/2090/11341 2913/2079/11342 2925/2092/11343 2936/2103/11344 
f 2925/2092/11345 2926/2091/11346 2938/2104/11347 2937/2105/11348 
f 2926/2091/11349 2927/2093/11350 2939/2106/11351 2938/2104/11352 
f 2927/2093/11353 2928/2094/11354 2940/2107/11355 2939/2106/11356 
f 2928/2094/11357 2929/2095/11358 2941/2108/11359 2940/2107/11360 
f 2929/2095/11361 2930/2096/11362 2942/2109/11363 2941/2108/11364 
f 2930/2096/11365 2931/2097/11366 2943/2110/11367 2942/2109/11368 
f 2931/2099/11369 2932/2098/11370 2944/2111/11371 2943/2112/11372 
f 2932/2098/11373 2933/2100/11374 2945/2113/11375 2944/2111/11376 
f 2933/2100/11377 2934/2101/11378 2946/2114/11379 2945/2113/11380 
f 2934/2101/11381 2935/2102/11382 2947/2115/11383 2946/2114/11384 
f 2935/2102/11385 2936/2103/11386 2948/2116/11387 2947/2115/11388 
f 2936/2103/11389 2925/2092/11390 2937/2105/11391 2948/2116/11392 
f 2937/2105/11393 2938/2104/11394 2950/2117/11395 2949/2118/11396 
f 2938/2104/11397 2939/2106/11398 2951/2119/11399 2950/2117/11400 
f 2939/2106/11401 2940/2107/11402 2952/2120/11403 2951/2119/11404 
f 2940/2107/11405 2941/2108/11406 2953/2121/11407 2952/2120/11408 
f 2941/2108/11409 2942/2109/11410 2954/2122/11411 2953/2121/11412 
f 2942/2109/11413 2943/2110/11414 2955/2123/11415 2954/2122/11416 
f 2943/2112/11417 2944/2111/11418 2956/2124/11419 2955/2125/11420 
f 2944/2111/11421 2945/2113/11422 2957/2126/11423 2956/2124/11424 
f 2945/2113/11425 2946/2114/11426 2958/2127/11427 2957/2126/11428 
f 2946/2114/11429 2947/2115/11430 2959/2128/11431 2958/2127/11432 
f 2947/2115/11433 2948/2116/11434 2960/2129/11435 2959/2128/11436 
f 2948/2116/11437 2937/2105/11438 2949/2118/11439 2960/2129/11440 
f 2949/2118/11441 2950/2117/11442 2614/1754/11443 2613/1753/11444 
f 2950/2117/11445 2951/2119/11446 2615/1757/11447 2614/1754/11448 
f 2951/2119/11449 2952/2120/11450 2616/1759/11451 2615/1757/11452 
f 2952/2120/11453 2953/2121/11454 2617/1761/11455 2616/1759/11456 
f 2953/2121/11457 2954/2122/11458 2618/1763/11459 2617/1761/11460 
f 2954/2122/11461 2955/2123/11462 2619/1765/11463 2618/1763/11464 
f 2955/2125/11465 2956/2124/11466 2620/1768/11467 2619/1767/11468 
f 2956/2124/11469 2957/2126/11470 2621/1771/11471 2620/1768/11472 
f 2957/2126/11473 2958/2127/11474 2622/1773/11475 2621/1771/11476 
f 2958/2127/11477 2959/2128/11478 2623/1775/11479 2622/1773/11480 
f 2959/2128/11481 2960/2129/11482 2624/1777/11483 2623/1775/11484 
f 2960/2129/11485 2949/2118/11486 2613/1753/11487 2624/1777/11488 
s 2
f 2962/3356/11489 2971/3357/11490 2972/3358/11491 2961/3359/11492 
f 2974/3360/11493 2975/3361/11494 2976/3362/11495 2973/3363/11496 
f 2986/2130/11497 2987/2131/11498 2996/2132/11499 2985/2133/11500 
f 2998/2134/11501 3007/2135/11502 3008/2136/11503 2997/2137/11504 
s 1
f 2433/3162/11505 2434/3161/11506 2962/3364/11507 2961/3365/11508 
f 2434/3161/11509 2435/3163/11510 2963/3366/11511 2962/3364/11512 
f 2435/3163/11513 2436/3164/11514 2964/3367/11515 2963/3366/11516 
f 2436/3164/11517 2437/3165/11518 2965/3368/11519 2964/3367/11520 
f 2437/3165/11521 2438/3166/11522 2966/3393/11523 2965/3368/11524 
f 2438/3166/11525 2439/3167/11526 2967/3394/11527 2966/3393/11528 
f 2439/3169/11529 2440/3168/11530 2968/3395/11531 2967/3396/11532 
f 2440/3168/11533 2441/3170/11534 2969/3397/11535 2968/3395/11536 
f 2441/3170/11537 2442/3171/11538 2970/3398/11539 2969/3397/11540 
f 2442/3171/11541 2443/3172/11542 2971/3399/11543 2970/3398/11544 
f 2443/3172/11545 2444/3173/11546 2972/3400/11547 2971/3399/11548 
f 2444/3173/11549 2433/3162/11550 2961/3365/11551 2972/3400/11552 
f 2446/3175/11553 2445/3174/11554 2974/3401/11555 2973/3402/11556 
f 2445/3174/11557 2456/3198/11558 2975/3403/11559 2974/3401/11560 
f 2456/3198/11561 2455/3196/11562 2976/3404/11563 2975/3403/11564 
f 2455/3196/11565 2454/3194/11566 2977/3405/11567 2976/3404/11568 
f 2454/3194/11569 2453/3192/11570 2978/3406/11571 2977/3405/11572 
f 2453/3192/11573 2452/3189/11574 2979/3407/11575 2978/3406/11576 
f 2452/3189/11577 2451/3188/11578 2980/3408/11579 2979/3407/11580 
f 2451/3186/11581 2450/3184/11582 2981/3409/11583 2980/3410/11584 
f 2450/3184/11585 2449/3182/11586 2982/3411/11587 2981/3409/11588 
f 2449/3182/11589 2448/3180/11590 2983/3412/11591 2982/3411/11592 
f 2448/3180/11593 2447/3178/11594 2984/3413/11595 2983/3412/11596 
f 2447/3178/11597 2446/3175/11598 2973/3402/11599 2984/3413/11600 
f 2781/1936/11601 2782/1935/11602 2986/2138/11603 2985/2139/11604 
f 2782/1935/11605 2783/1937/11606 2987/2140/11607 2986/2138/11608 
f 2783/1937/11609 2784/1938/11610 2988/2141/11611 2987/2140/11612 
f 2784/1938/11613 2785/1939/11614 2989/2142/11615 2988/2141/11616 
f 2785/1939/11617 2786/1940/11618 2990/2533/11619 2989/2142/11620 
f 2786/1940/11621 2787/1941/11622 2991/2534/11623 2990/2533/11624 
f 2787/1943/11625 2788/1942/11626 2992/2535/11627 2991/2536/11628 
f 2788/1942/11629 2789/1944/11630 2993/2537/11631 2992/2535/11632 
f 2789/1944/11633 2790/1945/11634 2994/2538/11635 2993/2537/11636 
f 2790/1945/11637 2791/1946/11638 2995/2539/11639 2994/2538/11640 
f 2791/1946/11641 2792/1947/11642 2996/2540/11643 2995/2539/11644 
f 2792/1947/11645 2781/1936/11646 2985/2139/11647 2996/2540/11648 
f 2794/1949/11649 2793/1948/11650 2998/2541/11651 2997/2542/11652 
f 2793/1948/11653 2804/1972/11654 2999/2543/11655 2998/2541/11656 
f 2804/1972/11657 2803/1970/11658 3000/2544/11659 2999/2543/11660 
f 2803/1970/11661 2802/1968/11662 3001/2545/11663 3000/2544/11664 
f 2802/1968/11665 2801/1966/11666 3002/2546/11667 3001/2545/11668 
f 2801/1966/11669 2800/1963/11670 3003/2547/11671 3002/2546/11672 
f 2800/1963/11673 2799/1962/11674 3004/2548/11675 3003/2547/11676 
f 2799/1960/11677 2798/1958/11678 3005/2549/11679 3004/2550/11680 
f 2798/1958/11681 2797/1956/11682 3006/2551/11683 3005/2549/11684 
f 2797/1956/11685 2796/1954/11686 3007/2552/11687 3006/2551/11688 
f 2796/1954/11689 2795/1952/11690 3008/2553/11691 3007/2552/11692 
f 2795/1952/11693 2794/1949/11694 2997/2542/11695 3008/2553/11696 
f 3009/3425/11697 3010/3426/11698 3022/3427/11699 3021/3428/11700 
f 3010/3426/11701 3011/3429/11702 3023/3430/11703 3022/3427/11704 
f 3011/3429/11705 3012/3431/11706 3024/3432/11707 3023/3430/11708 
f 3012/3431/11709 3013/3433/11710 3025/3434/11711 3024/3432/11712 
f 3013/3433/11713 3014/3435/11714 3026/3436/11715 3025/3434/11716 
f 3014/3435/11717 3015/3437/11718 3027/3438/11719 3026/3436/11720 
f 3015/3439/11721 3016/3440/11722 3028/3441/11723 3027/3442/11724 
f 3016/3440/11725 3017/3443/11726 3029/3444/11727 3028/3441/11728 
f 3017/3443/11729 3018/3445/11730 3030/3446/11731 3029/3444/11732 
f 3018/3445/11733 3019/3447/11734 3031/3448/11735 3030/3446/11736 
f 3019/3447/11737 3020/3449/11738 3032/3450/11739 3031/3448/11740 
f 3020/3449/11741 3009/3425/11742 3021/3428/11743 3032/3450/11744 
f 3021/3428/11745 3022/3427/11746 3034/3451/11747 3033/3452/11748 
f 3022/3427/11749 3023/3430/11750 3035/3453/11751 3034/3451/11752 
f 3023/3430/11753 3024/3432/11754 3036/3454/11755 3035/3453/11756 
f 3024/3432/11757 3025/3434/11758 3037/3455/11759 3036/3454/11760 
f 3025/3434/11761 3026/3436/11762 3038/3456/11763 3037/3455/11764 
f 3026/3436/11765 3027/3438/11766 3039/3457/11767 3038/3456/11768 
f 3027/3442/11769 3028/3441/11770 3040/3458/11771 3039/3459/11772 
f 3028/3441/11773 3029/3444/11774 3041/3460/11775 3040/3458/11776 
f 3029/3444/11777 3030/3446/11778 3042/3461/11779 3041/3460/11780 
f 3030/3446/11781 3031/3448/11782 3043/3462/11783 3042/3461/11784 
f 3031/3448/11785 3032/3450/11786 3044/3463/11787 3043/3462/11788 
f 3032/3450/11789 3021/3428/11790 3033/3452/11791 3044/3463/11792 
f 3033/3452/11793 3034/3451/11794 3046/3464/11795 3045/3465/11796 
f 3034/3451/11797 3035/3453/11798 3047/3466/11799 3046/3464/11800 
f 3035/3453/11801 3036/3454/11802 3048/3467/11803 3047/3466/11804 
f 3036/3454/11805 3037/3455/11806 3049/3468/11807 3048/3467/11808 
f 3037/3455/11809 3038/3456/11810 3050/3469/11811 3049/3468/11812 
f 3038/3456/11813 3039/3457/11814 3051/3470/11815 3050/3469/11816 
f 3039/3459/11817 3040/3458/11818 3052/3471/11819 3051/3472/11820 
f 3040/3458/11821 3041/3460/11822 3053/3473/11823 3052/3471/11824 
f 3041/3460/11825 3042/3461/11826 3054/3474/11827 3053/3473/11828 
f 3042/3461/11829 3043/3462/11830 3055/3475/11831 3054/3474/11832 
f 3043/3462/11833 3044/3463/11834 3056/3476/11835 3055/3475/11836 
f 3044/3463/11837 3033/3452/11838 3045/3465/11839 3056/3476/11840 
f 3045/3465/11841 3046/3464/11842 3058/3477/11843 3057/3478/11844 
f 3046/3464/11845 3047/3466/11846 3059/3479/11847 3058/3477/11848 
f 3047/3466/11849 3048/3467/11850 3060/3480/11851 3059/3479/11852 
f 3048/3467/11853 3049/3468/11854 3061/3481/11855 3060/3480/11856 
f 3049/3468/11857 3050/3469/11858 3062/3482/11859 3061/3481/11860 
f 3050/3469/11861 3051/3470/11862 3063/3483/11863 3062/3482/11864 
f 3051/3472/11865 3052/3471/11866 3064/3484/11867 3063/3485/11868 
f 3052/3471/11869 3053/3473/11870 3065/3486/11871 3064/3484/11872 
f 3053/3473/11873 3054/3474/11874 3066/3487/11875 3065/3486/11876 
f 3054/3474/11877 3055/3475/11878 3067/3488/11879 3066/3487/11880 
f 3055/3475/11881 3056/3476/11882 3068/3489/11883 3067/3488/11884 
f 3056/3476/11885 3045/3465/11886 3057/3478/11887 3068/3489/11888 
f 3057/3478/11889 3058/3477/11890 3070/3490/11891 3069/3491/11892 
f 3058/3477/11893 3059/3479/11894 3071/3492/11895 3070/3490/11896 
f 3059/3479/11897 3060/3480/11898 3072/3493/11899 3071/3492/11900 
f 3060/3480/11901 3061/3481/11902 3073/3494/11903 3072/3493/11904 
f 3061/3481/11905 3062/3482/11906 3074/3495/11907 3073/3494/11908 
f 3062/3482/11909 3063/3483/11910 3075/3496/11911 3074/3495/11912 
f 3063/3485/11913 3064/3484/11914 3076/3497/11915 3075/3498/11916 
f 3064/3484/11917 3065/3486/11918 3077/3499/11919 3076/3497/11920 
f 3065/3486/11921 3066/3487/11922 3078/3500/11923 3077/3499/11924 
f 3066/3487/11925 3067/3488/11926 3079/3501/11927 3078/3500/11928 
f 3067/3488/11929 3068/3489/11930 3080/3502/11931 3079/3501/11932 
f 3068/3489/11933 3057/3478/11934 3069/3491/11935 3080/3502/11936 
f 3069/3491/11937 3070/3490/11938 3082/3503/11939 3081/3504/11940 
f 3070/3490/11941 3071/3492/11942 3083/3505/11943 3082/3503/11944 
f 3071/3492/11945 3072/3493/11946 3084/3506/11947 3083/3505/11948 
f 3072/3493/11949 3073/3494/11950 3085/3507/11951 3084/3506/11952 
f 3073/3494/11953 3074/3495/11954 3086/3508/11955 3085/3507/11956 
f 3074/3495/11957 3075/3496/11958 3087/3509/11959 3086/3508/11960 
f 3075/3498/11961 3076/3497/11962 3088/3510/11963 3087/3511/11964 
f 3076/3497/11965 3077/3499/11966 3089/3512/11967 3088/3510/11968 
f 3077/3499/11969 3078/3500/11970 3090/3513/11971 3089/3512/11972 
f 3078/3500/11973 3079/3501/11974 3091/3514/11975 3090/3513/11976 
f 3079/3501/11977 3080/3502/11978 3092/3515/11979 3091/3514/11980 
f 3080/3502/11981 3069/3491/11982 3081/3504/11983 3092/3515/11984 
f 3081/3504/11985 3082/3503/11986 3094/3516/11987 3093/3517/11988 
f 3082/3503/11989 3083/3505/11990 3095/3518/11991 3094/3516/11992 
f 3083/3505/11993 3084/3506/11994 3096/3519/11995 3095/3518/11996 
f 3084/3506/11997 3085/3507/11998 3097/3520/11999 3096/3519/12000 
f 3085/3507/12001 3086/3508/12002 3098/3521/12003 3097/3520/12004 
f 3086/3508/12005 3087/3509/12006 3099/3522/12007 3098/3521/12008 
f 3087/3511/12009 3088/3510/12010 3100/3523/12011 3099/3524/12012 
f 3088/3510/12013 3089/3512/12014 3101/3525/12015 3100/3523/12016 
f 3089/3512/12017 3090/3513/12018 3102/3526/12019 3101/3525/12020 
f 3090/3513/12021 3091/3514/12022 3103/3527/12023 3102/3526/12024 
f 3091/3514/12025 3092/3515/12026 3104/3528/12027 3103/3527/12028 
f 3092/3515/12029 3081/3504/12030 3093/3517/12031 3104/3528/12032 
f 3093/3517/12033 3094/3516/12034 3106/3529/12035 3105/3530/12036 
f 3094/3516/12037 3095/3518/12038 3107/3531/12039 3106/3529/12040 
f 3095/3518/12041 3096/3519/12042 3108/3532/12043 3107/3531/12044 
f 3096/3519/12045 3097/3520/12046 3109/3533/12047 3108/3532/12048 
f 3097/3520/12049 3098/3521/12050 3110/3534/12051 3109/3533/12052 
f 3098/3521/12053 3099/3522/12054 3111/3535/12055 3110/3534/12056 
f 3099/3524/12057 3100/3523/12058 3112/3536/12059 3111/3537/12060 
f 3100/3523/12061 3101/3525/12062 3113/3538/12063 3112/3536/12064 
f 3101/3525/12065 3102/3526/12066 3114/3539/12067 3113/3538/12068 
f 3102/3526/12069 3103/3527/12070 3115/3540/12071 3114/3539/12072 
f 3103/3527/12073 3104/3528/12074 3116/3541/12075 3115/3540/12076 
f 3104/3528/12077 3093/3517/12078 3105/3530/12079 3116/3541/12080 
f 3105/3530/12081 3106/3529/12082 3118/3542/12083 3117/3543/12084 
f 3106/3529/12085 3107/3531/12086 3119/3544/12087 3118/3542/12088 
f 3107/3531/12089 3108/3532/12090 3120/3545/12091 3119/3544/12092 
f 3108/3532/12093 3109/3533/12094 3121/3546/12095 3120/3545/12096 
f 3109/3533/12097 3110/3534/12098 3122/3547/12099 3121/3546/12100 
f 3110/3534/12101 3111/3535/12102 3123/3548/12103 3122/3547/12104 
f 3111/3537/12105 3112/3536/12106 3124/3549/12107 3123/3550/12108 
f 3112/3536/12109 3113/3538/12110 3125/3551/12111 3124/3549/12112 
f 3113/3538/12113 3114/3539/12114 3126/3552/12115 3125/3551/12116 
f 3114/3539/12117 3115/3540/12118 3127/3553/12119 3126/3552/12120 
f 3115/3540/12121 3116/3541/12122 3128/3554/12123 3127/3553/12124 
f 3116/3541/12125 3105/3530/12126 3117/3543/12127 3128/3554/12128 
f 3117/3543/12129 3118/3542/12130 3130/3555/12131 3129/3556/12132 
f 3118/3542/12133 3119/3544/12134 3131/3557/12135 3130/3555/12136 
f 3119/3544/12137 3120/3545/12138 3132/3558/12139 3131/3557/12140 
f 3120/3545/12141 3121/3546/12142 3133/3559/12143 3132/3558/12144 
f 3121/3546/12145 3122/3547/12146 3134/3560/12147 3133/3559/12148 
f 3122/3547/12149 3123/3548/12150 3135/3561/12151 3134/3560/12152 
f 3123/3550/12153 3124/3549/12154 3136/3562/12155 3135/3563/12156 
f 3124/3549/12157 3125/3551/12158 3137/3564/12159 3136/3562/12160 
f 3125/3551/12161 3126/3552/12162 3138/3565/12163 3137/3564/12164 
f 3126/3552/12165 3127/3553/12166 3139/3566/12167 3138/3565/12168 
f 3127/3553/12169 3128/3554/12170 3140/3567/12171 3139/3566/12172 
f 3128/3554/12173 3117/3543/12174 3129/3556/12175 3140/3567/12176 
f 3129/3556/12177 3130/3555/12178 3142/3568/12179 3141/3569/12180 
f 3130/3555/12181 3131/3557/12182 3143/3570/12183 3142/3568/12184 
f 3131/3557/12185 3132/3558/12186 3144/3571/12187 3143/3570/12188 
f 3132/3558/12189 3133/3559/12190 3145/3572/12191 3144/3571/12192 
f 3133/3559/12193 3134/3560/12194 3146/3573/12195 3145/3572/12196 
f 3134/3560/12197 3135/3561/12198 3147/3574/12199 3146/3573/12200 
f 3135/3563/12201 3136/3562/12202 3148/3575/12203 3147/3576/12204 
f 3136/3562/12205 3137/3564/12206 3149/3577/12207 3148/3575/12208 
f 3137/3564/12209 3138/3565/12210 3150/3578/12211 3149/3577/12212 
f 3138/3565/12213 3139/3566/12214 3151/3579/12215 3150/3578/12216 
f 3139/3566/12217 3140/3567/12218 3152/3580/12219 3151/3579/12220 
f 3140/3567/12221 3129/3556/12222 3141/3569/12223 3152/3580/12224 
f 3141/3569/12225 3142/3568/12226 3154/3581/12227 3153/3582/12228 
f 3142/3568/12229 3143/3570/12230 3155/3583/12231 3154/3581/12232 
f 3143/3570/12233 3144/3571/12234 3156/3584/12235 3155/3583/12236 
f 3144/3571/12237 3145/3572/12238 3157/3585/12239 3156/3584/12240 
f 3145/3572/12241 3146/3573/12242 3158/3586/12243 3157/3585/12244 
f 3146/3573/12245 3147/3574/12246 3159/3587/12247 3158/3586/12248 
f 3147/3576/12249 3148/3575/12250 3160/3588/12251 3159/3589/12252 
f 3148/3575/12253 3149/3577/12254 3161/3590/12255 3160/3588/12256 
f 3149/3577/12257 3150/3578/12258 3162/3591/12259 3161/3590/12260 
f 3150/3578/12261 3151/3579/12262 3163/3592/12263 3162/3591/12264 
f 3151/3579/12265 3152/3580/12266 3164/3593/12267 3163/3592/12268 
f 3152/3580/12269 3141/3569/12270 3153/3582/12271 3164/3593/12272 
f 3153/3582/12273 3154/3581/12274 3166/3594/12275 3165/3595/12276 
f 3154/3581/12277 3155/3583/12278 3167/3596/12279 3166/3594/12280 
f 3155/3583/12281 3156/3584/12282 3168/3597/12283 3167/3596/12284 
f 3156/3584/12285 3157/3585/12286 3169/3598/12287 3168/3597/12288 
f 3157/3585/12289 3158/3586/12290 3170/3599/12291 3169/3598/12292 
f 3158/3586/12293 3159/3587/12294 3171/3600/12295 3170/3599/12296 
f 3159/3589/12297 3160/3588/12298 3172/3601/12299 3171/3602/12300 
f 3160/3588/12301 3161/3590/12302 3173/3603/12303 3172/3601/12304 
f 3161/3590/12305 3162/3591/12306 3174/3604/12307 3173/3603/12308 
f 3162/3591/12309 3163/3592/12310 3175/3605/12311 3174/3604/12312 
f 3163/3592/12313 3164/3593/12314 3176/3606/12315 3175/3605/12316 
f 3164/3593/12317 3153/3582/12318 3165/3595/12319 3176/3606/12320 
f 3165/3595/12321 3166/3594/12322 3178/3607/12323 3177/3608/12324 
f 3166/3594/12325 3167/3596/12326 3179/3609/12327 3178/3607/12328 
f 3167/3596/12329 3168/3597/12330 3180/3610/12331 3179/3609/12332 
f 3168/3597/12333 3169/3598/12334 3181/3611/12335 3180/3610/12336 
f 3169/3598/12337 3170/3599/12338 3182/3612/12339 3181/3611/12340 
f 3170/3599/12341 3171/3600/12342 3183/3613/12343 3182/3612/12344 
f 3171/3602/12345 3172/3601/12346 3184/3614/12347 3183/3615/12348 
f 3172/3601/12349 3173/3603/12350 3185/3616/12351 3184/3614/12352 
f 3173/3603/12353 3174/3604/12354 3186/3617/12355 3185/3616/12356 
f 3174/3604/12357 3175/3605/12358 3187/3618/12359 3186/3617/12360 
f 3175/3605/12361 3176/3606/12362 3188/3619/12363 3187/3618/12364 
f 3176/3606/12365 3165/3595/12366 3177/3608/12367 3188/3619/12368 
f 3189/3620/12369 3190/3621/12370 3202/3622/12371 3201/3623/12372 
f 3190/3621/12373 3191/3624/12374 3203/3625/12375 3202/3622/12376 
f 3191/3624/12377 3192/3626/12378 3204/3627/12379 3203/3625/12380 
f 3192/3626/12381 3193/3628/12382 3205/3629/12383 3204/3627/12384 
f 3193/3628/12385 3194/3630/12386 3206/3631/12387 3205/3629/12388 
f 3194/3630/12389 3195/3632/12390 3207/3633/12391 3206/3631/12392 
f 3195/3634/12393 3196/3635/12394 3208/3636/12395 3207/3637/12396 
f 3196/3635/12397 3197/3638/12398 3209/3639/12399 3208/3636/12400 
f 3197/3638/12401 3198/3640/12402 3210/3641/12403 3209/3639/12404 
f 3198/3640/12405 3199/3642/12406 3211/3643/12407 3210/3641/12408 
f 3199/3642/12409 3200/3644/12410 3212/3645/12411 3211/3643/12412 
f 3200/3644/12413 3189/3620/12414 3201/3623/12415 3212/3645/12416 
f 3201/3623/12417 3202/3622/12418 3214/3646/12419 3213/3647/12420 
f 3202/3622/12421 3203/3625/12422 3215/3648/12423 3214/3646/12424 
f 3203/3625/12425 3204/3627/12426 3216/3649/12427 3215/3648/12428 
f 3204/3627/12429 3205/3629/12430 3217/3650/12431 3216/3649/12432 
f 3205/3629/12433 3206/3631/12434 3218/3651/12435 3217/3650/12436 
f 3206/3631/12437 3207/3633/12438 3219/3652/12439 3218/3651/12440 
f 3207/3637/12441 3208/3636/12442 3220/3653/12443 3219/3654/12444 
f 3208/3636/12445 3209/3639/12446 3221/3655/12447 3220/3653/12448 
f 3209/3639/12449 3210/3641/12450 3222/3656/12451 3221/3655/12452 
f 3210/3641/12453 3211/3643/12454 3223/3657/12455 3222/3656/12456 
f 3211/3643/12457 3212/3645/12458 3224/3658/12459 3223/3657/12460 
f 3212/3645/12461 3201/3623/12462 3213/3647/12463 3224/3658/12464 
f 3213/3647/12465 3214/3646/12466 3226/3659/12467 3225/3660/12468 
f 3214/3646/12469 3215/3648/12470 3227/3661/12471 3226/3659/12472 
f 3215/3648/12473 3216/3649/12474 3228/3662/12475 3227/3661/12476 
f 3216/3649/12477 3217/3650/12478 3229/3663/12479 3228/3662/12480 
f 3217/3650/12481 3218/3651/12482 3230/3664/12483 3229/3663/12484 
f 3218/3651/12485 3219/3652/12486 3231/3665/12487 3230/3664/12488 
f 3219/3654/12489 3220/3653/12490 3232/3666/12491 3231/3667/12492 
f 3220/3653/12493 3221/3655/12494 3233/3668/12495 3232/3666/12496 
f 3221/3655/12497 3222/3656/12498 3234/3669/12499 3233/3668/12500 
f 3222/3656/12501 3223/3657/12502 3235/3670/12503 3234/3669/12504 
f 3223/3657/12505 3224/3658/12506 3236/3671/12507 3235/3670/12508 
f 3224/3658/12509 3213/3647/12510 3225/3660/12511 3236/3671/12512 
f 3225/3660/12513 3226/3659/12514 3238/3672/12515 3237/3673/12516 
f 3226/3659/12517 3227/3661/12518 3239/3674/12519 3238/3672/12520 
f 3227/3661/12521 3228/3662/12522 3240/3675/12523 3239/3674/12524 
f 3228/3662/12525 3229/3663/12526 3241/3676/12527 3240/3675/12528 
f 3229/3663/12529 3230/3664/12530 3242/3677/12531 3241/3676/12532 
f 3230/3664/12533 3231/3665/12534 3243/3678/12535 3242/3677/12536 
f 3231/3667/12537 3232/3666/12538 3244/3679/12539 3243/3680/12540 
f 3232/3666/12541 3233/3668/12542 3245/3681/12543 3244/3679/12544 
f 3233/3668/12545 3234/3669/12546 3246/3682/12547 3245/3681/12548 
f 3234/3669/12549 3235/3670/12550 3247/3683/12551 3246/3682/12552 
f 3235/3670/12553 3236/3671/12554 3248/3684/12555 3247/3683/12556 
f 3236/3671/12557 3225/3660/12558 3237/3673/12559 3248/3684/12560 
f 3237/3673/12561 3238/3672/12562 3250/3685/12563 3249/3686/12564 
f 3238/3672/12565 3239/3674/12566 3251/3687/12567 3250/3685/12568 
f 3239/3674/12569 3240/3675/12570 3252/3688/12571 3251/3687/12572 
f 3240/3675/12573 3241/3676/12574 3253/3689/12575 3252/3688/12576 
f 3241/3676/12577 3242/3677/12578 3254/3690/12579 3253/3689/12580 
f 3242/3677/12581 3243/3678/12582 3255/3691/12583 3254/3690/12584 
f 3243/3680/12585 3244/3679/12586 3256/3692/12587 3255/3693/12588 
f 3244/3679/12589 3245/3681/12590 3257/3694/12591 3256/3692/12592 
f 3245/3681/12593 3246/3682/12594 3258/3695/12595 3257/3694/12596 
f 3246/3682/12597 3247/3683/12598 3259/3696/12599 3258/3695/12600 
f 3247/3683/12601 3248/3684/12602 3260/3697/12603 3259/3696/12604 
f 3248/3684/12605 3237/3673/12606 3249/3686/12607 3260/3697/12608 
f 3249/3686/12609 3250/3685/12610 3262/3698/12611 3261/3699/12612 
f 3250/3685/12613 3251/3687/12614 3263/3700/12615 3262/3698/12616 
f 3251/3687/12617 3252/3688/12618 3264/3701/12619 3263/3700/12620 
f 3252/3688/12621 3253/3689/12622 3265/3702/12623 3264/3701/12624 
f 3253/3689/12625 3254/3690/12626 3266/3703/12627 3265/3702/12628 
f 3254/3690/12629 3255/3691/12630 3267/3704/12631 3266/3703/12632 
f 3255/3693/12633 3256/3692/12634 3268/3705/12635 3267/3706/12636 
f 3256/3692/12637 3257/3694/12638 3269/3707/12639 3268/3705/12640 
f 3257/3694/12641 3258/3695/12642 3270/3708/12643 3269/3707/12644 
f 3258/3695/12645 3259/3696/12646 3271/3709/12647 3270/3708/12648 
f 3259/3696/12649 3260/3697/12650 3272/3710/12651 3271/3709/12652 
f 3260/3697/12653 3249/3686/12654 3261/3699/12655 3272/3710/12656 
f 3261/3699/12657 3262/3698/12658 3274/3711/12659 3273/3712/12660 
f 3262/3698/12661 3263/3700/12662 3275/3713/12663 3274/3711/12664 
f 3263/3700/12665 3264/3701/12666 3276/3714/12667 3275/3713/12668 
f 3264/3701/12669 3265/3702/12670 3277/3715/12671 3276/3714/12672 
f 3265/3702/12673 3266/3703/12674 3278/3716/12675 3277/3715/12676 
f 3266/3703/12677 3267/3704/12678 3279/3717/12679 3278/3716/12680 
f 3267/3706/12681 3268/3705/12682 3280/3718/12683 3279/3719/12684 
f 3268/3705/12685 3269/3707/12686 3281/3720/12687 3280/3718/12688 
f 3269/3707/12689 3270/3708/12690 3282/3721/12691 3281/3720/12692 
f 3270/3708/12693 3271/3709/12694 3283/3722/12695 3282/3721/12696 
f 3271/3709/12697 3272/3710/12698 3284/3723/12699 3283/3722/12700 
f 3272/3710/12701 3261/3699/12702 3273/3712/12703 3284/3723/12704 
f 3273/3712/12705 3274/3711/12706 3286/3724/12707 3285/3725/12708 
f 3274/3711/12709 3275/3713/12710 3287/3726/12711 3286/3724/12712 
f 3275/3713/12713 3276/3714/12714 3288/3727/12715 3287/3726/12716 
f 3276/3714/12717 3277/3715/12718 3289/3728/12719 3288/3727/12720 
f 3277/3715/12721 3278/3716/12722 3290/3729/12723 3289/3728/12724 
f 3278/3716/12725 3279/3717/12726 3291/3730/12727 3290/3729/12728 
f 3279/3719/12729 3280/3718/12730 3292/3731/12731 3291/3732/12732 
f 3280/3718/12733 3281/3720/12734 3293/3733/12735 3292/3731/12736 
f 3281/3720/12737 3282/3721/12738 3294/3734/12739 3293/3733/12740 
f 3282/3721/12741 3283/3722/12742 3295/3735/12743 3294/3734/12744 
f 3283/3722/12745 3284/3723/12746 3296/3736/12747 3295/3735/12748 
f 3284/3723/12749 3273/3712/12750 3285/3725/12751 3296/3736/12752 
f 3285/3725/12753 3286/3724/12754 3298/3737/12755 3297/3738/12756 
f 3286/3724/12757 3287/3726/12758 3299/3739/12759 3298/3737/12760 
f 3287/3726/12761 3288/3727/12762 3300/3740/12763 3299/3739/12764 
f 3288/3727/12765 3289/3728/12766 3301/3741/12767 3300/3740/12768 
f 3289/3728/12769 3290/3729/12770 3302/3742/12771 3301/3741/12772 
f 3290/3729/12773 3291/3730/12774 3303/3743/12775 3302/3742/12776 
f 3291/3732/12777 3292/3731/12778 3304/3744/12779 3303/3745/12780 
f 3292/3731/12781 3293/3733/12782 3305/3746/12783 3304/3744/12784 
f 3293/3733/12785 3294/3734/12786 3306/3747/12787 3305/3746/12788 
f 3294/3734/12789 3295/3735/12790 3307/3748/12791 3306/3747/12792 
f 3295/3735/12793 3296/3736/12794 3308/3749/12795 3307/3748/12796 
f 3296/3736/12797 3285/3725/12798 3297/3738/12799 3308/3749/12800 
f 3297/3738/12801 3298/3737/12802 3310/3750/12803 3309/3751/12804 
f 3298/3737/12805 3299/3739/12806 3311/3752/12807 3310/3750/12808 
f 3299/3739/12809 3300/3740/12810 3312/3753/12811 3311/3752/12812 
f 3300/3740/12813 3301/3741/12814 3313/3754/12815 3312/3753/12816 
f 3301/3741/12817 3302/3742/12818 3314/3755/12819 3313/3754/12820 
f 3302/3742/12821 3303/3743/12822 3315/3756/12823 3314/3755/12824 
f 3303/3745/12825 3304/3744/12826 3316/3757/12827 3315/3758/12828 
f 3304/3744/12829 3305/3746/12830 3317/3759/12831 3316/3757/12832 
f 3305/3746/12833 3306/3747/12834 3318/3760/12835 3317/3759/12836 
f 3306/3747/12837 3307/3748/12838 3319/3761/12839 3318/3760/12840 
f 3307/3748/12841 3308/3749/12842 3320/3762/12843 3319/3761/12844 
f 3308/3749/12845 3297/3738/12846 3309/3751/12847 3320/3762/12848 
f 3309/3751/12849 3310/3750/12850 3322/3763/12851 3321/3764/12852 
f 3310/3750/12853 3311/3752/12854 3323/3765/12855 3322/3763/12856 
f 3311/3752/12857 3312/3753/12858 3324/3766/12859 3323/3765/12860 
f 3312/3753/12861 3313/3754/12862 3325/3767/12863 3324/3766/12864 
f 3313/3754/12865 3314/3755/12866 3326/3768/12867 3325/3767/12868 
f 3314/3755/12869 3315/3756/12870 3327/3769/12871 3326/3768/12872 
f 3315/3758/12873 3316/3757/12874 3328/3770/12875 3327/3771/12876 
f 3316/3757/12877 3317/3759/12878 3329/3772/12879 3328/3770/12880 
f 3317/3759/12881 3318/3760/12882 3330/3773/12883 3329/3772/12884 
f 3318/3760/12885 3319/3761/12886 3331/3774/12887 3330/3773/12888 
f 3319/3761/12889 3320/3762/12890 3332/3775/12891 3331/3774/12892 
f 3320/3762/12893 3309/3751/12894 3321/3764/12895 3332/3775/12896 
f 3321/3764/12897 3322/3763/12898 3334/3776/12899 3333/3777/12900 
f 3322/3763/12901 3323/3765/12902 3335/3778/12903 3334/3776/12904 
f 3323/3765/12905 3324/3766/12906 3336/3779/12907 3335/3778/12908 
f 3324/3766/12909 3325/3767/12910 3337/3780/12911 3336/3779/12912 
f 3325/3767/12913 3326/3768/12914 3338/3781/12915 3337/3780/12916 
f 3326/3768/12917 3327/3769/12918 3339/3782/12919 3338/3781/12920 
f 3327/3771/12921 3328/3770/12922 3340/3783/12923 3339/3784/12924 
f 3328/3770/12925 3329/3772/12926 3341/3785/12927 3340/3783/12928 
f 3329/3772/12929 3330/3773/12930 3342/3786/12931 3341/3785/12932 
f 3330/3773/12933 3331/3774/12934 3343/3787/12935 3342/3786/12936 
f 3331/3774/12937 3332/3775/12938 3344/3788/12939 3343/3787/12940 
f 3332/3775/12941 3321/3764/12942 3333/3777/12943 3344/3788/12944 
f 3333/3777/12945 3334/3776/12946 3346/3789/12947 3345/3790/12948 
f 3334/3776/12949 3335/3778/12950 3347/3791/12951 3346/3789/12952 
f 3335/3778/12953 3336/3779/12954 3348/3792/12955 3347/3791/12956 
f 3336/3779/12957 3337/3780/12958 3349/3793/12959 3348/3792/12960 
f 3337/3780/12961 3338/3781/12962 3350/3794/12963 3349/3793/12964 
f 3338/3781/12965 3339/3782/12966 3351/3795/12967 3350/3794/12968 
f 3339/3784/12969 3340/3783/12970 3352/3796/12971 3351/3797/12972 
f 3340/3783/12973 3341/3785/12974 3353/3798/12975 3352/3796/12976 
f 3341/3785/12977 3342/3786/12978 3354/3799/12979 3353/3798/12980 
f 3342/3786/12981 3343/3787/12982 3355/3800/12983 3354/3799/12984 
f 3343/3787/12985 3344/3788/12986 3356/3801/12987 3355/3800/12988 
f 3344/3788/12989 3333/3777/12990 3345/3790/12991 3356/3801/12992 
f 3345/3790/12993 3346/3789/12994 3010/3426/12995 3009/3425/12996 
f 3346/3789/12997 3347/3791/12998 3011/3429/12999 3010/3426/13000 
f 3347/3791/13001 3348/3792/13002 3012/3431/13003 3011/3429/13004 
f 3348/3792/13005 3349/3793/13006 3013/3433/13007 3012/3431/13008 
f 3349/3793/13009 3350/3794/13010 3014/3435/13011 3013/3433/13012 
f 3350/3794/13013 3351/3795/13014 3015/3437/13015 3014/3435/13016 
f 3351/3797/13017 3352/3796/13018 3016/3440/13019 3015/3439/13020 
f 3352/3796/13021 3353/3798/13022 3017/3443/13023 3016/3440/13024 
f 3353/3798/13025 3354/3799/13026 3018/3445/13027 3017/3443/13028 
f 3354/3799/13029 3355/3800/13030 3019/3447/13031 3018/3445/13032 
f 3355/3800/13033 3356/3801/13034 3020/3449/13035 3019/3447/13036 
f 3356/3801/13037 3345/3790/13038 3009/3425/13039 3020/3449/13040 
f 3357/2589/13041 3358/2590/13042 3370/2591/13043 3369/2592/13044 
f 3358/2590/13045 3359/2593/13046 3371/2594/13047 3370/2591/13048 
f 3359/2593/13049 3360/2595/13050 3372/2596/13051 3371/2594/13052 
f 3360/2595/13053 3361/2597/13054 3373/2598/13055 3372/2596/13056 
f 3361/2597/13057 3362/2599/13058 3374/2600/13059 3373/2598/13060 
f 3362/2599/13061 3363/2601/13062 3375/2602/13063 3374/2600/13064 
f 3363/2603/13065 3364/2604/13066 3376/2605/13067 3375/2606/13068 
f 3364/2604/13069 3365/2607/13070 3377/2608/13071 3376/2605/13072 
f 3365/2607/13073 3366/2609/13074 3378/2610/13075 3377/2608/13076 
f 3366/2609/13077 3367/2611/13078 3379/2612/13079 3378/2610/13080 
f 3367/2611/13081 3368/2613/13082 3380/2614/13083 3379/2612/13084 
f 3368/2613/13085 3357/2589/13086 3369/2592/13087 3380/2614/13088 
f 3369/2592/13089 3370/2591/13090 3382/2615/13091 3381/2616/13092 
f 3370/2591/13093 3371/2594/13094 3383/2617/13095 3382/2615/13096 
f 3371/2594/13097 3372/2596/13098 3384/2618/13099 3383/2617/13100 
f 3372/2596/13101 3373/2598/13102 3385/2619/13103 3384/2618/13104 
f 3373/2598/13105 3374/2600/13106 3386/2620/13107 3385/2619/13108 
f 3374/2600/13109 3375/2602/13110 3387/2621/13111 3386/2620/13112 
f 3375/2606/13113 3376/2605/13114 3388/2622/13115 3387/2623/13116 
f 3376/2605/13117 3377/2608/13118 3389/2624/13119 3388/2622/13120 
f 3377/2608/13121 3378/2610/13122 3390/2625/13123 3389/2624/13124 
f 3378/2610/13125 3379/2612/13126 3391/2626/13127 3390/2625/13128 
f 3379/2612/13129 3380/2614/13130 3392/2627/13131 3391/2626/13132 
f 3380/2614/13133 3369/2592/13134 3381/2616/13135 3392/2627/13136 
f 3381/2616/13137 3382/2615/13138 3394/2628/13139 3393/2629/13140 
f 3382/2615/13141 3383/2617/13142 3395/2630/13143 3394/2628/13144 
f 3383/2617/13145 3384/2618/13146 3396/2631/13147 3395/2630/13148 
f 3384/2618/13149 3385/2619/13150 3397/2632/13151 3396/2631/13152 
f 3385/2619/13153 3386/2620/13154 3398/2633/13155 3397/2632/13156 
f 3386/2620/13157 3387/2621/13158 3399/2634/13159 3398/2633/13160 
f 3387/2623/13161 3388/2622/13162 3400/2635/13163 3399/2636/13164 
f 3388/2622/13165 3389/2624/13166 3401/2637/13167 3400/2635/13168 
f 3389/2624/13169 3390/2625/13170 3402/2638/13171 3401/2637/13172 
f 3390/2625/13173 3391/2626/13174 3403/2639/13175 3402/2638/13176 
f 3391/2626/13177 3392/2627/13178 3404/2640/13179 3403/2639/13180 
f 3392/2627/13181 3381/2616/13182 3393/2629/13183 3404/2640/13184 
f 3393/2629/13185 3394/2628/13186 3406/2641/13187 3405/2642/13188 
f 3394/2628/13189 3395/2630/13190 3407/2643/13191 3406/2641/13192 
f 3395/2630/13193 3396/2631/13194 3408/2644/13195 3407/2643/13196 
f 3396/2631/13197 3397/2632/13198 3409/2645/13199 3408/2644/13200 
f 3397/2632/13201 3398/2633/13202 3410/2646/13203 3409/2645/13204 
f 3398/2633/13205 3399/2634/13206 3411/2647/13207 3410/2646/13208 
f 3399/2636/13209 3400/2635/13210 3412/2648/13211 3411/2649/13212 
f 3400/2635/13213 3401/2637/13214 3413/2650/13215 3412/2648/13216 
f 3401/2637/13217 3402/2638/13218 3414/2651/13219 3413/2650/13220 
f 3402/2638/13221 3403/2639/13222 3415/2652/13223 3414/2651/13224 
f 3403/2639/13225 3404/2640/13226 3416/2653/13227 3415/2652/13228 
f 3404/2640/13229 3393/2629/13230 3405/2642/13231 3416/2653/13232 
f 3405/2642/13233 3406/2641/13234 3418/2654/13235 3417/2655/13236 
f 3406/2641/13237 3407/2643/13238 3419/2656/13239 3418/2654/13240 
f 3407/2643/13241 3408/2644/13242 3420/2657/13243 3419/2656/13244 
f 3408/2644/13245 3409/2645/13246 3421/2658/13247 3420/2657/13248 
f 3409/2645/13249 3410/2646/13250 3422/2659/13251 3421/2658/13252 
f 3410/2646/13253 3411/2647/13254 3423/2660/13255 3422/2659/13256 
f 3411/2649/13257 3412/2648/13258 3424/2661/13259 3423/2662/13260 
f 3412/2648/13261 3413/2650/13262 3425/2663/13263 3424/2661/13264 
f 3413/2650/13265 3414/2651/13266 3426/2664/13267 3425/2663/13268 
f 3414/2651/13269 3415/2652/13270 3427/2665/13271 3426/2664/13272 
f 3415/2652/13273 3416/2653/13274 3428/2666/13275 3427/2665/13276 
f 3416/2653/13277 3405/2642/13278 3417/2655/13279 3428/2666/13280 
f 3417/2655/13281 3418/2654/13282 3430/2667/13283 3429/2668/13284 
f 3418/2654/13285 3419/2656/13286 3431/2669/13287 3430/2667/13288 
f 3419/2656/13289 3420/2657/13290 3432/2670/13291 3431/2669/13292 
f 3420/2657/13293 3421/2658/13294 3433/2671/13295 3432/2670/13296 
f 3421/2658/13297 3422/2659/13298 3434/2672/13299 3433/2671/13300 
f 3422/2659/13301 3423/2660/13302 3435/2673/13303 3434/2672/13304 
f 3423/2662/13305 3424/2661/13306 3436/2674/13307 3435/2675/13308 
f 3424/2661/13309 3425/2663/13310 3437/2676/13311 3436/2674/13312 
f 3425/2663/13313 3426/2664/13314 3438/2677/13315 3437/2676/13316 
f 3426/2664/13317 3427/2665/13318 3439/2678/13319 3438/2677/13320 
f 3427/2665/13321 3428/2666/13322 3440/2679/13323 3439/2678/13324 
f 3428/2666/13325 3417/2655/13326 3429/2668/13327 3440/2679/13328 
f 3429/2668/13329 3430/2667/13330 3442/2680/13331 3441/2681/13332 
f 3430/2667/13333 3431/2669/13334 3443/2682/13335 3442/2680/13336 
f 3431/2669/13337 3432/2670/13338 3444/2683/13339 3443/2682/13340 
f 3432/2670/13341 3433/2671/13342 3445/2684/13343 3444/2683/13344 
f 3433/2671/13345 3434/2672/13346 3446/2685/13347 3445/2684/13348 
f 3434/2672/13349 3435/2673/13350 3447/2686/13351 3446/2685/13352 
f 3435/2675/13353 3436/2674/13354 3448/2687/13355 3447/2688/13356 
f 3436/2674/13357 3437/2676/13358 3449/2689/13359 3448/2687/13360 
f 3437/2676/13361 3438/2677/13362 3450/2690/13363 3449/2689/13364 
f 3438/2677/13365 3439/2678/13366 3451/2691/13367 3450/2690/13368 
f 3439/2678/13369 3440/2679/13370 3452/2692/13371 3451/2691/13372 
f 3440/2679/13373 3429/2668/13374 3441/2681/13375 3452/2692/13376 
f 3441/2681/13377 3442/2680/13378 3454/2693/13379 3453/2694/13380 
f 3442/2680/13381 3443/2682/13382 3455/2695/13383 3454/2693/13384 
f 3443/2682/13385 3444/2683/13386 3456/2696/13387 3455/2695/13388 
f 3444/2683/13389 3445/2684/13390 3457/2697/13391 3456/2696/13392 
f 3445/2684/13393 3446/2685/13394 3458/2698/13395 3457/2697/13396 
f 3446/2685/13397 3447/2686/13398 3459/2699/13399 3458/2698/13400 
f 3447/2688/13401 3448/2687/13402 3460/2700/13403 3459/2701/13404 
f 3448/2687/13405 3449/2689/13406 3461/2702/13407 3460/2700/13408 
f 3449/2689/13409 3450/2690/13410 3462/2703/13411 3461/2702/13412 
f 3450/2690/13413 3451/2691/13414 3463/2704/13415 3462/2703/13416 
f 3451/2691/13417 3452/2692/13418 3464/2705/13419 3463/2704/13420 
f 3452/2692/13421 3441/2681/13422 3453/2694/13423 3464/2705/13424 
f 3453/2694/13425 3454/2693/13426 3466/2706/13427 3465/2707/13428 
f 3454/2693/13429 3455/2695/13430 3467/2708/13431 3466/2706/13432 
f 3455/2695/13433 3456/2696/13434 3468/2709/13435 3467/2708/13436 
f 3456/2696/13437 3457/2697/13438 3469/2710/13439 3468/2709/13440 
f 3457/2697/13441 3458/2698/13442 3470/2711/13443 3469/2710/13444 
f 3458/2698/13445 3459/2699/13446 3471/2712/13447 3470/2711/13448 
f 3459/2701/13449 3460/2700/13450 3472/2713/13451 3471/2714/13452 
f 3460/2700/13453 3461/2702/13454 3473/2715/13455 3472/2713/13456 
f 3461/2702/13457 3462/2703/13458 3474/2716/13459 3473/2715/13460 
f 3462/2703/13461 3463/2704/13462 3475/2717/13463 3474/2716/13464 
f 3463/2704/13465 3464/2705/13466 3476/2718/13467 3475/2717/13468 
f 3464/2705/13469 3453/2694/13470 3465/2707/13471 3476/2718/13472 
f 3465/2707/13473 3466/2706/13474 3478/2719/13475 3477/2720/13476 
f 3466/2706/13477 3467/2708/13478 3479/2721/13479 3478/2719/13480 
f 3467/2708/13481 3468/2709/13482 3480/2722/13483 3479/2721/13484 
f 3468/2709/13485 3469/2710/13486 3481/2723/13487 3480/2722/13488 
f 3469/2710/13489 3470/2711/13490 3482/2724/13491 3481/2723/13492 
f 3470/2711/13493 3471/2712/13494 3483/2725/13495 3482/2724/13496 
f 3471/2714/13497 3472/2713/13498 3484/2726/13499 3483/2727/13500 
f 3472/2713/13501 3473/2715/13502 3485/2728/13503 3484/2726/13504 
f 3473/2715/13505 3474/2716/13506 3486/2729/13507 3485/2728/13508 
f 3474/2716/13509 3475/2717/13510 3487/2730/13511 3486/2729/13512 
f 3475/2717/13513 3476/2718/13514 3488/2731/13515 3487/2730/13516 
f 3476/2718/13517 3465/2707/13518 3477/2720/13519 3488/2731/13520 
f 3477/2720/13521 3478/2719/13522 3490/2732/13523 3489/2733/13524 
f 3478/2719/13525 3479/2721/13526 3491/2734/13527 3490/2732/13528 
f 3479/2721/13529 3480/2722/13530 3492/2735/13531 3491/2734/13532 
f 3480/2722/13533 3481/2723/13534 3493/2736/13535 3492/2735/13536 
f 3481/2723/13537 3482/2724/13538 3494/2737/13539 3493/2736/13540 
f 3482/2724/13541 3483/2725/13542 3495/2738/13543 3494/2737/13544 
f 3483/2727/13545 3484/2726/13546 3496/2739/13547 3495/2740/13548 
f 3484/2726/13549 3485/2728/13550 3497/2741/13551 3496/2739/13552 
f 3485/2728/13553 3486/2729/13554 3498/2742/13555 3497/2741/13556 
f 3486/2729/13557 3487/2730/13558 3499/2743/13559 3498/2742/13560 
f 3487/2730/13561 3488/2731/13562 3500/2744/13563 3499/2743/13564 
f 3488/2731/13565 3477/2720/13566 3489/2733/13567 3500/2744/13568 
f 3489/2733/13569 3490/2732/13570 3502/2745/13571 3501/2746/13572 
f 3490/2732/13573 3491/2734/13574 3503/2747/13575 3502/2745/13576 
f 3491/2734/13577 3492/2735/13578 3504/2748/13579 3503/2747/13580 
f 3492/2735/13581 3493/2736/13582 3505/2749/13583 3504/2748/13584 
f 3493/2736/13585 3494/2737/13586 3506/2750/13587 3505/2749/13588 
f 3494/2737/13589 3495/2738/13590 3507/2751/13591 3506/2750/13592 
f 3495/2740/13593 3496/2739/13594 3508/2752/13595 3507/2753/13596 
f 3496/2739/13597 3497/2741/13598 3509/2754/13599 3508/2752/13600 
f 3497/2741/13601 3498/2742/13602 3510/2755/13603 3509/2754/13604 
f 3498/2742/13605 3499/2743/13606 3511/2756/13607 3510/2755/13608 
f 3499/2743/13609 3500/2744/13610 3512/2757/13611 3511/2756/13612 
f 3500/2744/13613 3489/2733/13614 3501/2746/13615 3512/2757/13616 
f 3501/2746/13617 3502/2745/13618 3514/2758/13619 3513/2759/13620 
f 3502/2745/13621 3503/2747/13622 3515/2760/13623 3514/2758/13624 
f 3503/2747/13625 3504/2748/13626 3516/2761/13627 3515/2760/13628 
f 3504/2748/13629 3505/2749/13630 3517/2762/13631 3516/2761/13632 
f 3505/2749/13633 3506/2750/13634 3518/2763/13635 3517/2762/13636 
f 3506/2750/13637 3507/2751/13638 3519/2764/13639 3518/2763/13640 
f 3507/2753/13641 3508/2752/13642 3520/2765/13643 3519/2766/13644 
f 3508/2752/13645 3509/2754/13646 3521/2767/13647 3520/2765/13648 
f 3509/2754/13649 3510/2755/13650 3522/2768/13651 3521/2767/13652 
f 3510/2755/13653 3511/2756/13654 3523/2769/13655 3522/2768/13656 
f 3511/2756/13657 3512/2757/13658 3524/2770/13659 3523/2769/13660 
f 3512/2757/13661 3501/2746/13662 3513/2759/13663 3524/2770/13664 
f 3513/2759/13665 3514/2758/13666 3526/2771/13667 3525/2772/13668 
f 3514/2758/13669 3515/2760/13670 3527/2773/13671 3526/2771/13672 
f 3515/2760/13673 3516/2761/13674 3528/2774/13675 3527/2773/13676 
f 3516/2761/13677 3517/2762/13678 3529/2775/13679 3528/2774/13680 
f 3517/2762/13681 3518/2763/13682 3530/2776/13683 3529/2775/13684 
f 3518/2763/13685 3519/2764/13686 3531/2777/13687 3530/2776/13688 
f 3519/2766/13689 3520/2765/13690 3532/2778/13691 3531/2779/13692 
f 3520/2765/13693 3521/2767/13694 3533/2780/13695 3532/2778/13696 
f 3521/2767/13697 3522/2768/13698 3534/2781/13699 3533/2780/13700 
f 3522/2768/13701 3523/2769/13702 3535/2782/13703 3534/2781/13704 
f 3523/2769/13705 3524/2770/13706 3536/2783/13707 3535/2782/13708 
f 3524/2770/13709 3513/2759/13710 3525/2772/13711 3536/2783/13712 
f 3537/2784/13713 3538/2785/13714 3550/2786/13715 3549/2787/13716 
f 3538/2785/13717 3539/2788/13718 3551/2789/13719 3550/2786/13720 
f 3539/2788/13721 3540/2790/13722 3552/2791/13723 3551/2789/13724 
f 3540/2790/13725 3541/2792/13726 3553/2793/13727 3552/2791/13728 
f 3541/2792/13729 3542/2794/13730 3554/2795/13731 3553/2793/13732 
f 3542/2794/13733 3543/2796/13734 3555/2797/13735 3554/2795/13736 
f 3543/2798/13737 3544/2799/13738 3556/2800/13739 3555/2801/13740 
f 3544/2799/13741 3545/2802/13742 3557/2803/13743 3556/2800/13744 
f 3545/2802/13745 3546/2804/13746 3558/2805/13747 3557/2803/13748 
f 3546/2804/13749 3547/2806/13750 3559/2807/13751 3558/2805/13752 
f 3547/2806/13753 3548/2808/13754 3560/2809/13755 3559/2807/13756 
f 3548/2808/13757 3537/2784/13758 3549/2787/13759 3560/2809/13760 
f 3549/2787/13761 3550/2786/13762 3562/2810/13763 3561/2811/13764 
f 3550/2786/13765 3551/2789/13766 3563/2812/13767 3562/2810/13768 
f 3551/2789/13769 3552/2791/13770 3564/2813/13771 3563/2812/13772 
f 3552/2791/13773 3553/2793/13774 3565/2814/13775 3564/2813/13776 
f 3553/2793/13777 3554/2795/13778 3566/2815/13779 3565/2814/13780 
f 3554/2795/13781 3555/2797/13782 3567/2816/13783 3566/2815/13784 
f 3555/2801/13785 3556/2800/13786 3568/2817/13787 3567/2818/13788 
f 3556/2800/13789 3557/2803/13790 3569/2819/13791 3568/2817/13792 
f 3557/2803/13793 3558/2805/13794 3570/2820/13795 3569/2819/13796 
f 3558/2805/13797 3559/2807/13798 3571/2821/13799 3570/2820/13800 
f 3559/2807/13801 3560/2809/13802 3572/2822/13803 3571/2821/13804 
f 3560/2809/13805 3549/2787/13806 3561/2811/13807 3572/2822/13808 
f 3561/2811/13809 3562/2810/13810 3574/2823/13811 3573/2824/13812 
f 3562/2810/13813 3563/2812/13814 3575/2825/13815 3574/2823/13816 
f 3563/2812/13817 3564/2813/13818 3576/2826/13819 3575/2825/13820 
f 3564/2813/13821 3565/2814/13822 3577/2827/13823 3576/2826/13824 
f 3565/2814/13825 3566/2815/13826 3578/2828/13827 3577/2827/13828 
f 3566/2815/13829 3567/2816/13830 3579/2829/13831 3578/2828/13832 
f 3567/2818/13833 3568/2817/13834 3580/2830/13835 3579/2831/13836 
f 3568/2817/13837 3569/2819/13838 3581/2832/13839 3580/2830/13840 
f 3569/2819/13841 3570/2820/13842 3582/2833/13843 3581/2832/13844 
f 3570/2820/13845 3571/2821/13846 3583/2834/13847 3582/2833/13848 
f 3571/2821/13849 3572/2822/13850 3584/2835/13851 3583/2834/13852 
f 3572/2822/13853 3561/2811/13854 3573/2824/13855 3584/2835/13856 
f 3573/2824/13857 3574/2823/13858 3586/2836/13859 3585/2837/13860 
f 3574/2823/13861 3575/2825/13862 3587/2838/13863 3586/2836/13864 
f 3575/2825/13865 3576/2826/13866 3588/2839/13867 3587/2838/13868 
f 3576/2826/13869 3577/2827/13870 3589/2840/13871 3588/2839/13872 
f 3577/2827/13873 3578/2828/13874 3590/2841/13875 3589/2840/13876 
f 3578/2828/13877 3579/2829/13878 3591/2842/13879 3590/2841/13880 
f 3579/2831/13881 3580/2830/13882 3592/2843/13883 3591/2844/13884 
f 3580/2830/13885 3581/2832/13886 3593/2845/13887 3592/2843/13888 
f 3581/2832/13889 3582/2833/13890 3594/2846/13891 3593/2845/13892 
f 3582/2833/13893 3583/2834/13894 3595/2847/13895 3594/2846/13896 
f 3583/2834/13897 3584/2835/13898 3596/2848/13899 3595/2847/13900 
f 3584/2835/13901 3573/2824/13902 3585/2837/13903 3596/2848/13904 
f 3585/2837/13905 3586/2836/13906 3598/2849/13907 3597/2850/13908 
f 3586/2836/13909 3587/2838/13910 3599/2851/13911 3598/2849/13912 
f 3587/2838/13913 3588/2839/13914 3600/2852/13915 3599/2851/13916 
f 3588/2839/13917 3589/2840/13918 3601/2853/13919 3600/2852/13920 
f 3589/2840/13921 3590/2841/13922 3602/2854/13923 3601/2853/13924 
f 3590/2841/13925 3591/2842/13926 3603/2855/13927 3602/2854/13928 
f 3591/2844/13929 3592/2843/13930 3604/2856/13931 3603/2857/13932 
f 3592/2843/13933 3593/2845/13934 3605/2858/13935 3604/2856/13936 
f 3593/2845/13937 3594/2846/13938 3606/2859/13939 3605/2858/13940 
f 3594/2846/13941 3595/2847/13942 3607/2860/13943 3606/2859/13944 
f 3595/2847/13945 3596/2848/13946 3608/2861/13947 3607/2860/13948 
f 3596/2848/13949 3585/2837/13950 3597/2850/13951 3608/2861/13952 
f 3597/2850/13953 3598/2849/13954 3610/2862/13955 3609/2863/13956 
f 3598/2849/13957 3599/2851/13958 3611/2864/13959 3610/2862/13960 
f 3599/2851/13961 3600/2852/13962 3612/2865/13963 3611/2864/13964 
f 3600/2852/13965 3601/2853/13966 3613/2866/13967 3612/2865/13968 
f 3601/2853/13969 3602/2854/13970 3614/2867/13971 3613/2866/13972 
f 3602/2854/13973 3603/2855/13974 3615/2868/13975 3614/2867/13976 
f 3603/2857/13977 3604/2856/13978 3616/2869/13979 3615/2870/13980 
f 3604/2856/13981 3605/2858/13982 3617/2871/13983 3616/2869/13984 
f 3605/2858/13985 3606/2859/13986 3618/2872/13987 3617/2871/13988 
f 3606/2859/13989 3607/2860/13990 3619/2873/13991 3618/2872/13992 
f 3607/2860/13993 3608/2861/13994 3620/2874/13995 3619/2873/13996 
f 3608/2861/13997 3597/2850/13998 3609/2863/13999 3620/2874/14000 
f 3609/2863/14001 3610/2862/14002 3622/2875/14003 3621/2876/14004 
f 3610/2862/14005 3611/2864/14006 3623/2877/14007 3622/2875/14008 
f 3611/2864/14009 3612/2865/14010 3624/2878/14011 3623/2877/14012 
f 3612/2865/14013 3613/2866/14014 3625/2879/14015 3624/2878/14016 
f 3613/2866/14017 3614/2867/14018 3626/2880/14019 3625/2879/14020 
f 3614/2867/14021 3615/2868/14022 3627/2881/14023 3626/2880/14024 
f 3615/2870/14025 3616/2869/14026 3628/2882/14027 3627/2883/14028 
f 3616/2869/14029 3617/2871/14030 3629/2884/14031 3628/2882/14032 
f 3617/2871/14033 3618/2872/14034 3630/2885/14035 3629/2884/14036 
f 3618/2872/14037 3619/2873/14038 3631/2886/14039 3630/2885/14040 
f 3619/2873/14041 3620/2874/14042 3632/2887/14043 3631/2886/14044 
f 3620/2874/14045 3609/2863/14046 3621/2876/14047 3632/2887/14048 
f 3621/2876/14049 3622/2875/14050 3634/2888/14051 3633/2889/14052 
f 3622/2875/14053 3623/2877/14054 3635/2890/14055 3634/2888/14056 
f 3623/2877/14057 3624/2878/14058 3636/2891/14059 3635/2890/14060 
f 3624/2878/14061 3625/2879/14062 3637/2892/14063 3636/2891/14064 
f 3625/2879/14065 3626/2880/14066 3638/2893/14067 3637/2892/14068 
f 3626/2880/14069 3627/2881/14070 3639/2894/14071 3638/2893/14072 
f 3627/2883/14073 3628/2882/14074 3640/2895/14075 3639/2896/14076 
f 3628/2882/14077 3629/2884/14078 3641/2897/14079 3640/2895/14080 
f 3629/2884/14081 3630/2885/14082 3642/2898/14083 3641/2897/14084 
f 3630/2885/14085 3631/2886/14086 3643/2899/14087 3642/2898/14088 
f 3631/2886/14089 3632/2887/14090 3644/2900/14091 3643/2899/14092 
f 3632/2887/14093 3621/2876/14094 3633/2889/14095 3644/2900/14096 
f 3633/2889/14097 3634/2888/14098 3646/2901/14099 3645/2902/14100 
f 3634/2888/14101 3635/2890/14102 3647/2903/14103 3646/2901/14104 
f 3635/2890/14105 3636/2891/14106 3648/2904/14107 3647/2903/14108 
f 3636/2891/14109 3637/2892/14110 3649/2905/14111 3648/2904/14112 
f 3637/2892/14113 3638/2893/14114 3650/2906/14115 3649/2905/14116 
f 3638/2893/14117 3639/2894/14118 3651/2907/14119 3650/2906/14120 
f 3639/2896/14121 3640/2895/14122 3652/2908/14123 3651/2909/14124 
f 3640/2895/14125 3641/2897/14126 3653/2910/14127 3652/2908/14128 
f 3641/2897/14129 3642/2898/14130 3654/2911/14131 3653/2910/14132 
f 3642/2898/14133 3643/2899/14134 3655/2912/14135 3654/2911/14136 
f 3643/2899/14137 3644/2900/14138 3656/2913/14139 3655/2912/14140 
f 3644/2900/14141 3633/2889/14142 3645/2902/14143 3656/2913/14144 
f 3645/2902/14145 3646/2901/14146 3658/2914/14147 3657/2915/14148 
f 3646/2901/14149 3647/2903/14150 3659/2916/14151 3658/2914/14152 
f 3647/2903/14153 3648/2904/14154 3660/2917/14155 3659/2916/14156 
f 3648/2904/14157 3649/2905/14158 3661/2918/14159 3660/2917/14160 
f 3649/2905/14161 3650/2906/14162 3662/2919/14163 3661/2918/14164 
f 3650/2906/14165 3651/2907/14166 3663/2920/14167 3662/2919/14168 
f 3651/2909/14169 3652/2908/14170 3664/2921/14171 3663/2922/14172 
f 3652/2908/14173 3653/2910/14174 3665/2923/14175 3664/2921/14176 
f 3653/2910/14177 3654/2911/14178 3666/2924/14179 3665/2923/14180 
f 3654/2911/14181 3655/2912/14182 3667/2925/14183 3666/2924/14184 
f 3655/2912/14185 3656/2913/14186 3668/2926/14187 3667/2925/14188 
f 3656/2913/14189 3645/2902/14190 3657/2915/14191 3668/2926/14192 
f 3657/2915/14193 3658/2914/14194 3670/2927/14195 3669/2928/14196 
f 3658/2914/14197 3659/2916/14198 3671/2929/14199 3670/2927/14200 
f 3659/2916/14201 3660/2917/14202 3672/2930/14203 3671/2929/14204 
f 3660/2917/14205 3661/2918/14206 3673/2931/14207 3672/2930/14208 
f 3661/2918/14209 3662/2919/14210 3674/2932/14211 3673/2931/14212 
f 3662/2919/14213 3663/2920/14214 3675/2933/14215 3674/2932/14216 
f 3663/2922/14217 3664/2921/14218 3676/2934/14219 3675/2935/14220 
f 3664/2921/14221 3665/2923/14222 3677/2936/14223 3676/2934/14224 
f 3665/2923/14225 3666/2924/14226 3678/2937/14227 3677/2936/14228 
f 3666/2924/14229 3667/2925/14230 3679/2938/14231 3678/2937/14232 
f 3667/2925/14233 3668/2926/14234 3680/2939/14235 3679/2938/14236 
f 3668/2926/14237 3657/2915/14238 3669/2928/14239 3680/2939/14240 
f 3669/2928/14241 3670/2927/14242 3682/2940/14243 3681/2941/14244 
f 3670/2927/14245 3671/2929/14246 3683/2942/14247 3682/2940/14248 
f 3671/2929/14249 3672/2930/14250 3684/2943/14251 3683/2942/14252 
f 3672/2930/14253 3673/2931/14254 3685/2944/14255 3684/2943/14256 
f 3673/2931/14257 3674/2932/14258 3686/2945/14259 3685/2944/14260 
f 3674/2932/14261 3675/2933/14262 3687/2946/14263 3686/2945/14264 
f 3675/2935/14265 3676/2934/14266 3688/2947/14267 3687/2948/14268 
f 3676/2934/14269 3677/2936/14270 3689/2949/14271 3688/2947/14272 
f 3677/2936/14273 3678/2937/14274 3690/2950/14275 3689/2949/14276 
f 3678/2937/14277 3679/2938/14278 3691/2951/14279 3690/2950/14280 
f 3679/2938/14281 3680/2939/14282 3692/2952/14283 3691/2951/14284 
f 3680/2939/14285 3669/2928/14286 3681/2941/14287 3692/2952/14288 
f 3681/2941/14289 3682/2940/14290 3694/2953/14291 3693/2954/14292 
f 3682/2940/14293 3683/2942/14294 3695/2955/14295 3694/2953/14296 
f 3683/2942/14297 3684/2943/14298 3696/2956/14299 3695/2955/14300 
f 3684/2943/14301 3685/2944/14302 3697/2957/14303 3696/2956/14304 
f 3685/2944/14305 3686/2945/14306 3698/2958/14307 3697/2957/14308 
f 3686/2945/14309 3687/2946/14310 3699/2959/14311 3698/2958/14312 
f 3687/2948/14313 3688/2947/14314 3700/2960/14315 3699/2961/14316 
f 3688/2947/14317 3689/2949/14318 3701/2962/14319 3700/2960/14320 
f 3689/2949/14321 3690/2950/14322 3702/2963/14323 3701/2962/14324 
f 3690/2950/14325 3691/2951/14326 3703/2964/14327 3702/2963/14328 
f 3691/2951/14329 3692/2952/14330 3704/2965/14331 3703/2964/14332 
f 3692/2952/14333 3681/2941/14334 3693/2954/14335 3704/2965/14336 
f 3693/2954/14337 3694/2953/14338 3358/2590/14339 3357/2589/14340 
f 3694/2953/14341 3695/2955/14342 3359/2593/14343 3358/2590/14344 
f 3695/2955/14345 3696/2956/14346 3360/2595/14347 3359/2593/14348 
f 3696/2956/14349 3697/2957/14350 3361/2597/14351 3360/2595/14352 
f 3697/2957/14353 3698/2958/14354 3362/2599/14355 3361/2597/14356 
f 3698/2958/14357 3699/2959/14358 3363/2601/14359 3362/2599/14360 
f 3699/2961/14361 3700/2960/14362 3364/2604/14363 3363/2603/14364 
f 3700/2960/14365 3701/2962/14366 3365/2607/14367 3364/2604/14368 
f 3701/2962/14369 3702/2963/14370 3366/2609/14371 3365/2607/14372 
f 3702/2963/14373 3703/2964/14374 3367/2611/14375 3366/2609/14376 
f 3703/2964/14377 3704/2965/14378 3368/2613/14379 3367/2611/14380 
f 3704/2965/14381 3693/2954/14382 3357/2589/14383 3368/2613/14384 
s 2
f 3706/3802/14385 3715/3803/14386 3716/3804/14387 3705/3805/14388 
f 3718/3806/14389 3721/3807/14390 3722/3808/14391 3717/3809/14392 
f 3730/2966/14393 3731/2967/14394 3732/2968/14395 3729/2969/14396 
f 3742/2970/14397 3751/2971/14398 3752/2972/14399 3741/2973/14400 
s 1
f 3177/3608/14401 3178/3607/14402 3706/3810/14403 3705/3811/14404 
f 3178/3607/14405 3179/3609/14406 3707/3812/14407 3706/3810/14408 
f 3179/3609/14409 3180/3610/14410 3708/3813/14411 3707/3812/14412 
f 3180/3610/14413 3181/3611/14414 3709/3814/14415 3708/3813/14416 
f 3181/3611/14417 3182/3612/14418 3710/3815/14419 3709/3814/14420 
f 3182/3612/14421 3183/3613/14422 3711/3816/14423 3710/3815/14424 
f 3183/3615/14425 3184/3614/14426 3712/3817/14427 3711/3818/14428 
f 3184/3614/14429 3185/3616/14430 3713/3819/14431 3712/3817/14432 
f 3185/3616/14433 3186/3617/14434 3714/3820/14435 3713/3819/14436 
f 3186/3617/14437 3187/3618/14438 3715/3821/14439 3714/3820/14440 
f 3187/3618/14441 3188/3619/14442 3716/3822/14443 3715/3821/14444 
f 3188/3619/14445 3177/3608/14446 3705/3811/14447 3716/3822/14448 
f 3190/3621/14449 3189/3620/14450 3718/3823/14451 3717/3824/14452 
f 3189/3620/14453 3200/3644/14454 3719/3825/14455 3718/3823/14456 
f 3200/3644/14457 3199/3642/14458 3720/3826/14459 3719/3825/14460 
f 3199/3642/14461 3198/3640/14462 3721/3827/14463 3720/3826/14464 
f 3198/3640/14465 3197/3638/14466 3722/3828/14467 3721/3827/14468 
f 3197/3638/14469 3196/3635/14470 3723/3829/14471 3722/3828/14472 
f 3196/3635/14473 3195/3634/14474 3724/3830/14475 3723/3829/14476 
f 3195/3632/14477 3194/3630/14478 3725/3831/14479 3724/3832/14480 
f 3194/3630/14481 3193/3628/14482 3726/3833/14483 3725/3831/14484 
f 3193/3628/14485 3192/3626/14486 3727/3834/14487 3726/3833/14488 
f 3192/3626/14489 3191/3624/14490 3728/3835/14491 3727/3834/14492 
f 3191/3624/14493 3190/3621/14494 3717/3824/14495 3728/3835/14496 
f 3525/2772/14497 3526/2771/14498 3730/2974/14499 3729/2975/14500 
f 3526/2771/14501 3527/2773/14502 3731/2976/14503 3730/2974/14504 
f 3527/2773/14505 3528/2774/14506 3732/2977/14507 3731/2976/14508 
f 3528/2774/14509 3529/2775/14510 3733/2978/14511 3732/2977/14512 
f 3529/2775/14513 3530/2776/14514 3734/3369/14515 3733/2978/14516 
f 3530/2776/14517 3531/2777/14518 3735/3370/14519 3734/3369/14520 
f 3531/2779/14521 3532/2778/14522 3736/3371/14523 3735/3372/14524 
f 3532/2778/14525 3533/2780/14526 3737/3373/14527 3736/3371/14528 
f 3533/2780/14529 3534/2781/14530 3738/3374/14531 3737/3373/14532 
f 3534/2781/14533 3535/2782/14534 3739/3375/14535 3738/3374/14536 
f 3535/2782/14537 3536/2783/14538 3740/3376/14539 3739/3375/14540 
f 3536/2783/14541 3525/2772/14542 3729/2975/14543 3740/3376/14544 
f 3538/2785/14545 3537/2784/14546 3742/3377/14547 3741/3378/14548 
f 3537/2784/14549 3548/2808/14550 3743/3379/14551 3742/3377/14552 
f 3548/2808/14553 3547/2806/14554 3744/3380/14555 3743/3379/14556 
f 3547/2806/14557 3546/2804/14558 3745/3381/14559 3744/3380/14560 
f 3546/2804/14561 3545/2802/14562 3746/3382/14563 3745/3381/14564 
f 3545/2802/14565 3544/2799/14566 3747/3383/14567 3746/3382/14568 
f 3544/2799/14569 3543/2798/14570 3748/3384/14571 3747/3383/14572 
f 3543/2796/14573 3542/2794/14574 3749/3385/14575 3748/3386/14576 
f 3542/2794/14577 3541/2792/14578 3750/3387/14579 3749/3385/14580 
f 3541/2792/14581 3540/2790/14582 3751/3388/14583 3750/3387/14584 
f 3540/2790/14585 3539/2788/14586 3752/3389/14587 3751/3388/14588 
f 3539/2788/14589 3538/2785/14590 3741/3378/14591 3752/3389/14592 
s 2
f 755/820/14593 756/3880/14594 763/3888/14595 764/821/14596 
f 756/3880/14597 757/3881/14598 762/3887/14599 763/3888/14600 
f 757/3881/14601 758/3882/14602 761/3886/14603 762/3887/14604 
f 758/3882/14605 759/3884/14606 760/3885/14607 761/3886/14608 
f 730/4230/14609 731/4263/14610 738/4264/14611 739/4231/14612 
f 731/4263/14613 732/4265/14614 737/4266/14615 738/4264/14616 
f 732/4265/14617 733/4267/14618 736/4268/14619 737/4266/14620 
f 733/4267/14621 734/4269/14622 735/4270/14623 736/4268/14624 
f 1499/459/14625 1500/882/14626 1507/883/14627 1508/460/14628 
f 1474/1685/14629 1475/1742/14630 1482/1743/14631 1483/1686/14632 
f 1500/882/14633 1501/884/14634 1506/909/14635 1507/883/14636 
f 1475/1742/14637 1476/1744/14638 1481/1749/14639 1482/1743/14640 
f 1501/884/14641 1502/910/14642 1505/911/14643 1506/909/14644 
f 1476/1744/14645 1477/1750/14646 1480/1751/14647 1481/1749/14648 
f 1502/910/14649 1503/912/14650 1504/4279/14651 1505/911/14652 
f 1477/1750/14653 1478/1752/14654 1479/4288/14655 1480/1751/14656 
f 2218/2521/14657 2219/2578/14658 2226/2579/14659 2227/2522/14660 
f 2243/1295/14661 2244/1718/14662 2251/1719/14663 2252/1296/14664 
f 2219/2578/14665 2220/2580/14666 2225/2585/14667 2226/2579/14668 
f 2244/1718/14669 2245/1720/14670 2250/1745/14671 2251/1719/14672 
f 2220/2580/14673 2221/2586/14674 2224/2587/14675 2225/2585/14676 
f 2245/1720/14677 2246/1746/14678 2249/1747/14679 2250/1745/14680 
f 2221/2586/14681 2222/2588/14682 2223/4306/14683 2224/2587/14684 
f 2246/1746/14685 2247/1748/14686 2248/4297/14687 2249/1747/14688 
f 2962/3357/14689 2963/3414/14690 2970/3415/14691 2971/3358/14692 
f 2987/2131/14693 2988/2554/14694 2995/2555/14695 2996/2132/14696 
f 2963/3414/14697 2964/3416/14698 2969/3421/14699 2970/3415/14700 
f 2988/2554/14701 2989/2556/14702 2994/2581/14703 2995/2555/14704 
f 2964/3416/14705 2965/3422/14706 2968/3423/14707 2969/3421/14708 
f 2989/2556/14709 2990/2582/14710 2993/2583/14711 2994/2581/14712 
f 2965/3422/14713 2966/3424/14714 2967/4324/14715 2968/3423/14716 
f 2990/2582/14717 2991/2584/14718 2992/4315/14719 2993/2583/14720 
f 3706/3803/14721 3707/3836/14722 3714/3837/14723 3715/3804/14724 
f 3732/2967/14725 3733/3390/14726 3740/3391/14727 3729/2968/14728 
f 3707/3836/14729 3708/3838/14730 3713/3839/14731 3714/3837/14732 
f 3733/3390/14733 3734/3392/14734 3739/3417/14735 3740/3391/14736 
f 3708/3838/14737 3709/3840/14738 3712/3841/14739 3713/3839/14740 
f 3734/3392/14741 3735/3418/14742 3738/3419/14743 3739/3417/14744 
f 3709/3840/14745 3710/3842/14746 3711/4342/14747 3712/3841/14748 
f 3735/3418/14749 3736/3420/14750 3737/4333/14751 3738/3419/14752 
f 3718/3806/14753 3719/4343/14754 3720/4344/14755 3721/3807/14756 
f 3742/2970/14757 3743/4334/14758 3750/4335/14759 3751/2971/14760 
f 3722/4343/14761 3723/4345/14762 3728/4346/14763 3717/4344/14764 
f 3743/4334/14765 3744/4336/14766 3749/4337/14767 3750/4335/14768 
f 3723/4345/14769 3724/4347/14770 3727/4348/14771 3728/4346/14772 
f 3744/4336/14773 3745/4338/14774 3748/4339/14775 3749/4337/14776 
f 3724/4347/14777 3725/4349/14778 3726/4350/14779 3727/4348/14780 
f 3745/4338/14781 3746/4340/14782 3747/4341/14783 3748/4339/14784 
f 2976/3360/14785 2977/4325/14786 2984/4326/14787 2973/3361/14788 
f 2998/2134/14789 2999/4316/14790 3006/4317/14791 3007/2135/14792 
f 2977/4325/14793 2978/4327/14794 2983/4328/14795 2984/4326/14796 
f 2999/4316/14797 3000/4318/14798 3005/4319/14799 3006/4317/14800 
f 2978/4327/14801 2979/4329/14802 2982/4330/14803 2983/4328/14804 
f 3000/4318/14805 3001/4320/14806 3004/4321/14807 3005/4319/14808 
f 2979/4329/14809 2980/4331/14810 2981/4332/14811 2982/4330/14812 
f 3001/4320/14813 3002/4322/14814 3003/4323/14815 3004/4321/14816 
f 2230/2524/14817 2231/4307/14818 2232/4308/14819 2233/2525/14820 
f 2254/1298/14821 2255/4298/14822 2262/4299/14823 2263/1299/14824 
f 2234/4307/14825 2235/4309/14826 2240/4310/14827 2229/4308/14828 
f 2255/4298/14829 2256/4300/14830 2261/4301/14831 2262/4299/14832 
f 2235/4309/14833 2236/4311/14834 2239/4312/14835 2240/4310/14836 
f 2256/4300/14837 2257/4302/14838 2260/4303/14839 2261/4301/14840 
f 2236/4311/14841 2237/4313/14842 2238/4314/14843 2239/4312/14844 
f 2257/4302/14845 2258/4304/14846 2259/4305/14847 2260/4303/14848 
f 1486/1688/14849 1487/4289/14850 1488/4290/14851 1489/1689/14852 
f 1510/462/14853 1511/4280/14854 1518/4281/14855 1519/463/14856 
f 1490/4289/14857 1491/4291/14858 1496/4292/14859 1485/4290/14860 
f 1511/4280/14861 1512/4282/14862 1517/4283/14863 1518/4281/14864 
f 1491/4291/14865 1492/4293/14866 1495/4294/14867 1496/4292/14868 
f 1512/4282/14869 1513/4284/14870 1516/4285/14871 1517/4283/14872 
f 1492/4293/14873 1493/4295/14874 1494/4296/14875 1495/4294/14876 
f 1513/4284/14877 1514/4286/14878 1515/4287/14879 1516/4285/14880 
f 742/4233/14881 743/4271/14882 744/4272/14883 745/4234/14884 
f 766/823/14885 767/3889/14886 774/3897/14887 775/824/14888 
f 746/4271/14889 747/4273/14890 752/4274/14891 741/4272/14892 
f 767/3889/14893 768/3890/14894 773/3896/14895 774/3897/14896 
f 747/4273/14897 748/4275/14898 751/4276/14899 752/4274/14900 
f 768/3890/14901 769/3891/14902 772/3895/14903 773/3896/14904 
f 769/3891/14905 770/3892/14906 771/3893/14907 772/3895/14908 
f 748/4275/14909 749/4277/14910 750/4278/14911 751/4276/14912 
# 3728 polygons

